problem_id,title,difficulty,acceptance_percent,leetcode_url,primary_family,subfamily,canonical_reduction,primary_primitives,proof_style,approach_kind,series_or_ladder,practice_priority,notes_traps,classification_confidence
11,Container With Most Water,Medium,60.0,https://leetcode.com/problems/container-with-most-water/,Two-pointer geometry greedy,Container/max area,Move the smaller wall because the larger wall cannot compensate for shrinking width on that side.,pair extremes; dominance skip; two pointers,dominance / contradiction,pure greedy + two pointers,Container / two-pointer area,High,Do not move the taller side first; it cannot improve area with reduced width.,manual-high
44,Wildcard Matching,Hard,31.9,https://leetcode.com/problems/wildcard-matching/,DP boundary / wildcard matching,Wildcard automaton,"Greedy star backtracking works for wildcard matching, but canonical reasoning is DP/automaton fallback.",star checkpoint; backtrack to last star; two pointers,stays-ahead with fallback / DP boundary,greedy + backtracking or DP,Wildcard/string matching,Medium,This is not a normal local greedy; the star checkpoint is the key state.,manual-high
45,Jump Game II,Medium,42.8,https://leetcode.com/problems/jump-game-ii/,Jump / reachability frontier,Minimum jumps,Scan current BFS-like layer and commit a jump when the current frontier ends.,reachable frontier; farthest next frontier; layer boundary,stays-ahead,pure greedy,Jump Game,Very High,Separate current_end from farthest; increment jumps only at boundary.,manual-high
55,Jump Game,Medium,40.8,https://leetcode.com/problems/jump-game/,Jump / reachability frontier,Reachability,Maintain farthest reachable index; fail if index exceeds frontier.,reachable frontier; monotone max reach,stays-ahead,pure greedy,Jump Game,Very High,"Greedy is feasibility, not path construction.",manual-high
122,Best Time to Buy and Sell Stock II,Medium,71.0,https://leetcode.com/problems/best-time-to-buy-and-sell-stock-ii/,Stock / transaction greedy-DP boundary,Unlimited transactions,Sum all positive adjacent gains; every increasing run can be decomposed into daily profits.,positive delta accumulation; local valley-peak compression,exchange / decomposition,pure greedy,Stock,Very High,Greedy works only for unlimited transactions without cooldown or k cap.,manual-high
134,Gas Station,Medium,47.9,https://leetcode.com/problems/gas-station/,Resource surplus / circular feasibility,Gas station,"If total surplus is nonnegative, reset start after every negative prefix.",running surplus; reset candidate start; total feasibility,prefix deficit / stays-ahead,pure greedy,Gas station / circular surplus,Very High,A failed prefix proves no station inside that segment can start.,manual-high
135,Candy,Hard,48.4,https://leetcode.com/problems/candy/,Two-pass local constraint repair,Candy distribution,"Satisfy left-neighbor constraint, then right-neighbor constraint, combine by max.",prefix repair; suffix repair; local inequality constraints,local constraint dominance,greedy + two passes,Candy / local constraints,High,One pass misses opposite slope constraints.,manual-high
179,Largest Number,Medium,43.0,https://leetcode.com/problems/largest-number/,Comparator sorting greedy,Largest concatenated number,Sort strings by pairwise concatenation order a+b vs b+a.,custom comparator; sorted commit order,exchange argument,sorting greedy,Lexicographic / ordering,High,Numeric sort is wrong; comparator must compare concatenations.,manual-high
253,Meeting Rooms II,Medium,52.7,https://leetcode.com/problems/meeting-rooms-ii/,Interval heap / active set,Meeting Rooms II,Sort by start; min-heap active end times counts concurrent rooms.,sort by start; active intervals min-heap,sweep-line invariant,greedy + heap,Interval,High,"Different from interval scheduling; this counts overlaps, not max non-overlap.",manual-high
280,Wiggle Sort,Medium,68.4,https://leetcode.com/problems/wiggle-sort/,Sorting / choice greedy,General greedy ordering,Sort or scan candidates and apply a locally safe choice/dominance rule.,sorted candidate stream; local safe choice; dominance skip,exchange / dominance,pure greedy or sorting greedy,,Medium,Review exact statement; this row is inferred from title.,heuristic
316,Remove Duplicate Letters,Medium,53.2,https://leetcode.com/problems/remove-duplicate-letters/,Lexicographic monotonic stack,Remove duplicate letters,Maintain smallest stack while preserving ability to include every needed char.,monotonic stack; remaining count; used set,exchange / feasibility preservation,greedy + monotonic stack,Lexicographic deletion,Very High,Pop only if the popped character appears later.,manual-high
321,Create Maximum Number,Hard,35.4,https://leetcode.com/problems/create-maximum-number/,Lexicographic monotonic stack,Create maximum number,"Pick max subsequence from each array, then lexicographically merge.",monotonic subsequence; split enumeration; lexicographic merge,exchange + exhaustive split,greedy + enumeration,Lexicographic deletion,High,Hard part is lexicographic suffix comparison during merge.,manual-high
324,Wiggle Sort II,Medium,37.4,https://leetcode.com/problems/wiggle-sort-ii/,Sorting / choice greedy,General greedy ordering,Sort or scan candidates and apply a locally safe choice/dominance rule.,sorted candidate stream; local safe choice; dominance skip,exchange / dominance,pure greedy or sorting greedy,,Medium,Review exact statement; this row is inferred from title.,heuristic
330,Patching Array,Hard,54.3,https://leetcode.com/problems/patching-array/,Coverage / patching,Patching array,"Maintain [1, miss) coverage; if next num <= miss extend, else patch miss.",coverage frontier; smallest missing positive; extend range,stays-ahead,pure greedy,Coverage / patching,Very High,Core invariant: all sums below miss are already constructible.,manual-high
334,Increasing Triplet Subsequence,Medium,39.4,https://leetcode.com/problems/increasing-triplet-subsequence/,Array transformation / partition greedy,"Prefix/suffix repair, partitioning, or subsequence choice","Scan with prefix/suffix state, repair violations, or greedily partition when invariant boundary is met.",prefix/suffix state; local repair; partition boundary; monotonic subsequence,stays-ahead / exchange / local feasibility,greedy or greedy-DP boundary,Array partition/transformation,Medium,Review exact statement; this row is inferred from title.,heuristic
358,Rearrange String k Distance Apart,Hard,40.0,https://leetcode.com/problems/rearrange-string-k-distance-apart/,Frequency scheduling / cooldown,Rearrange string k distance apart,Always use highest-frequency currently available char while respecting cooldown.,max-heap; cooldown queue; frequency counts,exchange / availability,greedy + heap,Task scheduling / cooldown,High,Need cooldown release timing; just sorting frequencies is insufficient.,manual-high
376,Wiggle Subsequence,Medium,49.4,https://leetcode.com/problems/wiggle-subsequence/,Array transformation / partition greedy,"Prefix/suffix repair, partitioning, or subsequence choice","Scan with prefix/suffix state, repair violations, or greedily partition when invariant boundary is met.",prefix/suffix state; local repair; partition boundary; monotonic subsequence,stays-ahead / exchange / local feasibility,greedy or greedy-DP boundary,Array partition/transformation,Medium,Review exact statement; this row is inferred from title.,heuristic
397,Integer Replacement,Medium,37.5,https://leetcode.com/problems/integer-replacement/,Sorting / choice greedy,General greedy ordering,Sort or scan candidates and apply a locally safe choice/dominance rule.,sorted candidate stream; local safe choice; dominance skip,exchange / dominance,pure greedy or sorting greedy / DP-boundary,Greedy-DP boundary,Medium,Review exact statement; this row is inferred from title. Greedy tag may be misleading; compare against DP/game formulation.,heuristic
402,Remove K Digits,Medium,36.8,https://leetcode.com/problems/remove-k-digits/,Lexicographic monotonic stack,Remove K Digits,Delete previous larger digit when a smaller digit arrives while deletions remain.,monotonic increasing stack; deletion budget,exchange argument,greedy + monotonic stack,Lexicographic deletion,Very High,Strip leading zeros; if k remains delete suffix.,manual-high
409,Longest Palindrome,Easy,56.0,https://leetcode.com/problems/longest-palindrome/,Palindrome construction / counting,"Use counts, center choice, or two-pointer repair",Use frequency parity or symmetric two-pointer operations to maximize/minimize palindrome construction.,frequency counts; parity invariant; pair from extremes; center choice,parity invariant / exchange,counting greedy or two-pointer greedy,Palindrome,Low,Review exact statement; this row is inferred from title.,heuristic
410,Split Array Largest Sum,Hard,60.4,https://leetcode.com/problems/split-array-largest-sum/,Binary search + greedy feasibility,Split array largest sum,Binary search max bucket sum; greedily count required subarrays.,feasibility predicate; partition count; monotone answer,feasibility monotonicity,binary search + greedy,Partition / binary search,High,Optimization is not pure greedy; greedy is only the check.,manual-high
420,Strong Password Checker,Hard,15.8,https://leetcode.com/problems/strong-password-checker/,Frequency / counting / string construction,"Counts, buckets, cooldown, or repeat limits",Use counts to construct a feasible/maximal object while preserving future availability.,frequency map; bucket ordering; cooldown; repeat-limit breaker; remaining demand,exchange / feasibility preservation,greedy + counting/heap / DP-boundary,Frequency/String,High,Review exact statement; this row is inferred from title. Greedy tag may be misleading; compare against DP/game formulation.,heuristic
435,Non-overlapping Intervals,Medium,57.1,https://leetcode.com/problems/non-overlapping-intervals/,Interval scheduling,Erase overlaps,Sort by end; keep earliest-ending compatible interval.,sort by end; last_end; count conflicts,exchange argument,pure greedy,Interval,Very High,Sorting by start is a common wrong solution.,manual-high
452,Minimum Number of Arrows to Burst Balloons,Medium,61.4,https://leetcode.com/problems/minimum-number-of-arrows-to-burst-balloons/,Interval stabbing,Arrows to burst balloons,Sort by end; shoot at current end; consume all intervals containing it.,sort by end; stabbing point; last_arrow,exchange argument,pure greedy,Interval,Very High,Closed interval boundary matters.,manual-high
455,Assign Cookies,Easy,54.9,https://leetcode.com/problems/assign-cookies/,Pairing / matching,Assign cookies,Give smallest sufficient cookie to least-greedy child.,sort both; smallest sufficient resource; two pointers,exchange argument,pure greedy,Pairing / matching,Very High,Do not waste large cookies on small demands if small cookies fit.,manual-high
484,Find Permutation,Medium,66.9,https://leetcode.com/problems/find-permutation/,Lexicographic / monotonic construction,"Smallest/largest string, number, or subsequence","Use monotonic stack, comparator sorting, or constructive scan to preserve feasibility while improving lexicographic order.",monotonic stack; remaining counts; used set; comparator sorting; deletion budget,exchange + feasibility preservation,greedy + monotonic stack / sorting,Lexicographic Greedy,Medium,Review exact statement; this row is inferred from title.,heuristic
502,IPO,Hard,53.5,https://leetcode.com/problems/ipo/,Heap greedy / capital unlocking,IPO,Sort projects by capital; max-heap profits among currently affordable projects.,available candidates heap; unlock by resource; choose max gain,deferred greedy,greedy + heap,Heap-greedy,Very High,Heap represents all choices that are safe now; unavailable projects wait.,manual-high
517,Super Washing Machines,Hard,44.3,https://leetcode.com/problems/super-washing-machines/,Sorting / choice greedy,General greedy ordering,Sort or scan candidates and apply a locally safe choice/dominance rule.,sorted candidate stream; local safe choice; dominance skip,exchange / dominance,pure greedy or sorting greedy / DP-boundary,Greedy-DP boundary,High,Review exact statement; this row is inferred from title. Greedy tag may be misleading; compare against DP/game formulation.,heuristic
527,Word Abbreviation,Hard,62.7,https://leetcode.com/problems/word-abbreviation/,Frequency / counting / string construction,"Counts, buckets, cooldown, or repeat limits",Use counts to construct a feasible/maximal object while preserving future availability.,frequency map; bucket ordering; cooldown; repeat-limit breaker; remaining demand,exchange / feasibility preservation,greedy + counting/heap / DP-boundary,Frequency/String,High,Review exact statement; this row is inferred from title. Greedy tag may be misleading; compare against DP/game formulation.,heuristic
555,Split Concatenated Strings,Medium,43.6,https://leetcode.com/problems/split-concatenated-strings/,Lexicographic / monotonic construction,"Smallest/largest string, number, or subsequence","Use monotonic stack, comparator sorting, or constructive scan to preserve feasibility while improving lexicographic order.",monotonic stack; remaining counts; used set; comparator sorting; deletion budget,exchange + feasibility preservation,greedy + monotonic stack / sorting,Lexicographic Greedy,Medium,Review exact statement; this row is inferred from title.,heuristic
561,Array Partition,Easy,81.7,https://leetcode.com/problems/array-partition/,Pairing / matching / delta sorting,"Pair extremes, smallest sufficient match, or opportunity-cost sorting","Sort both sides; match smallest sufficient resource, pair extremes, or choose top deltas.",two pointers; pair extremes; smallest sufficient resource; delta sorting,exchange argument,pure greedy + sorting/two pointers,Pairing / matching,Low,Review exact statement; this row is inferred from title.,heuristic
581,Shortest Unsorted Continuous Subarray,Medium,38.2,https://leetcode.com/problems/shortest-unsorted-continuous-subarray/,Array transformation / partition greedy,"Prefix/suffix repair, partitioning, or subsequence choice","Scan with prefix/suffix state, repair violations, or greedily partition when invariant boundary is met.",prefix/suffix state; local repair; partition boundary; monotonic subsequence,stays-ahead / exchange / local feasibility,greedy or greedy-DP boundary,Array partition/transformation,Medium,Review exact statement; this row is inferred from title.,heuristic
605,Can Place Flowers,Easy,29.1,https://leetcode.com/problems/can-place-flowers/,Sorting / choice greedy,General greedy ordering,Sort or scan candidates and apply a locally safe choice/dominance rule.,sorted candidate stream; local safe choice; dominance skip,exchange / dominance,pure greedy or sorting greedy,,Low,Review exact statement; this row is inferred from title.,heuristic
611,Valid Triangle Number,Medium,56.9,https://leetcode.com/problems/valid-triangle-number/,Pairing / matching / delta sorting,"Pair extremes, smallest sufficient match, or opportunity-cost sorting","Sort both sides; match smallest sufficient resource, pair extremes, or choose top deltas.",two pointers; pair extremes; smallest sufficient resource; delta sorting,exchange argument,pure greedy + sorting/two pointers,Pairing / matching,Medium,Review exact statement; this row is inferred from title.,heuristic
621,Task Scheduler,Medium,63.0,https://leetcode.com/problems/task-scheduler/,Interval / coverage / scheduling,"Intervals, deadlines, coverage, or active-set scheduling","Sort by endpoint/start/deadline, then keep earliest finish, expand coverage, or use an active heap.",sort by endpoint; coverage frontier; active interval heap; deadline first,exchange / stays-ahead / sweep invariant,"greedy, greedy + heap, or binary search + greedy",Interval / scheduling / coverage,Medium,Review exact statement; this row is inferred from title.,heuristic
624,Maximum Distance in Arrays,Medium,45.6,https://leetcode.com/problems/maximum-distance-in-arrays/,Array transformation / partition greedy,"Prefix/suffix repair, partitioning, or subsequence choice","Scan with prefix/suffix state, repair violations, or greedily partition when invariant boundary is met.",prefix/suffix state; local repair; partition boundary; monotonic subsequence,stays-ahead / exchange / local feasibility,greedy or greedy-DP boundary,Array partition/transformation,Medium,Review exact statement; this row is inferred from title.,heuristic
625,Minimum Factorization,Medium,34.0,https://leetcode.com/problems/minimum-factorization/,Sorting / choice greedy,General greedy ordering,Sort or scan candidates and apply a locally safe choice/dominance rule.,sorted candidate stream; local safe choice; dominance skip,exchange / dominance,pure greedy or sorting greedy,,Medium,Review exact statement; this row is inferred from title.,heuristic
630,Course Schedule III,Hard,41.7,https://leetcode.com/problems/course-schedule-iii/,Replacement heap scheduling,Course Schedule III,Process by deadline; keep chosen durations; replace longest if over deadline.,sort by deadline; max-heap chosen durations; replace worst,exchange argument,greedy + replacement heap,Scheduling,Very High,"Replacement, not simple acceptance, is the primitive.",manual-high
632,Smallest Range Covering Elements from K Lists,Hard,70.1,https://leetcode.com/problems/smallest-range-covering-elements-from-k-lists/,K-way merge / heap window,Smallest range covering K lists,Maintain one element from each list; advance the list with current minimum.,min-heap; current max; sliding k-way window,stays-ahead,heap + greedy,Heap/window,Medium,This is more heap-window than pure greedy.,manual-high
646,Maximum Length of Pair Chain,Medium,61.7,https://leetcode.com/problems/maximum-length-of-pair-chain/,Interval scheduling,Pair chain,Sort by second; greedily choose earliest-ending chain member.,sort by end; last_end,exchange argument,pure greedy,Interval,High,LIS-style DP exists; greedy is simpler for this variant.,manual-high
649,Dota2 Senate,Medium,49.8,https://leetcode.com/problems/dota2-senate/,Sorting / choice greedy,General greedy ordering,Sort or scan candidates and apply a locally safe choice/dominance rule.,sorted candidate stream; local safe choice; dominance skip,exchange / dominance,pure greedy or sorting greedy,,Medium,Review exact statement; this row is inferred from title.,heuristic
659,Split Array into Consecutive Subsequences,Medium,52.1,https://leetcode.com/problems/split-array-into-consecutive-subsequences/,Consecutive subsequence construction,Split into consecutive subsequences,Extend existing subsequence ending at x-1 before starting a new length-3 one.,frequency map; need map; demand before supply,exchange / obligation first,greedy + hash maps,Frequency / construction,Very High,Always satisfy existing need first; otherwise strands short subsequences.,manual-high
670,Maximum Swap,Medium,52.0,https://leetcode.com/problems/maximum-swap/,Lexicographic / monotonic construction,"Smallest/largest string, number, or subsequence","Use monotonic stack, comparator sorting, or constructive scan to preserve feasibility while improving lexicographic order.",monotonic stack; remaining counts; used set; comparator sorting; deletion budget,exchange + feasibility preservation,greedy + monotonic stack / sorting,Lexicographic Greedy,Medium,Review exact statement; this row is inferred from title.,heuristic
678,Valid Parenthesis String,Medium,40.1,https://leetcode.com/problems/valid-parenthesis-string/,Parentheses range feasibility,Valid parenthesis string,Track min/max possible open count under wildcard choices.,range state; lower/upper open count,feasibility interval,pure greedy,Parentheses,High,Clamp lower bound at zero; upper below zero fails.,manual-high
680,Valid Palindrome II,Easy,44.2,https://leetcode.com/problems/valid-palindrome-ii/,Palindrome construction / counting,"Use counts, center choice, or two-pointer repair",Use frequency parity or symmetric two-pointer operations to maximize/minimize palindrome construction.,frequency counts; parity invariant; pair from extremes; center choice,parity invariant / exchange,counting greedy or two-pointer greedy,Palindrome,Low,Review exact statement; this row is inferred from title.,heuristic
714,Best Time to Buy and Sell Stock with Transaction Fee,Medium,71.9,https://leetcode.com/problems/best-time-to-buy-and-sell-stock-with-transaction-fee/,Stock / transaction greedy-DP boundary,Unlimited transactions with fee,Maintain effective buy price / cash-hold state; fee shifts sell threshold.,running best buy; profit state; positive delta with fee,DP-state compression,greedy-DP hybrid,Stock,High,Often clearer as 2-state DP; greedy form is compressed DP.,manual-high
738,Monotone Increasing Digits,Medium,49.6,https://leetcode.com/problems/monotone-increasing-digits/,Lexicographic / monotonic construction,"Smallest/largest string, number, or subsequence","Use monotonic stack, comparator sorting, or constructive scan to preserve feasibility while improving lexicographic order.",monotonic stack; remaining counts; used set; comparator sorting; deletion budget,exchange + feasibility preservation,greedy + monotonic stack / sorting,Lexicographic Greedy,Medium,Review exact statement; this row is inferred from title.,heuristic
757,Set Intersection Size At Least Two,Hard,58.0,https://leetcode.com/problems/set-intersection-size-at-least-two/,Interval stabbing with multiplicity,Set intersection size at least two,"Sort intervals; maintain last two chosen points, add from right endpoint as needed.",sort by end; rightmost chosen points; multiplicity demand,exchange argument,pure greedy,Interval,High,"Need two points, so single-arrow logic is insufficient.",manual-high
763,Partition Labels,Medium,81.9,https://leetcode.com/problems/partition-labels/,Partition by last occurrence,Partition Labels,Extend current segment to max last occurrence of seen chars.,last position map; coverage frontier; segment close,stays-ahead,pure greedy,Coverage / partition,Very High,Close segment only when i == farthest last occurrence.,manual-high
765,Couples Holding Hands,Hard,59.4,https://leetcode.com/problems/couples-holding-hands/,Pairing / matching / delta sorting,"Pair extremes, smallest sufficient match, or opportunity-cost sorting","Sort both sides; match smallest sufficient resource, pair extremes, or choose top deltas.",two pointers; pair extremes; smallest sufficient resource; delta sorting,exchange argument,pure greedy + sorting/two pointers,Pairing / matching,High,Review exact statement; this row is inferred from title.,heuristic
767,Reorganize String,Medium,57.1,https://leetcode.com/problems/reorganize-string/,Frequency scheduling / no adjacent equal,Reorganize string,Repeatedly pick most frequent char not equal to previous.,max-heap; frequency counts; cooldown size 1,exchange / feasibility,greedy + heap,Task scheduling / cooldown,High,Feasibility condition max_freq <= ceil(n/2).,manual-high
768,Max Chunks To Make Sorted II,Hard,54.8,https://leetcode.com/problems/max-chunks-to-make-sorted-ii/,Sorting / choice greedy,General greedy ordering,Sort or scan candidates and apply a locally safe choice/dominance rule.,sorted candidate stream; local safe choice; dominance skip,exchange / dominance,pure greedy or sorting greedy,,High,Review exact statement; this row is inferred from title.,heuristic
769,Max Chunks To Make Sorted,Medium,64.2,https://leetcode.com/problems/max-chunks-to-make-sorted/,Sorting / choice greedy,General greedy ordering,Sort or scan candidates and apply a locally safe choice/dominance rule.,sorted candidate stream; local safe choice; dominance skip,exchange / dominance,pure greedy or sorting greedy,,Medium,Review exact statement; this row is inferred from title.,heuristic
781,Rabbits in Forest,Medium,58.1,https://leetcode.com/problems/rabbits-in-forest/,Sorting / choice greedy,General greedy ordering,Sort or scan candidates and apply a locally safe choice/dominance rule.,sorted candidate stream; local safe choice; dominance skip,exchange / dominance,pure greedy or sorting greedy,,Medium,Review exact statement; this row is inferred from title.,heuristic
807,Max Increase to Keep City Skyline,Medium,86.4,https://leetcode.com/problems/max-increase-to-keep-city-skyline/,Sorting / choice greedy,General greedy ordering,Sort or scan candidates and apply a locally safe choice/dominance rule.,sorted candidate stream; local safe choice; dominance skip,exchange / dominance,pure greedy or sorting greedy,,Medium,Review exact statement; this row is inferred from title.,heuristic
826,Most Profit Assigning Work,Medium,56.2,https://leetcode.com/problems/most-profit-assigning-work/,Heap greedy / deferred choice,"Choose best available, marginal gain, or replacement candidate","Sort/unlock candidates, then use heap to choose best currently available or replace worst selected.",available candidates heap; max marginal gain; replacement heap; bottleneck threshold,deferred greedy / exchange / threshold,greedy + heap,Heap-greedy,Medium,Review exact statement; this row is inferred from title.,heuristic
846,Hand of Straights,Medium,57.9,https://leetcode.com/problems/hand-of-straights/,Consecutive group construction,Hand of Straights,Process smallest remaining card and consume a length-k run.,ordered counts; smallest-first; demand construction,exchange / smallest obligation,greedy + ordered map,Frequency / construction,High,Always start from smallest remaining; otherwise it can never be used later.,manual-high
857,Minimum Cost to Hire K Workers,Hard,63.6,https://leetcode.com/problems/minimum-cost-to-hire-k-workers/,Ratio sorting + heap,Minimum Cost to Hire K Workers,Sort by wage/quality ratio; keep smallest total quality among eligible workers.,sort by ratio; max-heap selected qualities; replacement heap,exchange / threshold,greedy + heap,Knapsack-like selection,High,Current ratio sets pay rate for all selected workers.,manual-high
860,Lemonade Change,Easy,59.1,https://leetcode.com/problems/lemonade-change/,Sorting / choice greedy,General greedy ordering,Sort or scan candidates and apply a locally safe choice/dominance rule.,sorted candidate stream; local safe choice; dominance skip,exchange / dominance,pure greedy or sorting greedy,,Low,Review exact statement; this row is inferred from title.,heuristic
861,Score After Flipping Matrix,Medium,80.3,https://leetcode.com/problems/score-after-flipping-matrix/,Constructive matrix/tree/graph greedy,Structural construction or assignment,Use local degree/row/column/path constraints to construct or maximize under structural invariants.,degree sorting; row/column residuals; local repair; structural invariant,exchange / invariant construction,constructive greedy / hybrid,Constructive structures,Medium,Review exact statement; this row is inferred from title.,heuristic
870,Advantage Shuffle,Medium,54.5,https://leetcode.com/problems/advantage-shuffle/,Pairing / matching,Advantage Shuffle,Use smallest number that beats target; otherwise sacrifice smallest.,sorted multiset; smallest sufficient resource,exchange argument,greedy + two pointers/multiset,Pairing / matching,High,"Classic “win if cheap, otherwise sacrifice” pattern.",manual-high
871,Minimum Number of Refueling Stops,Hard,41.4,https://leetcode.com/problems/minimum-number-of-refueling-stops/,Heap greedy / refueling,Minimum refueling stops,"Drive until forced; among passed stations, use largest fuel.",deferred greedy; max-heap gains; reach frontier,stays-ahead,greedy + heap,Heap-greedy / coverage,Very High,Refuel from past stations only when forced.,manual-high
881,Boats to Save People,Medium,61.7,https://leetcode.com/problems/boats-to-save-people/,Pairing / matching,Boats to Save People,Pair heaviest with lightest if possible; otherwise heaviest goes alone.,pair extremes; capacity feasibility,exchange argument,pure greedy + two pointers,Pairing / matching,Very High,Always decide the heaviest remaining person.,manual-high
910,Smallest Range II,Medium,37.9,https://leetcode.com/problems/smallest-range-ii/,Sorting / choice greedy,General greedy ordering,Sort or scan candidates and apply a locally safe choice/dominance rule.,sorted candidate stream; local safe choice; dominance skip,exchange / dominance,pure greedy or sorting greedy,,Medium,Review exact statement; this row is inferred from title.,heuristic
921,Minimum Add to Make Parentheses Valid,Medium,74.4,https://leetcode.com/problems/minimum-add-to-make-parentheses-valid/,Parentheses / balance greedy,Balance repair or wildcard feasibility,Track open balance or feasible open range and repair deficits locally.,running balance; min/max open range; insertion/deletion repair,balance invariant / feasibility interval,pure greedy,Parentheses,Medium,Review exact statement; this row is inferred from title.,heuristic
936,Stamping The Sequence,Hard,62.3,https://leetcode.com/problems/stamping-the-sequence/,Sorting / choice greedy,General greedy ordering,Sort or scan candidates and apply a locally safe choice/dominance rule.,sorted candidate stream; local safe choice; dominance skip,exchange / dominance,pure greedy or sorting greedy,,High,Review exact statement; this row is inferred from title.,heuristic
942,DI String Match,Easy,81.0,https://leetcode.com/problems/di-string-match/,Lexicographic / monotonic construction,"Smallest/largest string, number, or subsequence","Use monotonic stack, comparator sorting, or constructive scan to preserve feasibility while improving lexicographic order.",monotonic stack; remaining counts; used set; comparator sorting; deletion budget,exchange + feasibility preservation,greedy + monotonic stack / sorting,Lexicographic Greedy,Low,Review exact statement; this row is inferred from title.,heuristic
945,Minimum Increment to Make Array Unique,Medium,60.7,https://leetcode.com/problems/minimum-increment-to-make-array-unique/,Array transformation / partition greedy,"Prefix/suffix repair, partitioning, or subsequence choice","Scan with prefix/suffix state, repair violations, or greedily partition when invariant boundary is met.",prefix/suffix state; local repair; partition boundary; monotonic subsequence,stays-ahead / exchange / local feasibility,greedy or greedy-DP boundary,Array partition/transformation,Medium,Review exact statement; this row is inferred from title.,heuristic
948,Bag of Tokens,Medium,59.6,https://leetcode.com/problems/bag-of-tokens/,Sorting / choice greedy,General greedy ordering,Sort or scan candidates and apply a locally safe choice/dominance rule.,sorted candidate stream; local safe choice; dominance skip,exchange / dominance,pure greedy or sorting greedy,,Medium,Review exact statement; this row is inferred from title.,heuristic
954,Array of Doubled Pairs,Medium,39.8,https://leetcode.com/problems/array-of-doubled-pairs/,Pairing / matching / delta sorting,"Pair extremes, smallest sufficient match, or opportunity-cost sorting","Sort both sides; match smallest sufficient resource, pair extremes, or choose top deltas.",two pointers; pair extremes; smallest sufficient resource; delta sorting,exchange argument,pure greedy + sorting/two pointers,Pairing / matching,Medium,Review exact statement; this row is inferred from title.,heuristic
955,Delete Columns to Make Sorted II,Medium,49.7,https://leetcode.com/problems/delete-columns-to-make-sorted-ii/,Constructive matrix/tree/graph greedy,Structural construction or assignment,Use local degree/row/column/path constraints to construct or maximize under structural invariants.,degree sorting; row/column residuals; local repair; structural invariant,exchange / invariant construction,constructive greedy / hybrid,Constructive structures,Medium,Review exact statement; this row is inferred from title.,heuristic
969,Pancake Sorting,Medium,71.8,https://leetcode.com/problems/pancake-sorting/,Sorting / choice greedy,General greedy ordering,Sort or scan candidates and apply a locally safe choice/dominance rule.,sorted candidate stream; local safe choice; dominance skip,exchange / dominance,pure greedy or sorting greedy,,Medium,Review exact statement; this row is inferred from title.,heuristic
976,Largest Perimeter Triangle,Easy,62.2,https://leetcode.com/problems/largest-perimeter-triangle/,Pairing / matching / delta sorting,"Pair extremes, smallest sufficient match, or opportunity-cost sorting","Sort both sides; match smallest sufficient resource, pair extremes, or choose top deltas.",two pointers; pair extremes; smallest sufficient resource; delta sorting,exchange argument,pure greedy + sorting/two pointers,Pairing / matching,Low,Review exact statement; this row is inferred from title.,heuristic
984,String Without AAA or BBB,Medium,45.2,https://leetcode.com/problems/string-without-aaa-or-bbb/,Frequency / counting / string construction,"Counts, buckets, cooldown, or repeat limits",Use counts to construct a feasible/maximal object while preserving future availability.,frequency map; bucket ordering; cooldown; repeat-limit breaker; remaining demand,exchange / feasibility preservation,greedy + counting/heap,Frequency/String,Medium,Review exact statement; this row is inferred from title.,heuristic
991,Broken Calculator,Medium,56.1,https://leetcode.com/problems/broken-calculator/,Sorting / choice greedy,General greedy ordering,Sort or scan candidates and apply a locally safe choice/dominance rule.,sorted candidate stream; local safe choice; dominance skip,exchange / dominance,pure greedy or sorting greedy,,Medium,Review exact statement; this row is inferred from title.,heuristic
1005,Maximize Sum Of Array After K Negations,Easy,53.8,https://leetcode.com/problems/maximize-sum-of-array-after-k-negations/,Numeric / bitwise greedy,"Digit, bit, residue, or marginal numeric optimization",Use residue/bit contribution or marginal gains to maximize/minimize numeric objective.,bit contribution; residue counts; marginal gain; digit replacement,exchange / contribution dominance / invariant,numeric greedy / bit greedy / hybrid,Numeric / bitwise,Low,Review exact statement; this row is inferred from title.,heuristic
1007,Minimum Domino Rotations For Equal Row,Medium,56.5,https://leetcode.com/problems/minimum-domino-rotations-for-equal-row/,Pairing / matching / delta sorting,"Pair extremes, smallest sufficient match, or opportunity-cost sorting","Sort both sides; match smallest sufficient resource, pair extremes, or choose top deltas.",two pointers; pair extremes; smallest sufficient resource; delta sorting,exchange argument,pure greedy + sorting/two pointers,Pairing / matching,Medium,Review exact statement; this row is inferred from title.,heuristic
1013,Partition Array Into Three Parts With Equal Sum,Easy,42.7,https://leetcode.com/problems/partition-array-into-three-parts-with-equal-sum/,Numeric / bitwise greedy,"Digit, bit, residue, or marginal numeric optimization",Use residue/bit contribution or marginal gains to maximize/minimize numeric objective.,bit contribution; residue counts; marginal gain; digit replacement,exchange / contribution dominance / invariant,numeric greedy / bit greedy / hybrid,Numeric / bitwise,Low,Review exact statement; this row is inferred from title.,heuristic
1024,Video Stitching,Medium,52.7,https://leetcode.com/problems/video-stitching/,Coverage expansion,Video Stitching,Convert clips to intervals; repeatedly choose interval starting before current coverage with farthest end.,coverage frontier; farthest extension; sorted intervals,stays-ahead,pure greedy,Coverage / interval,Very High,Same skeleton as minimum taps.,manual-high
1029,Two City Scheduling,Medium,68.5,https://leetcode.com/problems/two-city-scheduling/,Delta sorting,Two City Scheduling,"Start all in one city, switch by largest savings / sort by cost delta.",delta sorting; choose k by opportunity cost,exchange argument,pure greedy,Delta sorting,Very High,"Sort by a-b, not by absolute costs.",manual-high
1053,Previous Permutation With One Swap,Medium,49.2,https://leetcode.com/problems/previous-permutation-with-one-swap/,Lexicographic / monotonic construction,"Smallest/largest string, number, or subsequence","Use monotonic stack, comparator sorting, or constructive scan to preserve feasibility while improving lexicographic order.",monotonic stack; remaining counts; used set; comparator sorting; deletion budget,exchange + feasibility preservation,greedy + monotonic stack / sorting,Lexicographic Greedy,Medium,Review exact statement; this row is inferred from title.,heuristic
1054,Distant Barcodes,Medium,48.9,https://leetcode.com/problems/distant-barcodes/,Heap greedy / deferred choice,"Choose best available, marginal gain, or replacement candidate","Sort/unlock candidates, then use heap to choose best currently available or replace worst selected.",available candidates heap; max marginal gain; replacement heap; bottleneck threshold,deferred greedy / exchange / threshold,greedy + heap,Heap-greedy,Medium,Review exact statement; this row is inferred from title.,heuristic
1055,Shortest Way to Form String,Medium,61.6,https://leetcode.com/problems/shortest-way-to-form-string/,Frequency / counting / string construction,"Counts, buckets, cooldown, or repeat limits",Use counts to construct a feasible/maximal object while preserving future availability.,frequency map; bucket ordering; cooldown; repeat-limit breaker; remaining demand,exchange / feasibility preservation,greedy + counting/heap,Frequency/String,Medium,Review exact statement; this row is inferred from title.,heuristic
1058,Minimize Rounding Error to Meet Target,Medium,45.9,https://leetcode.com/problems/minimize-rounding-error-to-meet-target/,Sorting / choice greedy,General greedy ordering,Sort or scan candidates and apply a locally safe choice/dominance rule.,sorted candidate stream; local safe choice; dominance skip,exchange / dominance,pure greedy or sorting greedy,,Medium,Review exact statement; this row is inferred from title.,heuristic
1081,Smallest Subsequence of Distinct Characters,Medium,63.4,https://leetcode.com/problems/smallest-subsequence-of-distinct-characters/,Lexicographic monotonic stack,Smallest subsequence of distinct characters,Same skeleton as remove duplicate letters.,monotonic stack; remaining count; used set,exchange / feasibility preservation,greedy + monotonic stack,Lexicographic deletion,Very High,Same as 316 with different title.,manual-high
1090,Largest Values From Labels,Medium,64.3,https://leetcode.com/problems/largest-values-from-labels/,Sorting / choice greedy,General greedy ordering,Sort or scan candidates and apply a locally safe choice/dominance rule.,sorted candidate stream; local safe choice; dominance skip,exchange / dominance,pure greedy or sorting greedy,,Medium,Review exact statement; this row is inferred from title.,heuristic
1130,Minimum Cost Tree From Leaf Values,Medium,67.9,https://leetcode.com/problems/minimum-cost-tree-from-leaf-values/,Sorting / choice greedy,General greedy ordering,Sort or scan candidates and apply a locally safe choice/dominance rule.,sorted candidate stream; local safe choice; dominance skip,exchange / dominance,pure greedy or sorting greedy,,Medium,Review exact statement; this row is inferred from title.,heuristic
1144,Decrease Elements To Make Array Zigzag,Medium,49.1,https://leetcode.com/problems/decrease-elements-to-make-array-zigzag/,Array transformation / partition greedy,"Prefix/suffix repair, partitioning, or subsequence choice","Scan with prefix/suffix state, repair violations, or greedily partition when invariant boundary is met.",prefix/suffix state; local repair; partition boundary; monotonic subsequence,stays-ahead / exchange / local feasibility,greedy or greedy-DP boundary,Array partition/transformation,Medium,Review exact statement; this row is inferred from title.,heuristic
1147,Longest Chunked Palindrome Decomposition,Hard,58.9,https://leetcode.com/problems/longest-chunked-palindrome-decomposition/,Palindrome construction / counting,"Use counts, center choice, or two-pointer repair",Use frequency parity or symmetric two-pointer operations to maximize/minimize palindrome construction.,frequency counts; parity invariant; pair from extremes; center choice,parity invariant / exchange,counting greedy or two-pointer greedy / DP-boundary,Palindrome,High,Review exact statement; this row is inferred from title. Greedy tag may be misleading; compare against DP/game formulation.,heuristic
1167,Minimum Cost to Connect Sticks,Medium,71.9,https://leetcode.com/problems/minimum-cost-to-connect-sticks/,Huffman merge greedy,Minimum Cost to Connect Sticks,Repeatedly merge two smallest sticks.,min-heap; merge two smallest,exchange / Huffman optimality,greedy + heap,Huffman / merge cost,High,Merging large sticks early multiplies cost.,manual-high
1183,Maximum Number of Ones,Hard,70.6,https://leetcode.com/problems/maximum-number-of-ones/,Sorting / choice greedy,General greedy ordering,Sort or scan candidates and apply a locally safe choice/dominance rule.,sorted candidate stream; local safe choice; dominance skip,exchange / dominance,pure greedy or sorting greedy,,High,Review exact statement; this row is inferred from title.,heuristic
1196,How Many Apples Can You Put into the Basket,Easy,67.1,https://leetcode.com/problems/how-many-apples-can-you-put-into-the-basket/,Sorting / choice greedy,General greedy ordering,Sort or scan candidates and apply a locally safe choice/dominance rule.,sorted candidate stream; local safe choice; dominance skip,exchange / dominance,pure greedy or sorting greedy,,Low,Review exact statement; this row is inferred from title.,heuristic
1199,Minimum Time to Build Blocks,Hard,46.6,https://leetcode.com/problems/minimum-time-to-build-blocks/,Heap greedy / deferred choice,"Choose best available, marginal gain, or replacement candidate","Sort/unlock candidates, then use heap to choose best currently available or replace worst selected.",available candidates heap; max marginal gain; replacement heap; bottleneck threshold,deferred greedy / exchange / threshold,greedy + heap,Heap-greedy,High,Review exact statement; this row is inferred from title.,heuristic
1217,Minimum Cost to Move Chips to The Same Position,Easy,72.9,https://leetcode.com/problems/minimum-cost-to-move-chips-to-the-same-position/,Sorting / choice greedy,General greedy ordering,Sort or scan candidates and apply a locally safe choice/dominance rule.,sorted candidate stream; local safe choice; dominance skip,exchange / dominance,pure greedy or sorting greedy,,Low,Review exact statement; this row is inferred from title.,heuristic
1221,Split a String in Balanced Strings,Easy,87.4,https://leetcode.com/problems/split-a-string-in-balanced-strings/,Frequency / counting / string construction,"Counts, buckets, cooldown, or repeat limits",Use counts to construct a feasible/maximal object while preserving future availability.,frequency map; bucket ordering; cooldown; repeat-limit breaker; remaining demand,exchange / feasibility preservation,greedy + counting/heap,Frequency/String,Low,Review exact statement; this row is inferred from title.,heuristic
1247,Minimum Swaps to Make Strings Equal,Medium,65.3,https://leetcode.com/problems/minimum-swaps-to-make-strings-equal/,Pairing / matching / delta sorting,"Pair extremes, smallest sufficient match, or opportunity-cost sorting","Sort both sides; match smallest sufficient resource, pair extremes, or choose top deltas.",two pointers; pair extremes; smallest sufficient resource; delta sorting,exchange argument,pure greedy + sorting/two pointers,Pairing / matching,Medium,Review exact statement; this row is inferred from title.,heuristic
1253,Reconstruct a 2-Row Binary Matrix,Medium,48.9,https://leetcode.com/problems/reconstruct-a-2-row-binary-matrix/,Constructive matrix/tree/graph greedy,Structural construction or assignment,Use local degree/row/column/path constraints to construct or maximize under structural invariants.,degree sorting; row/column residuals; local repair; structural invariant,exchange / invariant construction,constructive greedy / hybrid,Constructive structures,Medium,Review exact statement; this row is inferred from title.,heuristic
1262,Greatest Sum Divisible by Three,Medium,57.0,https://leetcode.com/problems/greatest-sum-divisible-by-three/,Numeric / bitwise greedy,"Digit, bit, residue, or marginal numeric optimization",Use residue/bit contribution or marginal gains to maximize/minimize numeric objective.,bit contribution; residue counts; marginal gain; digit replacement,exchange / contribution dominance / invariant,numeric greedy / bit greedy / hybrid / DP-boundary,Numeric / bitwise,Medium,Review exact statement; this row is inferred from title. Greedy tag may be misleading; compare against DP/game formulation.,heuristic
1282,Group the People Given the Group Size They Belong To,Medium,87.5,https://leetcode.com/problems/group-the-people-given-the-group-size-they-belong-to/,Sorting / choice greedy,General greedy ordering,Sort or scan candidates and apply a locally safe choice/dominance rule.,sorted candidate stream; local safe choice; dominance skip,exchange / dominance,pure greedy or sorting greedy,,Medium,Review exact statement; this row is inferred from title.,heuristic
1296,Divide Array in Sets of K Consecutive Numbers,Medium,59.2,https://leetcode.com/problems/divide-array-in-sets-of-k-consecutive-numbers/,Pairing / matching / delta sorting,"Pair extremes, smallest sufficient match, or opportunity-cost sorting","Sort both sides; match smallest sufficient resource, pair extremes, or choose top deltas.",two pointers; pair extremes; smallest sufficient resource; delta sorting,exchange argument,pure greedy + sorting/two pointers,Pairing / matching,Medium,Review exact statement; this row is inferred from title.,heuristic
1323,Maximum 69 Number,Easy,84.5,https://leetcode.com/problems/maximum-69-number/,Sorting / choice greedy,General greedy ordering,Sort or scan candidates and apply a locally safe choice/dominance rule.,sorted candidate stream; local safe choice; dominance skip,exchange / dominance,pure greedy or sorting greedy,,Low,Review exact statement; this row is inferred from title.,heuristic
1326,Minimum Number of Taps to Open to Water a Garden,Hard,51.0,https://leetcode.com/problems/minimum-number-of-taps-to-open-to-water-a-garden/,Coverage expansion,Minimum Taps to Open to Water a Garden,"Convert taps to intervals; jump/coverage greedy to cover [0,n].",interval conversion; coverage frontier; farthest extension,stays-ahead,pure greedy,Coverage / interval,Very High,Same as video stitching after interval conversion.,manual-high
1328,Break a Palindrome,Medium,51.6,https://leetcode.com/problems/break-a-palindrome/,Lexicographic / monotonic construction,"Smallest/largest string, number, or subsequence","Use monotonic stack, comparator sorting, or constructive scan to preserve feasibility while improving lexicographic order.",monotonic stack; remaining counts; used set; comparator sorting; deletion budget,exchange + feasibility preservation,greedy + monotonic stack / sorting,Lexicographic Greedy,Medium,Review exact statement; this row is inferred from title.,heuristic
1330,Reverse Subarray To Maximize Array Value,Hard,43.9,https://leetcode.com/problems/reverse-subarray-to-maximize-array-value/,Array transformation / partition greedy,"Prefix/suffix repair, partitioning, or subsequence choice","Scan with prefix/suffix state, repair violations, or greedily partition when invariant boundary is met.",prefix/suffix state; local repair; partition boundary; monotonic subsequence,stays-ahead / exchange / local feasibility,greedy or greedy-DP boundary,Array partition/transformation,High,Review exact statement; this row is inferred from title.,heuristic
1338,Reduce Array Size to The Half,Medium,69.4,https://leetcode.com/problems/reduce-array-size-to-the-half/,Array transformation / partition greedy,"Prefix/suffix repair, partitioning, or subsequence choice","Scan with prefix/suffix state, repair violations, or greedily partition when invariant boundary is met.",prefix/suffix state; local repair; partition boundary; monotonic subsequence,stays-ahead / exchange / local feasibility,greedy or greedy-DP boundary,Array partition/transformation,Medium,Review exact statement; this row is inferred from title.,heuristic
1353,Maximum Number of Events That Can Be Attended,Medium,39.0,https://leetcode.com/problems/maximum-number-of-events-that-can-be-attended/,Deadline scheduling,Maximum events attended,Sweep days; add starting events; attend event with earliest end.,min-heap active end times; earliest deadline first,exchange argument,greedy + heap,Scheduling,High,Drop expired events before selection.,manual-high
1363,Largest Multiple of Three,Hard,33.2,https://leetcode.com/problems/largest-multiple-of-three/,Lexicographic / monotonic construction,"Smallest/largest string, number, or subsequence","Use monotonic stack, comparator sorting, or constructive scan to preserve feasibility while improving lexicographic order.",monotonic stack; remaining counts; used set; comparator sorting; deletion budget,exchange + feasibility preservation,greedy + monotonic stack / sorting,Lexicographic Greedy,High,Review exact statement; this row is inferred from title.,heuristic
1382,Balance a Binary Search Tree,Medium,86.3,https://leetcode.com/problems/balance-a-binary-search-tree/,Sorting / choice greedy,General greedy ordering,Sort or scan candidates and apply a locally safe choice/dominance rule.,sorted candidate stream; local safe choice; dominance skip,exchange / dominance,pure greedy or sorting greedy,,Medium,Review exact statement; this row is inferred from title.,heuristic
1383,Maximum Performance of a Team,Hard,47.8,https://leetcode.com/problems/maximum-performance-of-a-team/,Ratio/score heap selection,Maximum Performance of a Team,Sort by efficiency desc; keep largest speeds among current efficiency threshold.,sort by bottleneck; min-heap selected speeds,exchange / threshold,greedy + heap,Heap-greedy / selection,High,Efficiency is bottleneck; speed sum is optimized within threshold.,manual-high
1386,Cinema Seat Allocation,Medium,44.5,https://leetcode.com/problems/cinema-seat-allocation/,Pairing / matching / delta sorting,"Pair extremes, smallest sufficient match, or opportunity-cost sorting","Sort both sides; match smallest sufficient resource, pair extremes, or choose top deltas.",two pointers; pair extremes; smallest sufficient resource; delta sorting,exchange argument,pure greedy + sorting/two pointers,Pairing / matching,Medium,Review exact statement; this row is inferred from title.,heuristic
1388,Pizza With 3n Slices,Hard,53.8,https://leetcode.com/problems/pizza-with-3n-slices/,Sorting / choice greedy,General greedy ordering,Sort or scan candidates and apply a locally safe choice/dominance rule.,sorted candidate stream; local safe choice; dominance skip,exchange / dominance,pure greedy or sorting greedy / DP-boundary,Greedy-DP boundary,High,Review exact statement; this row is inferred from title. Greedy tag may be misleading; compare against DP/game formulation.,heuristic
1400,Construct K Palindrome Strings,Medium,68.5,https://leetcode.com/problems/construct-k-palindrome-strings/,Palindrome construction / counting,"Use counts, center choice, or two-pointer repair",Use frequency parity or symmetric two-pointer operations to maximize/minimize palindrome construction.,frequency counts; parity invariant; pair from extremes; center choice,parity invariant / exchange,counting greedy or two-pointer greedy,Palindrome,Medium,Review exact statement; this row is inferred from title.,heuristic
1402,Reducing Dishes,Hard,76.7,https://leetcode.com/problems/reducing-dishes/,Ordering by marginal contribution,Reducing Dishes,Sort satisfaction; prepend positives while cumulative gain remains positive.,sort; suffix accumulation; marginal gain,exchange / marginal contribution,sorting greedy / DP boundary,Ordering / marginal,Medium,Can also be DP; greedy relies on sorted order and positive prefix contribution.,manual-high
1403,Minimum Subsequence in Non-Increasing Order,Easy,73.8,https://leetcode.com/problems/minimum-subsequence-in-non-increasing-order/,Array transformation / partition greedy,"Prefix/suffix repair, partitioning, or subsequence choice","Scan with prefix/suffix state, repair violations, or greedily partition when invariant boundary is met.",prefix/suffix state; local repair; partition boundary; monotonic subsequence,stays-ahead / exchange / local feasibility,greedy or greedy-DP boundary,Array partition/transformation,Low,Review exact statement; this row is inferred from title.,heuristic
1405,Longest Happy String,Medium,65.5,https://leetcode.com/problems/longest-happy-string/,Frequency / counting / string construction,"Counts, buckets, cooldown, or repeat limits",Use counts to construct a feasible/maximal object while preserving future availability.,frequency map; bucket ordering; cooldown; repeat-limit breaker; remaining demand,exchange / feasibility preservation,greedy + counting/heap,Frequency/String,Medium,Review exact statement; this row is inferred from title.,heuristic
1414,Find the Minimum Number of Fibonacci Numbers Whose Sum Is K,Medium,65.0,https://leetcode.com/problems/find-the-minimum-number-of-fibonacci-numbers-whose-sum-is-k/,Numeric / bitwise greedy,"Digit, bit, residue, or marginal numeric optimization",Use residue/bit contribution or marginal gains to maximize/minimize numeric objective.,bit contribution; residue counts; marginal gain; digit replacement,exchange / contribution dominance / invariant,numeric greedy / bit greedy / hybrid,Numeric / bitwise,Medium,Review exact statement; this row is inferred from title.,heuristic
1432,Max Difference You Can Get From Changing an Integer,Medium,48.7,https://leetcode.com/problems/max-difference-you-can-get-from-changing-an-integer/,Sorting / choice greedy,General greedy ordering,Sort or scan candidates and apply a locally safe choice/dominance rule.,sorted candidate stream; local safe choice; dominance skip,exchange / dominance,pure greedy or sorting greedy,,Medium,Review exact statement; this row is inferred from title.,heuristic
1433,Check If a String Can Break Another String,Medium,71.0,https://leetcode.com/problems/check-if-a-string-can-break-another-string/,Frequency / counting / string construction,"Counts, buckets, cooldown, or repeat limits",Use counts to construct a feasible/maximal object while preserving future availability.,frequency map; bucket ordering; cooldown; repeat-limit breaker; remaining demand,exchange / feasibility preservation,greedy + counting/heap,Frequency/String,Medium,Review exact statement; this row is inferred from title.,heuristic
1465,Maximum Area of a Piece of Cake After Horizontal and Vertical Cuts,Medium,41.4,https://leetcode.com/problems/maximum-area-of-a-piece-of-cake-after-horizontal-and-vertical-cuts/,Numeric / bitwise greedy,"Digit, bit, residue, or marginal numeric optimization",Use residue/bit contribution or marginal gains to maximize/minimize numeric objective.,bit contribution; residue counts; marginal gain; digit replacement,exchange / contribution dominance / invariant,numeric greedy / bit greedy / hybrid,Numeric / bitwise,Medium,Review exact statement; this row is inferred from title.,heuristic
1481,Least Number of Unique Integers after K Removals,Medium,63.8,https://leetcode.com/problems/least-number-of-unique-integers-after-k-removals/,Sorting / choice greedy,General greedy ordering,Sort or scan candidates and apply a locally safe choice/dominance rule.,sorted candidate stream; local safe choice; dominance skip,exchange / dominance,pure greedy or sorting greedy,,Medium,Review exact statement; this row is inferred from title.,heuristic
1488,Avoid Flood in The City,Medium,39.0,https://leetcode.com/problems/avoid-flood-in-the-city/,Future deadline scheduling,Avoid Flood in The City,"Use a dry day before the next rain of a full lake, choosing earliest feasible dry day.",ordered dry days; next occurrence deadlines,deadline feasibility,greedy + ordered set,Scheduling / resource,High,Must dry before next repeated rain; arbitrary dry choices fail.,manual-high
1505,Minimum Possible Integer After at Most K Adjacent Swaps On Digits,Hard,41.4,https://leetcode.com/problems/minimum-possible-integer-after-at-most-k-adjacent-swaps-on-digits/,Lexicographic / monotonic construction,"Smallest/largest string, number, or subsequence","Use monotonic stack, comparator sorting, or constructive scan to preserve feasibility while improving lexicographic order.",monotonic stack; remaining counts; used set; comparator sorting; deletion budget,exchange + feasibility preservation,greedy + monotonic stack / sorting,Lexicographic Greedy,High,Review exact statement; this row is inferred from title.,heuristic
1509,Minimum Difference Between Largest and Smallest Value in Three Moves,Medium,59.2,https://leetcode.com/problems/minimum-difference-between-largest-and-smallest-value-in-three-moves/,Numeric / bitwise greedy,"Digit, bit, residue, or marginal numeric optimization",Use residue/bit contribution or marginal gains to maximize/minimize numeric objective.,bit contribution; residue counts; marginal gain; digit replacement,exchange / contribution dominance / invariant,numeric greedy / bit greedy / hybrid,Numeric / bitwise,Medium,Review exact statement; this row is inferred from title.,heuristic
1520,Maximum Number of Non-Overlapping Substrings,Hard,42.1,https://leetcode.com/problems/maximum-number-of-non-overlapping-substrings/,Interval / coverage / scheduling,"Intervals, deadlines, coverage, or active-set scheduling","Sort by endpoint/start/deadline, then keep earliest finish, expand coverage, or use an active heap.",sort by endpoint; coverage frontier; active interval heap; deadline first,exchange / stays-ahead / sweep invariant,"greedy, greedy + heap, or binary search + greedy",Interval / scheduling / coverage,High,Review exact statement; this row is inferred from title.,heuristic
1526,Minimum Number of Increments on Subarrays to Form a Target Array,Hard,78.2,https://leetcode.com/problems/minimum-number-of-increments-on-subarrays-to-form-a-target-array/,Array transformation / partition greedy,"Prefix/suffix repair, partitioning, or subsequence choice","Scan with prefix/suffix state, repair violations, or greedily partition when invariant boundary is met.",prefix/suffix state; local repair; partition boundary; monotonic subsequence,stays-ahead / exchange / local feasibility,greedy or greedy-DP boundary,Array partition/transformation,High,Review exact statement; this row is inferred from title.,heuristic
1529,Minimum Suffix Flips,Medium,73.9,https://leetcode.com/problems/minimum-suffix-flips/,Sorting / choice greedy,General greedy ordering,Sort or scan candidates and apply a locally safe choice/dominance rule.,sorted candidate stream; local safe choice; dominance skip,exchange / dominance,pure greedy or sorting greedy,,Medium,Review exact statement; this row is inferred from title.,heuristic
1536,Minimum Swaps to Arrange a Binary Grid,Medium,70.1,https://leetcode.com/problems/minimum-swaps-to-arrange-a-binary-grid/,Constructive matrix/tree/graph greedy,Structural construction or assignment,Use local degree/row/column/path constraints to construct or maximize under structural invariants.,degree sorting; row/column residuals; local repair; structural invariant,exchange / invariant construction,constructive greedy / hybrid,Constructive structures,Medium,Review exact statement; this row is inferred from title.,heuristic
1537,Get the Maximum Score,Hard,41.1,https://leetcode.com/problems/get-the-maximum-score/,Sorting / choice greedy,General greedy ordering,Sort or scan candidates and apply a locally safe choice/dominance rule.,sorted candidate stream; local safe choice; dominance skip,exchange / dominance,pure greedy or sorting greedy,,High,Review exact statement; this row is inferred from title.,heuristic
1541,Minimum Insertions to Balance a Parentheses String,Medium,53.5,https://leetcode.com/problems/minimum-insertions-to-balance-a-parentheses-string/,Parentheses / balance greedy,Balance repair or wildcard feasibility,Track open balance or feasible open range and repair deficits locally.,running balance; min/max open range; insertion/deletion repair,balance invariant / feasibility interval,pure greedy,Parentheses,Medium,Review exact statement; this row is inferred from title.,heuristic
1546,Maximum Number of Non-Overlapping Subarrays With Sum Equals Target,Medium,48.9,https://leetcode.com/problems/maximum-number-of-non-overlapping-subarrays-with-sum-equals-target/,Interval / coverage / scheduling,"Intervals, deadlines, coverage, or active-set scheduling","Sort by endpoint/start/deadline, then keep earliest finish, expand coverage, or use an active heap.",sort by endpoint; coverage frontier; active interval heap; deadline first,exchange / stays-ahead / sweep invariant,"greedy, greedy + heap, or binary search + greedy",Interval / scheduling / coverage,Medium,Review exact statement; this row is inferred from title.,heuristic
1558,Minimum Numbers of Function Calls to Make Target Array,Medium,62.8,https://leetcode.com/problems/minimum-numbers-of-function-calls-to-make-target-array/,Array transformation / partition greedy,"Prefix/suffix repair, partitioning, or subsequence choice","Scan with prefix/suffix state, repair violations, or greedily partition when invariant boundary is met.",prefix/suffix state; local repair; partition boundary; monotonic subsequence,stays-ahead / exchange / local feasibility,greedy or greedy-DP boundary,Array partition/transformation,Medium,Review exact statement; this row is inferred from title.,heuristic
1561,Maximum Number of Coins You Can Get,Medium,84.8,https://leetcode.com/problems/maximum-number-of-coins-you-can-get/,Pairing / matching / delta sorting,"Pair extremes, smallest sufficient match, or opportunity-cost sorting","Sort both sides; match smallest sufficient resource, pair extremes, or choose top deltas.",two pointers; pair extremes; smallest sufficient resource; delta sorting,exchange argument,pure greedy + sorting/two pointers,Pairing / matching,Medium,Review exact statement; this row is inferred from title.,heuristic
1564,Put Boxes Into the Warehouse I,Medium,67.5,https://leetcode.com/problems/put-boxes-into-the-warehouse-i/,Sorting / choice greedy,General greedy ordering,Sort or scan candidates and apply a locally safe choice/dominance rule.,sorted candidate stream; local safe choice; dominance skip,exchange / dominance,pure greedy or sorting greedy,,Medium,Review exact statement; this row is inferred from title.,heuristic
1567,Maximum Length of Subarray With Positive Product,Medium,44.7,https://leetcode.com/problems/maximum-length-of-subarray-with-positive-product/,Numeric / bitwise greedy,"Digit, bit, residue, or marginal numeric optimization",Use residue/bit contribution or marginal gains to maximize/minimize numeric objective.,bit contribution; residue counts; marginal gain; digit replacement,exchange / contribution dominance / invariant,numeric greedy / bit greedy / hybrid / DP-boundary,Numeric / bitwise,Medium,Review exact statement; this row is inferred from title. Greedy tag may be misleading; compare against DP/game formulation.,heuristic
1578,Minimum Time to Make Rope Colorful,Medium,65.2,https://leetcode.com/problems/minimum-time-to-make-rope-colorful/,Sorting / choice greedy,General greedy ordering,Sort or scan candidates and apply a locally safe choice/dominance rule.,sorted candidate stream; local safe choice; dominance skip,exchange / dominance,pure greedy or sorting greedy,,Medium,Review exact statement; this row is inferred from title.,heuristic
1580,Put Boxes Into the Warehouse II,Medium,65.9,https://leetcode.com/problems/put-boxes-into-the-warehouse-ii/,Sorting / choice greedy,General greedy ordering,Sort or scan candidates and apply a locally safe choice/dominance rule.,sorted candidate stream; local safe choice; dominance skip,exchange / dominance,pure greedy or sorting greedy,,Medium,Review exact statement; this row is inferred from title.,heuristic
1585,Check If String Is Transformable With Substring Sort Operations,Hard,51.6,https://leetcode.com/problems/check-if-string-is-transformable-with-substring-sort-operations/,Frequency / counting / string construction,"Counts, buckets, cooldown, or repeat limits",Use counts to construct a feasible/maximal object while preserving future availability.,frequency map; bucket ordering; cooldown; repeat-limit breaker; remaining demand,exchange / feasibility preservation,greedy + counting/heap,Frequency/String,High,Review exact statement; this row is inferred from title.,heuristic
1589,Maximum Sum Obtained of Any Permutation,Medium,40.8,https://leetcode.com/problems/maximum-sum-obtained-of-any-permutation/,Numeric / bitwise greedy,"Digit, bit, residue, or marginal numeric optimization",Use residue/bit contribution or marginal gains to maximize/minimize numeric objective.,bit contribution; residue counts; marginal gain; digit replacement,exchange / contribution dominance / invariant,numeric greedy / bit greedy / hybrid,Numeric / bitwise,Medium,Review exact statement; this row is inferred from title.,heuristic
1605,Find Valid Matrix Given Row and Column Sums,Medium,82.6,https://leetcode.com/problems/find-valid-matrix-given-row-and-column-sums/,Constructive matrix/tree/graph greedy,Structural construction or assignment,Use local degree/row/column/path constraints to construct or maximize under structural invariants.,degree sorting; row/column residuals; local repair; structural invariant,exchange / invariant construction,constructive greedy / hybrid,Constructive structures,Medium,Review exact statement; this row is inferred from title.,heuristic
1642,Furthest Building You Can Reach,Medium,50.9,https://leetcode.com/problems/furthest-building-you-can-reach/,Heap greedy / resource allocation,Furthest Building You Can Reach,Use ladders on largest climbs; bricks on smaller climbs via heap replacement.,min-heap climbs; replace bricks with ladder,exchange argument,greedy + heap,Heap-greedy,Very High,"Equivalent: spend bricks, reclaim largest climbs with ladders.",manual-high
1647,Minimum Deletions to Make Character Frequencies Unique,Medium,61.5,https://leetcode.com/problems/minimum-deletions-to-make-character-frequencies-unique/,Sorting / choice greedy,General greedy ordering,Sort or scan candidates and apply a locally safe choice/dominance rule.,sorted candidate stream; local safe choice; dominance skip,exchange / dominance,pure greedy or sorting greedy,,Medium,Review exact statement; this row is inferred from title.,heuristic
1648,Sell Diminishing-Valued Colored Balls,Medium,30.2,https://leetcode.com/problems/sell-diminishing-valued-colored-balls/,Heap greedy / deferred choice,"Choose best available, marginal gain, or replacement candidate","Sort/unlock candidates, then use heap to choose best currently available or replace worst selected.",available candidates heap; max marginal gain; replacement heap; bottleneck threshold,deferred greedy / exchange / threshold,greedy + heap,Heap-greedy,Medium,Review exact statement; this row is inferred from title.,heuristic
1663,Smallest String With A Given Numeric Value,Medium,67.4,https://leetcode.com/problems/smallest-string-with-a-given-numeric-value/,Lexicographic / monotonic construction,"Smallest/largest string, number, or subsequence","Use monotonic stack, comparator sorting, or constructive scan to preserve feasibility while improving lexicographic order.",monotonic stack; remaining counts; used set; comparator sorting; deletion budget,exchange + feasibility preservation,greedy + monotonic stack / sorting,Lexicographic Greedy,Medium,Review exact statement; this row is inferred from title.,heuristic
1665,Minimum Initial Energy to Finish Tasks,Hard,60.9,https://leetcode.com/problems/minimum-initial-energy-to-finish-tasks/,Interval / coverage / scheduling,"Intervals, deadlines, coverage, or active-set scheduling","Sort by endpoint/start/deadline, then keep earliest finish, expand coverage, or use an active heap.",sort by endpoint; coverage frontier; active interval heap; deadline first,exchange / stays-ahead / sweep invariant,"greedy, greedy + heap, or binary search + greedy",Interval / scheduling / coverage,High,Review exact statement; this row is inferred from title.,heuristic
1671,Minimum Number of Removals to Make Mountain Array,Hard,54.8,https://leetcode.com/problems/minimum-number-of-removals-to-make-mountain-array/,Array transformation / partition greedy,"Prefix/suffix repair, partitioning, or subsequence choice","Scan with prefix/suffix state, repair violations, or greedily partition when invariant boundary is met.",prefix/suffix state; local repair; partition boundary; monotonic subsequence,stays-ahead / exchange / local feasibility,greedy or greedy-DP boundary / DP-boundary,Array partition/transformation,High,Review exact statement; this row is inferred from title. Greedy tag may be misleading; compare against DP/game formulation.,heuristic
1673,Find the Most Competitive Subsequence,Medium,53.0,https://leetcode.com/problems/find-the-most-competitive-subsequence/,Lexicographic monotonic stack,Most Competitive Subsequence,Build smallest length-k subsequence by popping larger previous values if enough elements remain.,monotonic stack; remaining capacity; length constraint,exchange / feasibility,greedy + monotonic stack,Lexicographic deletion,Very High,Pop only if enough remaining elements can still fill k.,manual-high
1675,Minimize Deviation in Array,Hard,54.0,https://leetcode.com/problems/minimize-deviation-in-array/,Array transformation / partition greedy,"Prefix/suffix repair, partitioning, or subsequence choice","Scan with prefix/suffix state, repair violations, or greedily partition when invariant boundary is met.",prefix/suffix state; local repair; partition boundary; monotonic subsequence,stays-ahead / exchange / local feasibility,greedy or greedy-DP boundary,Array partition/transformation,High,Review exact statement; this row is inferred from title.,heuristic
1686,Stone Game VI,Medium,60.6,https://leetcode.com/problems/stone-game-vi/,Game scoring greedy,Stone Game VI,Sort stones by total value to both players; alternate picks.,delta/combined value sorting; turn scoring,game exchange,game-theoretic greedy,Stone Game,High,"Sort by alice[i]+bob[i], not Alice value alone.",manual-high
1689,Partitioning Into Minimum Number Of Deci-Binary Numbers,Medium,90.5,https://leetcode.com/problems/partitioning-into-minimum-number-of-deci-binary-numbers/,Array transformation / partition greedy,"Prefix/suffix repair, partitioning, or subsequence choice","Scan with prefix/suffix state, repair violations, or greedily partition when invariant boundary is met.",prefix/suffix state; local repair; partition boundary; monotonic subsequence,stays-ahead / exchange / local feasibility,greedy or greedy-DP boundary,Array partition/transformation,Medium,Review exact statement; this row is inferred from title.,heuristic
1702,Maximum Binary String After Change,Medium,47.6,https://leetcode.com/problems/maximum-binary-string-after-change/,Lexicographic / monotonic construction,"Smallest/largest string, number, or subsequence","Use monotonic stack, comparator sorting, or constructive scan to preserve feasibility while improving lexicographic order.",monotonic stack; remaining counts; used set; comparator sorting; deletion budget,exchange + feasibility preservation,greedy + monotonic stack / sorting,Lexicographic Greedy,Medium,Review exact statement; this row is inferred from title.,heuristic
1703,Minimum Adjacent Swaps for K Consecutive Ones,Hard,42.2,https://leetcode.com/problems/minimum-adjacent-swaps-for-k-consecutive-ones/,Sorting / choice greedy,General greedy ordering,Sort or scan candidates and apply a locally safe choice/dominance rule.,sorted candidate stream; local safe choice; dominance skip,exchange / dominance,pure greedy or sorting greedy,,High,Review exact statement; this row is inferred from title.,heuristic
1705,Maximum Number of Eaten Apples,Medium,43.2,https://leetcode.com/problems/maximum-number-of-eaten-apples/,Deadline scheduling,Maximum Number of Eaten Apples,Each day eat apple with earliest expiry among available batches.,min-heap by expiry; active resources,earliest deadline first,greedy + heap,Scheduling / perishables,High,Remove rotten batches before eating.,manual-high
1708,Largest Subarray Length K,Easy,65.8,https://leetcode.com/problems/largest-subarray-length-k/,Lexicographic / monotonic construction,"Smallest/largest string, number, or subsequence","Use monotonic stack, comparator sorting, or constructive scan to preserve feasibility while improving lexicographic order.",monotonic stack; remaining counts; used set; comparator sorting; deletion budget,exchange + feasibility preservation,greedy + monotonic stack / sorting,Lexicographic Greedy,Low,Review exact statement; this row is inferred from title.,heuristic
1710,Maximum Units on a Truck,Easy,74.8,https://leetcode.com/problems/maximum-units-on-a-truck/,Sorting / choice greedy,General greedy ordering,Sort or scan candidates and apply a locally safe choice/dominance rule.,sorted candidate stream; local safe choice; dominance skip,exchange / dominance,pure greedy or sorting greedy,,Low,Review exact statement; this row is inferred from title.,heuristic
1713,Minimum Operations to Make a Subsequence,Hard,49.7,https://leetcode.com/problems/minimum-operations-to-make-a-subsequence/,Array transformation / partition greedy,"Prefix/suffix repair, partitioning, or subsequence choice","Scan with prefix/suffix state, repair violations, or greedily partition when invariant boundary is met.",prefix/suffix state; local repair; partition boundary; monotonic subsequence,stays-ahead / exchange / local feasibility,greedy or greedy-DP boundary / DP-boundary,Array partition/transformation,High,Review exact statement; this row is inferred from title. Greedy tag may be misleading; compare against DP/game formulation.,heuristic
1717,Maximum Score From Removing Substrings,Medium,66.5,https://leetcode.com/problems/maximum-score-from-removing-substrings/,Interval / coverage / scheduling,"Intervals, deadlines, coverage, or active-set scheduling","Sort by endpoint/start/deadline, then keep earliest finish, expand coverage, or use an active heap.",sort by endpoint; coverage frontier; active interval heap; deadline first,exchange / stays-ahead / sweep invariant,"greedy, greedy + heap, or binary search + greedy",Interval / scheduling / coverage,Medium,Review exact statement; this row is inferred from title.,heuristic
1727,Largest Submatrix With Rearrangements,Medium,80.2,https://leetcode.com/problems/largest-submatrix-with-rearrangements/,Constructive matrix/tree/graph greedy,Structural construction or assignment,Use local degree/row/column/path constraints to construct or maximize under structural invariants.,degree sorting; row/column residuals; local repair; structural invariant,exchange / invariant construction,constructive greedy / hybrid,Constructive structures,Medium,Review exact statement; this row is inferred from title.,heuristic
1733,Minimum Number of People to Teach,Medium,67.4,https://leetcode.com/problems/minimum-number-of-people-to-teach/,Sorting / choice greedy,General greedy ordering,Sort or scan candidates and apply a locally safe choice/dominance rule.,sorted candidate stream; local safe choice; dominance skip,exchange / dominance,pure greedy or sorting greedy,,Medium,Review exact statement; this row is inferred from title.,heuristic
1736,Latest Time by Replacing Hidden Digits,Easy,43.8,https://leetcode.com/problems/latest-time-by-replacing-hidden-digits/,Sorting / choice greedy,General greedy ordering,Sort or scan candidates and apply a locally safe choice/dominance rule.,sorted candidate stream; local safe choice; dominance skip,exchange / dominance,pure greedy or sorting greedy,,Low,Review exact statement; this row is inferred from title.,heuristic
1739,Building Boxes,Hard,52.3,https://leetcode.com/problems/building-boxes/,Sorting / choice greedy,General greedy ordering,Sort or scan candidates and apply a locally safe choice/dominance rule.,sorted candidate stream; local safe choice; dominance skip,exchange / dominance,pure greedy or sorting greedy,,High,Review exact statement; this row is inferred from title.,heuristic
1753,Maximum Score From Removing Stones,Medium,68.5,https://leetcode.com/problems/maximum-score-from-removing-stones/,Game theory / resource removal,Stone/removal game or heap reduction,"Either sort by combined value for alternating picks, reason by residues/parity, or repeatedly reduce largest pile.",game scoring; residue counts; max-heap reduction,game invariant / exchange / marginal reduction,game theory or heap greedy,Stone Game / stones,Medium,Review exact statement; this row is inferred from title.,heuristic
1754,Largest Merge Of Two Strings,Medium,53.9,https://leetcode.com/problems/largest-merge-of-two-strings/,Lexicographic / monotonic construction,"Smallest/largest string, number, or subsequence","Use monotonic stack, comparator sorting, or constructive scan to preserve feasibility while improving lexicographic order.",monotonic stack; remaining counts; used set; comparator sorting; deletion budget,exchange + feasibility preservation,greedy + monotonic stack / sorting,Lexicographic Greedy,Medium,Review exact statement; this row is inferred from title.,heuristic
1764,Form Array by Concatenating Subarrays of Another Array,Medium,54.8,https://leetcode.com/problems/form-array-by-concatenating-subarrays-of-another-array/,Array transformation / partition greedy,"Prefix/suffix repair, partitioning, or subsequence choice","Scan with prefix/suffix state, repair violations, or greedily partition when invariant boundary is met.",prefix/suffix state; local repair; partition boundary; monotonic subsequence,stays-ahead / exchange / local feasibility,greedy or greedy-DP boundary,Array partition/transformation,Medium,Review exact statement; this row is inferred from title.,heuristic
1775,Equal Sum Arrays With Minimum Number of Operations,Medium,54.5,https://leetcode.com/problems/equal-sum-arrays-with-minimum-number-of-operations/,Pairing / matching / delta sorting,"Pair extremes, smallest sufficient match, or opportunity-cost sorting","Sort both sides; match smallest sufficient resource, pair extremes, or choose top deltas.",two pointers; pair extremes; smallest sufficient resource; delta sorting,exchange argument,pure greedy + sorting/two pointers,Pairing / matching,Medium,Review exact statement; this row is inferred from title.,heuristic
1785,Minimum Elements to Add to Form a Given Sum,Medium,45.1,https://leetcode.com/problems/minimum-elements-to-add-to-form-a-given-sum/,Numeric / bitwise greedy,"Digit, bit, residue, or marginal numeric optimization",Use residue/bit contribution or marginal gains to maximize/minimize numeric objective.,bit contribution; residue counts; marginal gain; digit replacement,exchange / contribution dominance / invariant,numeric greedy / bit greedy / hybrid,Numeric / bitwise,Medium,Review exact statement; this row is inferred from title.,heuristic
1788,Maximize the Beauty of the Garden,Hard,64.9,https://leetcode.com/problems/maximize-the-beauty-of-the-garden/,Sorting / choice greedy,General greedy ordering,Sort or scan candidates and apply a locally safe choice/dominance rule.,sorted candidate stream; local safe choice; dominance skip,exchange / dominance,pure greedy or sorting greedy,,High,Review exact statement; this row is inferred from title.,heuristic
1792,Maximum Average Pass Ratio,Medium,74.1,https://leetcode.com/problems/maximum-average-pass-ratio/,Marginal gain heap,Maximum Average Pass Ratio,Repeatedly assign extra student to class with largest marginal pass-ratio gain.,max-heap marginal gain; update gain,diminishing returns,greedy + heap,Heap-greedy / marginal,Very High,The marginal gain changes after each assignment.,manual-high
1794,Count Pairs of Equal Substrings With Minimum Difference,Medium,64.1,https://leetcode.com/problems/count-pairs-of-equal-substrings-with-minimum-difference/,Interval / coverage / scheduling,"Intervals, deadlines, coverage, or active-set scheduling","Sort by endpoint/start/deadline, then keep earliest finish, expand coverage, or use an active heap.",sort by endpoint; coverage frontier; active interval heap; deadline first,exchange / stays-ahead / sweep invariant,"greedy, greedy + heap, or binary search + greedy",Interval / scheduling / coverage,Medium,Review exact statement; this row is inferred from title.,heuristic
1798,Maximum Number of Consecutive Values You Can Make,Medium,64.0,https://leetcode.com/problems/maximum-number-of-consecutive-values-you-can-make/,Coverage / patching,Maximum Number of Consecutive Values You Can Make,"Sort coins; maintain [0, reach] constructible; coin <= reach+1 extends.",coverage frontier; smallest missing value,stays-ahead,pure greedy,Coverage / patching,Very High,Same invariant as patching array.,manual-high
1802,Maximum Value at a Given Index in a Bounded Array,Medium,38.9,https://leetcode.com/problems/maximum-value-at-a-given-index-in-a-bounded-array/,Binary search + greedy feasibility,Monotone answer with greedy check,Binary search the answer; greedily verify feasibility under candidate value.,feasibility predicate; monotone answer; sorted greedy check; prefix/range update,feasibility monotonicity,binary search + greedy,Binary search on answer,Medium,Review exact statement; this row is inferred from title.,heuristic
1824,Minimum Sideway Jumps,Medium,51.6,https://leetcode.com/problems/minimum-sideway-jumps/,Jump / reachability frontier,Reachability or minimum jumps,"Maintain a frontier of reachable positions, or binary-search/DP when constraints change.",reachable frontier; farthest extension; current layer boundary,stays-ahead / feasibility monotonicity,greedy frontier or hybrid / DP-boundary,Jump Game,Medium,Review exact statement; this row is inferred from title. Greedy tag may be misleading; compare against DP/game formulation.,heuristic
1827,Minimum Operations to Make the Array Increasing,Easy,82.0,https://leetcode.com/problems/minimum-operations-to-make-the-array-increasing/,Array transformation / partition greedy,"Prefix/suffix repair, partitioning, or subsequence choice","Scan with prefix/suffix state, repair violations, or greedily partition when invariant boundary is met.",prefix/suffix state; local repair; partition boundary; monotonic subsequence,stays-ahead / exchange / local feasibility,greedy or greedy-DP boundary,Array partition/transformation,Low,Review exact statement; this row is inferred from title.,heuristic
1833,Maximum Ice Cream Bars,Medium,74.3,https://leetcode.com/problems/maximum-ice-cream-bars/,Sorting / choice greedy,General greedy ordering,Sort or scan candidates and apply a locally safe choice/dominance rule.,sorted candidate stream; local safe choice; dominance skip,exchange / dominance,pure greedy or sorting greedy,,Medium,Review exact statement; this row is inferred from title.,heuristic
1838,Frequency of the Most Frequent Element,Medium,44.8,https://leetcode.com/problems/frequency-of-the-most-frequent-element/,Pairing / matching / delta sorting,"Pair extremes, smallest sufficient match, or opportunity-cost sorting","Sort both sides; match smallest sufficient resource, pair extremes, or choose top deltas.",two pointers; pair extremes; smallest sufficient resource; delta sorting,exchange argument,pure greedy + sorting/two pointers,Pairing / matching,Medium,Review exact statement; this row is inferred from title.,heuristic
1846,Maximum Element After Decreasing and Rearranging,Medium,65.7,https://leetcode.com/problems/maximum-element-after-decreasing-and-rearranging/,Numeric / bitwise greedy,"Digit, bit, residue, or marginal numeric optimization",Use residue/bit contribution or marginal gains to maximize/minimize numeric objective.,bit contribution; residue counts; marginal gain; digit replacement,exchange / contribution dominance / invariant,numeric greedy / bit greedy / hybrid,Numeric / bitwise,Medium,Review exact statement; this row is inferred from title.,heuristic
1850,Minimum Adjacent Swaps to Reach the Kth Smallest Number,Medium,71.8,https://leetcode.com/problems/minimum-adjacent-swaps-to-reach-the-kth-smallest-number/,Lexicographic / monotonic construction,"Smallest/largest string, number, or subsequence","Use monotonic stack, comparator sorting, or constructive scan to preserve feasibility while improving lexicographic order.",monotonic stack; remaining counts; used set; comparator sorting; deletion budget,exchange + feasibility preservation,greedy + monotonic stack / sorting,Lexicographic Greedy,Medium,Review exact statement; this row is inferred from title.,heuristic
1864,Minimum Number of Swaps to Make the Binary String Alternating,Medium,43.9,https://leetcode.com/problems/minimum-number-of-swaps-to-make-the-binary-string-alternating/,Frequency / counting / string construction,"Counts, buckets, cooldown, or repeat limits",Use counts to construct a feasible/maximal object while preserving future availability.,frequency map; bucket ordering; cooldown; repeat-limit breaker; remaining demand,exchange / feasibility preservation,greedy + counting/heap,Frequency/String,Medium,Review exact statement; this row is inferred from title.,heuristic
1874,Minimize Product Sum of Two Arrays,Medium,89.9,https://leetcode.com/problems/minimize-product-sum-of-two-arrays/,Pairing / matching / delta sorting,"Pair extremes, smallest sufficient match, or opportunity-cost sorting","Sort both sides; match smallest sufficient resource, pair extremes, or choose top deltas.",two pointers; pair extremes; smallest sufficient resource; delta sorting,exchange argument,pure greedy + sorting/two pointers,Pairing / matching,Medium,Review exact statement; this row is inferred from title.,heuristic
1877,Minimize Maximum Pair Sum in Array,Medium,83.3,https://leetcode.com/problems/minimize-maximum-pair-sum-in-array/,Pairing / matching / delta sorting,"Pair extremes, smallest sufficient match, or opportunity-cost sorting","Sort both sides; match smallest sufficient resource, pair extremes, or choose top deltas.",two pointers; pair extremes; smallest sufficient resource; delta sorting,exchange argument,pure greedy + sorting/two pointers,Pairing / matching,Medium,Review exact statement; this row is inferred from title.,heuristic
1881,Maximum Value after Insertion,Medium,39.4,https://leetcode.com/problems/maximum-value-after-insertion/,Lexicographic / monotonic construction,"Smallest/largest string, number, or subsequence","Use monotonic stack, comparator sorting, or constructive scan to preserve feasibility while improving lexicographic order.",monotonic stack; remaining counts; used set; comparator sorting; deletion budget,exchange + feasibility preservation,greedy + monotonic stack / sorting,Lexicographic Greedy,Medium,Review exact statement; this row is inferred from title.,heuristic
1899,Merge Triplets to Form Target Triplet,Medium,69.0,https://leetcode.com/problems/merge-triplets-to-form-target-triplet/,Sorting / choice greedy,General greedy ordering,Sort or scan candidates and apply a locally safe choice/dominance rule.,sorted candidate stream; local safe choice; dominance skip,exchange / dominance,pure greedy or sorting greedy,,Medium,Review exact statement; this row is inferred from title.,heuristic
1903,Largest Odd Number in String,Easy,67.4,https://leetcode.com/problems/largest-odd-number-in-string/,Frequency / counting / string construction,"Counts, buckets, cooldown, or repeat limits",Use counts to construct a feasible/maximal object while preserving future availability.,frequency map; bucket ordering; cooldown; repeat-limit breaker; remaining demand,exchange / feasibility preservation,greedy + counting/heap,Frequency/String,Low,Review exact statement; this row is inferred from title.,heuristic
1921,Eliminate Maximum Number of Monsters,Medium,51.1,https://leetcode.com/problems/eliminate-maximum-number-of-monsters/,Deadline ordering,Eliminate Maximum Number of Monsters,Compute arrival deadlines; kill in increasing deadline order.,sort deadlines; one action per time,earliest deadline first,pure greedy,Scheduling,High,"If deadline <= current minute, fail.",manual-high
1927,Sum Game,Medium,49.3,https://leetcode.com/problems/sum-game/,Numeric / bitwise greedy,"Digit, bit, residue, or marginal numeric optimization",Use residue/bit contribution or marginal gains to maximize/minimize numeric objective.,bit contribution; residue counts; marginal gain; digit replacement,exchange / contribution dominance / invariant,numeric greedy / bit greedy / hybrid,Numeric / bitwise,Medium,Review exact statement; this row is inferred from title.,heuristic
1936,Add Minimum Number of Rungs,Medium,44.0,https://leetcode.com/problems/add-minimum-number-of-rungs/,Jump / reachability frontier,Reachability or minimum jumps,"Maintain a frontier of reachable positions, or binary-search/DP when constraints change.",reachable frontier; farthest extension; current layer boundary,stays-ahead / feasibility monotonicity,greedy frontier or hybrid,Jump Game,Medium,Review exact statement; this row is inferred from title.,heuristic
1946,Largest Number After Mutating Substring,Medium,38.1,https://leetcode.com/problems/largest-number-after-mutating-substring/,Lexicographic / monotonic construction,"Smallest/largest string, number, or subsequence","Use monotonic stack, comparator sorting, or constructive scan to preserve feasibility while improving lexicographic order.",monotonic stack; remaining counts; used set; comparator sorting; deletion budget,exchange + feasibility preservation,greedy + monotonic stack / sorting,Lexicographic Greedy,Medium,Review exact statement; this row is inferred from title.,heuristic
1953,Maximum Number of Weeks for Which You Can Work,Medium,42.5,https://leetcode.com/problems/maximum-number-of-weeks-for-which-you-can-work/,Sorting / choice greedy,General greedy ordering,Sort or scan candidates and apply a locally safe choice/dominance rule.,sorted candidate stream; local safe choice; dominance skip,exchange / dominance,pure greedy or sorting greedy,,Medium,Review exact statement; this row is inferred from title.,heuristic
1962,Remove Stones to Minimize the Total,Medium,65.7,https://leetcode.com/problems/remove-stones-to-minimize-the-total/,Game theory / resource removal,Stone/removal game or heap reduction,"Either sort by combined value for alternating picks, reason by residues/parity, or repeatedly reduce largest pile.",game scoring; residue counts; max-heap reduction,game invariant / exchange / marginal reduction,game theory or heap greedy,Stone Game / stones,Medium,Review exact statement; this row is inferred from title.,heuristic
1963,Minimum Number of Swaps to Make the String Balanced,Medium,78.0,https://leetcode.com/problems/minimum-number-of-swaps-to-make-the-string-balanced/,Frequency / counting / string construction,"Counts, buckets, cooldown, or repeat limits",Use counts to construct a feasible/maximal object while preserving future availability.,frequency map; bucket ordering; cooldown; repeat-limit breaker; remaining demand,exchange / feasibility preservation,greedy + counting/heap,Frequency/String,Medium,Review exact statement; this row is inferred from title.,heuristic
1968,Array With Elements Not Equal to Average of Neighbors,Medium,50.7,https://leetcode.com/problems/array-with-elements-not-equal-to-average-of-neighbors/,Array transformation / partition greedy,"Prefix/suffix repair, partitioning, or subsequence choice","Scan with prefix/suffix state, repair violations, or greedily partition when invariant boundary is met.",prefix/suffix state; local repair; partition boundary; monotonic subsequence,stays-ahead / exchange / local feasibility,greedy or greedy-DP boundary,Array partition/transformation,Medium,Review exact statement; this row is inferred from title.,heuristic
1969,Minimum Non-Zero Product of the Array Elements,Medium,37.6,https://leetcode.com/problems/minimum-non-zero-product-of-the-array-elements/,Numeric / bitwise greedy,"Digit, bit, residue, or marginal numeric optimization",Use residue/bit contribution or marginal gains to maximize/minimize numeric objective.,bit contribution; residue counts; marginal gain; digit replacement,exchange / contribution dominance / invariant,numeric greedy / bit greedy / hybrid,Numeric / bitwise,Medium,Review exact statement; this row is inferred from title.,heuristic
1974,Minimum Time to Type Word Using Special Typewriter,Easy,78.7,https://leetcode.com/problems/minimum-time-to-type-word-using-special-typewriter/,Frequency / counting / string construction,"Counts, buckets, cooldown, or repeat limits",Use counts to construct a feasible/maximal object while preserving future availability.,frequency map; bucket ordering; cooldown; repeat-limit breaker; remaining demand,exchange / feasibility preservation,greedy + counting/heap,Frequency/String,Low,Review exact statement; this row is inferred from title.,heuristic
1975,Maximum Matrix Sum,Medium,67.5,https://leetcode.com/problems/maximum-matrix-sum/,Constructive matrix/tree/graph greedy,Structural construction or assignment,Use local degree/row/column/path constraints to construct or maximize under structural invariants.,degree sorting; row/column residuals; local repair; structural invariant,exchange / invariant construction,constructive greedy / hybrid,Constructive structures,Medium,Review exact statement; this row is inferred from title.,heuristic
1989,Maximum Number of People That Can Be Caught in Tag,Medium,49.4,https://leetcode.com/problems/maximum-number-of-people-that-can-be-caught-in-tag/,Pairing / matching / delta sorting,"Pair extremes, smallest sufficient match, or opportunity-cost sorting","Sort both sides; match smallest sufficient resource, pair extremes, or choose top deltas.",two pointers; pair extremes; smallest sufficient resource; delta sorting,exchange argument,pure greedy + sorting/two pointers,Pairing / matching,Medium,Review exact statement; this row is inferred from title.,heuristic
1996,The Number of Weak Characters in the Game,Medium,44.6,https://leetcode.com/problems/the-number-of-weak-characters-in-the-game/,Frequency / counting / string construction,"Counts, buckets, cooldown, or repeat limits",Use counts to construct a feasible/maximal object while preserving future availability.,frequency map; bucket ordering; cooldown; repeat-limit breaker; remaining demand,exchange / feasibility preservation,greedy + counting/heap,Frequency/String,Medium,Review exact statement; this row is inferred from title.,heuristic
2007,Find Original Array From Doubled Array,Medium,40.8,https://leetcode.com/problems/find-original-array-from-doubled-array/,Pairing / matching / delta sorting,"Pair extremes, smallest sufficient match, or opportunity-cost sorting","Sort both sides; match smallest sufficient resource, pair extremes, or choose top deltas.",two pointers; pair extremes; smallest sufficient resource; delta sorting,exchange argument,pure greedy + sorting/two pointers,Pairing / matching,Medium,Review exact statement; this row is inferred from title.,heuristic
2027,Minimum Moves to Convert String,Easy,57.9,https://leetcode.com/problems/minimum-moves-to-convert-string/,Frequency / counting / string construction,"Counts, buckets, cooldown, or repeat limits",Use counts to construct a feasible/maximal object while preserving future availability.,frequency map; bucket ordering; cooldown; repeat-limit breaker; remaining demand,exchange / feasibility preservation,greedy + counting/heap,Frequency/String,Low,Review exact statement; this row is inferred from title.,heuristic
2029,Stone Game IX,Medium,30.2,https://leetcode.com/problems/stone-game-ix/,Game theory / residue counts,Stone Game IX,"Outcome depends on counts mod 3 and turn parity, not local stone greed.",mod counts; parity invariant; optimal play cases,game invariant / case analysis,game theory + greedy counts,Stone Game,High,Do not simulate greedy stone choices.,manual-high
2030,Smallest K-Length Subsequence With Occurrences of a Letter,Hard,39.8,https://leetcode.com/problems/smallest-k-length-subsequence-with-occurrences-of-a-letter/,Lexicographic / monotonic construction,"Smallest/largest string, number, or subsequence","Use monotonic stack, comparator sorting, or constructive scan to preserve feasibility while improving lexicographic order.",monotonic stack; remaining counts; used set; comparator sorting; deletion budget,exchange + feasibility preservation,greedy + monotonic stack / sorting,Lexicographic Greedy,High,Review exact statement; this row is inferred from title.,heuristic
2037,Minimum Number of Moves to Seat Everyone,Easy,87.2,https://leetcode.com/problems/minimum-number-of-moves-to-seat-everyone/,Pairing / matching / delta sorting,"Pair extremes, smallest sufficient match, or opportunity-cost sorting","Sort both sides; match smallest sufficient resource, pair extremes, or choose top deltas.",two pointers; pair extremes; smallest sufficient resource; delta sorting,exchange argument,pure greedy + sorting/two pointers,Pairing / matching,Low,Review exact statement; this row is inferred from title.,heuristic
2038,Remove Colored Pieces if Both Neighbors are the Same Color,Medium,63.1,https://leetcode.com/problems/remove-colored-pieces-if-both-neighbors-are-the-same-color/,Sorting / choice greedy,General greedy ordering,Sort or scan candidates and apply a locally safe choice/dominance rule.,sorted candidate stream; local safe choice; dominance skip,exchange / dominance,pure greedy or sorting greedy,,Medium,Review exact statement; this row is inferred from title.,heuristic
2064,Minimized Maximum of Products Distributed to Any Store,Medium,63.1,https://leetcode.com/problems/minimized-maximum-of-products-distributed-to-any-store/,Binary search + greedy feasibility,Monotone answer with greedy check,Binary search the answer; greedily verify feasibility under candidate value.,feasibility predicate; monotone answer; sorted greedy check; prefix/range update,feasibility monotonicity,binary search + greedy,Binary search on answer,Medium,Review exact statement; this row is inferred from title.,heuristic
2071,Maximum Number of Tasks You Can Assign,Hard,50.1,https://leetcode.com/problems/maximum-number-of-tasks-you-can-assign/,Binary search + greedy matching,Maximum Number of Tasks You Can Assign,Binary search number of tasks; greedily match hardest selected tasks using workers and pills.,feasibility check; sorted matching; deque/multiset,feasibility monotonicity,binary search + greedy,Matching / binary search,High,Optimization is BS; greedy check is the hard part.,manual-high
2078,Two Furthest Houses With Different Colors,Easy,71.8,https://leetcode.com/problems/two-furthest-houses-with-different-colors/,Sorting / choice greedy,General greedy ordering,Sort or scan candidates and apply a locally safe choice/dominance rule.,sorted candidate stream; local safe choice; dominance skip,exchange / dominance,pure greedy or sorting greedy,,Low,Review exact statement; this row is inferred from title.,heuristic
2086,Minimum Number of Food Buckets to Feed the Hamsters,Medium,48.3,https://leetcode.com/problems/minimum-number-of-food-buckets-to-feed-the-hamsters/,Sorting / choice greedy,General greedy ordering,Sort or scan candidates and apply a locally safe choice/dominance rule.,sorted candidate stream; local safe choice; dominance skip,exchange / dominance,pure greedy or sorting greedy,,Medium,Review exact statement; this row is inferred from title.,heuristic
2087,Minimum Cost Homecoming of a Robot in a Grid,Medium,51.8,https://leetcode.com/problems/minimum-cost-homecoming-of-a-robot-in-a-grid/,Constructive matrix/tree/graph greedy,Structural construction or assignment,Use local degree/row/column/path constraints to construct or maximize under structural invariants.,degree sorting; row/column residuals; local repair; structural invariant,exchange / invariant construction,constructive greedy / hybrid,Constructive structures,Medium,Review exact statement; this row is inferred from title.,heuristic
2091,Removing Minimum and Maximum From Array,Medium,56.4,https://leetcode.com/problems/removing-minimum-and-maximum-from-array/,Numeric / bitwise greedy,"Digit, bit, residue, or marginal numeric optimization",Use residue/bit contribution or marginal gains to maximize/minimize numeric objective.,bit contribution; residue counts; marginal gain; digit replacement,exchange / contribution dominance / invariant,numeric greedy / bit greedy / hybrid,Numeric / bitwise,Medium,Review exact statement; this row is inferred from title.,heuristic
2098,Subsequence of Size K With the Largest Even Sum,Medium,35.6,https://leetcode.com/problems/subsequence-of-size-k-with-the-largest-even-sum/,Numeric / bitwise greedy,"Digit, bit, residue, or marginal numeric optimization",Use residue/bit contribution or marginal gains to maximize/minimize numeric objective.,bit contribution; residue counts; marginal gain; digit replacement,exchange / contribution dominance / invariant,numeric greedy / bit greedy / hybrid,Numeric / bitwise,Medium,Review exact statement; this row is inferred from title.,heuristic
2116,Check if a Parentheses String Can Be Valid,Medium,45.1,https://leetcode.com/problems/check-if-a-parentheses-string-can-be-valid/,Parentheses / balance greedy,Balance repair or wildcard feasibility,Track open balance or feasible open range and repair deficits locally.,running balance; min/max open range; insertion/deletion repair,balance invariant / feasibility interval,pure greedy,Parentheses,Medium,Review exact statement; this row is inferred from title.,heuristic
2126,Destroying Asteroids,Medium,53.5,https://leetcode.com/problems/destroying-asteroids/,Sorting / choice greedy,General greedy ordering,Sort or scan candidates and apply a locally safe choice/dominance rule.,sorted candidate stream; local safe choice; dominance skip,exchange / dominance,pure greedy or sorting greedy,,Medium,Review exact statement; this row is inferred from title.,heuristic
2131,Longest Palindrome by Concatenating Two Letter Words,Medium,53.5,https://leetcode.com/problems/longest-palindrome-by-concatenating-two-letter-words/,Palindrome construction / counting,"Use counts, center choice, or two-pointer repair",Use frequency parity or symmetric two-pointer operations to maximize/minimize palindrome construction.,frequency counts; parity invariant; pair from extremes; center choice,parity invariant / exchange,counting greedy or two-pointer greedy,Palindrome,Medium,Review exact statement; this row is inferred from title.,heuristic
2132,Stamping the Grid,Hard,35.3,https://leetcode.com/problems/stamping-the-grid/,Constructive matrix/tree/graph greedy,Structural construction or assignment,Use local degree/row/column/path constraints to construct or maximize under structural invariants.,degree sorting; row/column residuals; local repair; structural invariant,exchange / invariant construction,constructive greedy / hybrid,Constructive structures,High,Review exact statement; this row is inferred from title.,heuristic
2136,Earliest Possible Day of Full Bloom,Hard,71.2,https://leetcode.com/problems/earliest-possible-day-of-full-bloom/,Ordering by tail time,Earliest Possible Day of Full Bloom,Plant longer grow-time seeds earlier.,sort by descending growTime; prefix plant time,exchange argument,pure greedy,Scheduling,High,Plant time accumulates; grow time is tail latency.,manual-high
2139,Minimum Moves to Reach Target Score,Medium,52.4,https://leetcode.com/problems/minimum-moves-to-reach-target-score/,Sorting / choice greedy,General greedy ordering,Sort or scan candidates and apply a locally safe choice/dominance rule.,sorted candidate stream; local safe choice; dominance skip,exchange / dominance,pure greedy or sorting greedy,,Medium,Review exact statement; this row is inferred from title.,heuristic
2141,Maximum Running Time of N Computers,Hard,56.4,https://leetcode.com/problems/maximum-running-time-of-n-computers/,Binary search + greedy feasibility,Monotone answer with greedy check,Binary search the answer; greedily verify feasibility under candidate value.,feasibility predicate; monotone answer; sorted greedy check; prefix/range update,feasibility monotonicity,binary search + greedy,Binary search on answer,High,Review exact statement; this row is inferred from title.,heuristic
2144,Minimum Cost of Buying Candies With Discount,Easy,62.8,https://leetcode.com/problems/minimum-cost-of-buying-candies-with-discount/,Sorting / choice greedy,General greedy ordering,Sort or scan candidates and apply a locally safe choice/dominance rule.,sorted candidate stream; local safe choice; dominance skip,exchange / dominance,pure greedy or sorting greedy,,Low,Review exact statement; this row is inferred from title.,heuristic
2160,Minimum Sum of Four Digit Number After Splitting Digits,Easy,86.3,https://leetcode.com/problems/minimum-sum-of-four-digit-number-after-splitting-digits/,Numeric / bitwise greedy,"Digit, bit, residue, or marginal numeric optimization",Use residue/bit contribution or marginal gains to maximize/minimize numeric objective.,bit contribution; residue counts; marginal gain; digit replacement,exchange / contribution dominance / invariant,numeric greedy / bit greedy / hybrid,Numeric / bitwise,Low,Review exact statement; this row is inferred from title.,heuristic
2170,Minimum Operations to Make the Array Alternating,Medium,35.7,https://leetcode.com/problems/minimum-operations-to-make-the-array-alternating/,Array transformation / partition greedy,"Prefix/suffix repair, partitioning, or subsequence choice","Scan with prefix/suffix state, repair violations, or greedily partition when invariant boundary is met.",prefix/suffix state; local repair; partition boundary; monotonic subsequence,stays-ahead / exchange / local feasibility,greedy or greedy-DP boundary,Array partition/transformation,Medium,Review exact statement; this row is inferred from title.,heuristic
2171,Removing Minimum Number of Magic Beans,Medium,44.6,https://leetcode.com/problems/removing-minimum-number-of-magic-beans/,Sorting / choice greedy,General greedy ordering,Sort or scan candidates and apply a locally safe choice/dominance rule.,sorted candidate stream; local safe choice; dominance skip,exchange / dominance,pure greedy or sorting greedy,,Medium,Review exact statement; this row is inferred from title.,heuristic
2178,Maximum Split of Positive Even Integers,Medium,59.7,https://leetcode.com/problems/maximum-split-of-positive-even-integers/,Array transformation / partition greedy,"Prefix/suffix repair, partitioning, or subsequence choice","Scan with prefix/suffix state, repair violations, or greedily partition when invariant boundary is met.",prefix/suffix state; local repair; partition boundary; monotonic subsequence,stays-ahead / exchange / local feasibility,greedy or greedy-DP boundary,Array partition/transformation,Medium,Review exact statement; this row is inferred from title.,heuristic
2182,Construct String With Repeat Limit,Medium,70.8,https://leetcode.com/problems/construct-string-with-repeat-limit/,Lexicographic / monotonic construction,"Smallest/largest string, number, or subsequence","Use monotonic stack, comparator sorting, or constructive scan to preserve feasibility while improving lexicographic order.",monotonic stack; remaining counts; used set; comparator sorting; deletion budget,exchange + feasibility preservation,greedy + monotonic stack / sorting,Lexicographic Greedy,Medium,Review exact statement; this row is inferred from title.,heuristic
2193,Minimum Number of Moves to Make Palindrome,Hard,52.7,https://leetcode.com/problems/minimum-number-of-moves-to-make-palindrome/,Palindrome construction / counting,"Use counts, center choice, or two-pointer repair",Use frequency parity or symmetric two-pointer operations to maximize/minimize palindrome construction.,frequency counts; parity invariant; pair from extremes; center choice,parity invariant / exchange,counting greedy or two-pointer greedy,Palindrome,High,Review exact statement; this row is inferred from title.,heuristic
2195,Append K Integers With Minimal Sum,Medium,27.0,https://leetcode.com/problems/append-k-integers-with-minimal-sum/,Numeric / bitwise greedy,"Digit, bit, residue, or marginal numeric optimization",Use residue/bit contribution or marginal gains to maximize/minimize numeric objective.,bit contribution; residue counts; marginal gain; digit replacement,exchange / contribution dominance / invariant,numeric greedy / bit greedy / hybrid,Numeric / bitwise,Medium,Review exact statement; this row is inferred from title.,heuristic
2202,Maximize the Topmost Element After K Moves,Medium,24.1,https://leetcode.com/problems/maximize-the-topmost-element-after-k-moves/,Sorting / choice greedy,General greedy ordering,Sort or scan candidates and apply a locally safe choice/dominance rule.,sorted candidate stream; local safe choice; dominance skip,exchange / dominance,pure greedy or sorting greedy,,Medium,Review exact statement; this row is inferred from title.,heuristic
2207,Maximize Number of Subsequences in a String,Medium,36.0,https://leetcode.com/problems/maximize-number-of-subsequences-in-a-string/,Frequency / counting / string construction,"Counts, buckets, cooldown, or repeat limits",Use counts to construct a feasible/maximal object while preserving future availability.,frequency map; bucket ordering; cooldown; repeat-limit breaker; remaining demand,exchange / feasibility preservation,greedy + counting/heap,Frequency/String,Medium,Review exact statement; this row is inferred from title.,heuristic
2208,Minimum Operations to Halve Array Sum,Medium,50.1,https://leetcode.com/problems/minimum-operations-to-halve-array-sum/,Marginal reduction heap,Minimum Operations to Halve Array Sum,Repeatedly halve the current largest number for maximum immediate reduction.,max-heap; largest marginal reduction,exchange / marginal gain,greedy + heap,Heap-greedy / marginal,High,Floating precision is acceptable; can scale if needed.,manual-high
2214,Minimum Health to Beat Game,Medium,58.8,https://leetcode.com/problems/minimum-health-to-beat-game/,Sorting / choice greedy,General greedy ordering,Sort or scan candidates and apply a locally safe choice/dominance rule.,sorted candidate stream; local safe choice; dominance skip,exchange / dominance,pure greedy or sorting greedy,,Medium,Review exact statement; this row is inferred from title.,heuristic
2216,Minimum Deletions to Make Array Beautiful,Medium,49.9,https://leetcode.com/problems/minimum-deletions-to-make-array-beautiful/,Array transformation / partition greedy,"Prefix/suffix repair, partitioning, or subsequence choice","Scan with prefix/suffix state, repair violations, or greedily partition when invariant boundary is met.",prefix/suffix state; local repair; partition boundary; monotonic subsequence,stays-ahead / exchange / local feasibility,greedy or greedy-DP boundary,Array partition/transformation,Medium,Review exact statement; this row is inferred from title.,heuristic
2224,Minimum Number of Operations to Convert Time,Easy,66.4,https://leetcode.com/problems/minimum-number-of-operations-to-convert-time/,Sorting / choice greedy,General greedy ordering,Sort or scan candidates and apply a locally safe choice/dominance rule.,sorted candidate stream; local safe choice; dominance skip,exchange / dominance,pure greedy or sorting greedy,,Low,Review exact statement; this row is inferred from title.,heuristic
2233,Maximum Product After K Increments,Medium,44.0,https://leetcode.com/problems/maximum-product-after-k-increments/,Water-filling heap greedy,Maximum Product After K Increments,Increment smallest values first to balance product factors.,min-heap; water filling; equalization,exchange / smoothing,greedy + heap,Heap-greedy / equalization,Medium,Modulo only at the end or carefully throughout.,manual-high
2234,Maximum Total Beauty of the Gardens,Hard,30.2,https://leetcode.com/problems/maximum-total-beauty-of-the-gardens/,Binary search + greedy feasibility,Monotone answer with greedy check,Binary search the answer; greedily verify feasibility under candidate value.,feasibility predicate; monotone answer; sorted greedy check; prefix/range update,feasibility monotonicity,binary search + greedy,Binary search on answer,High,Review exact statement; this row is inferred from title.,heuristic
2241,Design an ATM Machine,Medium,45.1,https://leetcode.com/problems/design-an-atm-machine/,Sorting / choice greedy,General greedy ordering,Sort or scan candidates and apply a locally safe choice/dominance rule.,sorted candidate stream; local safe choice; dominance skip,exchange / dominance,pure greedy or sorting greedy,,Medium,Review exact statement; this row is inferred from title.,heuristic
2244,Minimum Rounds to Complete All Tasks,Medium,63.3,https://leetcode.com/problems/minimum-rounds-to-complete-all-tasks/,Interval / coverage / scheduling,"Intervals, deadlines, coverage, or active-set scheduling","Sort by endpoint/start/deadline, then keep earliest finish, expand coverage, or use an active heap.",sort by endpoint; coverage frontier; active interval heap; deadline first,exchange / stays-ahead / sweep invariant,"greedy, greedy + heap, or binary search + greedy",Interval / scheduling / coverage,Medium,Review exact statement; this row is inferred from title.,heuristic
2259,Remove Digit From Number to Maximize Result,Easy,48.5,https://leetcode.com/problems/remove-digit-from-number-to-maximize-result/,Lexicographic / monotonic construction,"Smallest/largest string, number, or subsequence","Use monotonic stack, comparator sorting, or constructive scan to preserve feasibility while improving lexicographic order.",monotonic stack; remaining counts; used set; comparator sorting; deletion budget,exchange + feasibility preservation,greedy + monotonic stack / sorting,Lexicographic Greedy,Low,Review exact statement; this row is inferred from title.,heuristic
2263,Make Array Non-decreasing or Non-increasing,Hard,65.5,https://leetcode.com/problems/make-array-non-decreasing-or-non-increasing/,Numeric / bitwise greedy,"Digit, bit, residue, or marginal numeric optimization",Use residue/bit contribution or marginal gains to maximize/minimize numeric objective.,bit contribution; residue counts; marginal gain; digit replacement,exchange / contribution dominance / invariant,numeric greedy / bit greedy / hybrid / DP-boundary,Numeric / bitwise,High,Review exact statement; this row is inferred from title. Greedy tag may be misleading; compare against DP/game formulation.,heuristic
2268,Minimum Number of Keypresses,Medium,71.4,https://leetcode.com/problems/minimum-number-of-keypresses/,Frequency / counting / string construction,"Counts, buckets, cooldown, or repeat limits",Use counts to construct a feasible/maximal object while preserving future availability.,frequency map; bucket ordering; cooldown; repeat-limit breaker; remaining demand,exchange / feasibility preservation,greedy + counting/heap,Frequency/String,Medium,Review exact statement; this row is inferred from title.,heuristic
2271,Maximum White Tiles Covered by a Carpet,Medium,35.9,https://leetcode.com/problems/maximum-white-tiles-covered-by-a-carpet/,Interval / coverage / scheduling,"Intervals, deadlines, coverage, or active-set scheduling","Sort by endpoint/start/deadline, then keep earliest finish, expand coverage, or use an active heap.",sort by endpoint; coverage frontier; active interval heap; deadline first,exchange / stays-ahead / sweep invariant,"greedy, greedy + heap, or binary search + greedy",Interval / scheduling / coverage,Medium,Review exact statement; this row is inferred from title.,heuristic
2279,Maximum Bags With Full Capacity of Rocks,Medium,68.1,https://leetcode.com/problems/maximum-bags-with-full-capacity-of-rocks/,Sorting / choice greedy,General greedy ordering,Sort or scan candidates and apply a locally safe choice/dominance rule.,sorted candidate stream; local safe choice; dominance skip,exchange / dominance,pure greedy or sorting greedy,,Medium,Review exact statement; this row is inferred from title.,heuristic
2285,Maximum Total Importance of Roads,Medium,69.1,https://leetcode.com/problems/maximum-total-importance-of-roads/,Constructive matrix/tree/graph greedy,Structural construction or assignment,Use local degree/row/column/path constraints to construct or maximize under structural invariants.,degree sorting; row/column residuals; local repair; structural invariant,exchange / invariant construction,constructive greedy / hybrid,Constructive structures,Medium,Review exact statement; this row is inferred from title.,heuristic
2294,Partition Array Such That Maximum Difference Is K,Medium,81.8,https://leetcode.com/problems/partition-array-such-that-maximum-difference-is-k/,Array transformation / partition greedy,"Prefix/suffix repair, partitioning, or subsequence choice","Scan with prefix/suffix state, repair violations, or greedily partition when invariant boundary is met.",prefix/suffix state; local repair; partition boundary; monotonic subsequence,stays-ahead / exchange / local feasibility,greedy or greedy-DP boundary,Array partition/transformation,Medium,Review exact statement; this row is inferred from title.,heuristic
2310,Sum of Numbers With Units Digit K,Medium,28.2,https://leetcode.com/problems/sum-of-numbers-with-units-digit-k/,Numeric / bitwise greedy,"Digit, bit, residue, or marginal numeric optimization",Use residue/bit contribution or marginal gains to maximize/minimize numeric objective.,bit contribution; residue counts; marginal gain; digit replacement,exchange / contribution dominance / invariant,numeric greedy / bit greedy / hybrid,Numeric / bitwise,Medium,Review exact statement; this row is inferred from title.,heuristic
2311,Longest Binary Subsequence Less Than or Equal to K,Medium,52.8,https://leetcode.com/problems/longest-binary-subsequence-less-than-or-equal-to-k/,Numeric / bitwise greedy,"Digit, bit, residue, or marginal numeric optimization",Use residue/bit contribution or marginal gains to maximize/minimize numeric objective.,bit contribution; residue counts; marginal gain; digit replacement,exchange / contribution dominance / invariant,numeric greedy / bit greedy / hybrid,Numeric / bitwise,Medium,Review exact statement; this row is inferred from title.,heuristic
2323,Find Minimum Time to Finish All Jobs II,Medium,66.1,https://leetcode.com/problems/find-minimum-time-to-finish-all-jobs-ii/,Sorting / choice greedy,General greedy ordering,Sort or scan candidates and apply a locally safe choice/dominance rule.,sorted candidate stream; local safe choice; dominance skip,exchange / dominance,pure greedy or sorting greedy,,Medium,Review exact statement; this row is inferred from title.,heuristic
2333,Minimum Sum of Squared Difference,Medium,26.8,https://leetcode.com/problems/minimum-sum-of-squared-difference/,Numeric / bitwise greedy,"Digit, bit, residue, or marginal numeric optimization",Use residue/bit contribution or marginal gains to maximize/minimize numeric objective.,bit contribution; residue counts; marginal gain; digit replacement,exchange / contribution dominance / invariant,numeric greedy / bit greedy / hybrid,Numeric / bitwise,Medium,Review exact statement; this row is inferred from title.,heuristic
2335,Minimum Amount of Time to Fill Cups,Easy,60.3,https://leetcode.com/problems/minimum-amount-of-time-to-fill-cups/,Sorting / choice greedy,General greedy ordering,Sort or scan candidates and apply a locally safe choice/dominance rule.,sorted candidate stream; local safe choice; dominance skip,exchange / dominance,pure greedy or sorting greedy,,Low,Review exact statement; this row is inferred from title.,heuristic
2340,Minimum Adjacent Swaps to Make a Valid Array,Medium,72.2,https://leetcode.com/problems/minimum-adjacent-swaps-to-make-a-valid-array/,Array transformation / partition greedy,"Prefix/suffix repair, partitioning, or subsequence choice","Scan with prefix/suffix state, repair violations, or greedily partition when invariant boundary is met.",prefix/suffix state; local repair; partition boundary; monotonic subsequence,stays-ahead / exchange / local feasibility,greedy or greedy-DP boundary,Array partition/transformation,Medium,Review exact statement; this row is inferred from title.,heuristic
2350,Shortest Impossible Sequence of Rolls,Hard,69.1,https://leetcode.com/problems/shortest-impossible-sequence-of-rolls/,Sorting / choice greedy,General greedy ordering,Sort or scan candidates and apply a locally safe choice/dominance rule.,sorted candidate stream; local safe choice; dominance skip,exchange / dominance,pure greedy or sorting greedy,,High,Review exact statement; this row is inferred from title.,heuristic
2357,Make Array Zero by Subtracting Equal Amounts,Easy,73.8,https://leetcode.com/problems/make-array-zero-by-subtracting-equal-amounts/,Array transformation / partition greedy,"Prefix/suffix repair, partitioning, or subsequence choice","Scan with prefix/suffix state, repair violations, or greedily partition when invariant boundary is met.",prefix/suffix state; local repair; partition boundary; monotonic subsequence,stays-ahead / exchange / local feasibility,greedy or greedy-DP boundary,Array partition/transformation,Low,Review exact statement; this row is inferred from title.,heuristic
2358,Maximum Number of Groups Entering a Competition,Medium,68.6,https://leetcode.com/problems/maximum-number-of-groups-entering-a-competition/,Sorting / choice greedy,General greedy ordering,Sort or scan candidates and apply a locally safe choice/dominance rule.,sorted candidate stream; local safe choice; dominance skip,exchange / dominance,pure greedy or sorting greedy,,Medium,Review exact statement; this row is inferred from title.,heuristic
2366,Minimum Replacements to Sort the Array,Hard,53.1,https://leetcode.com/problems/minimum-replacements-to-sort-the-array/,Reverse greedy partitioning,Minimum Replacements to Sort the Array,Scan right-to-left; split current number into minimum parts <= next bound.,right-to-left bound; ceil division; local repair,stays-ahead / local feasibility,pure greedy,Array transformation,High,Forward scan is awkward; bound comes from suffix.,manual-high
2375,Construct Smallest Number From DI String,Medium,85.6,https://leetcode.com/problems/construct-smallest-number-from-di-string/,Lexicographic / monotonic construction,"Smallest/largest string, number, or subsequence","Use monotonic stack, comparator sorting, or constructive scan to preserve feasibility while improving lexicographic order.",monotonic stack; remaining counts; used set; comparator sorting; deletion budget,exchange + feasibility preservation,greedy + monotonic stack / sorting,Lexicographic Greedy,Medium,Review exact statement; this row is inferred from title.,heuristic
2383,Minimum Hours of Training to Win a Competition,Easy,42.6,https://leetcode.com/problems/minimum-hours-of-training-to-win-a-competition/,Sorting / choice greedy,General greedy ordering,Sort or scan candidates and apply a locally safe choice/dominance rule.,sorted candidate stream; local safe choice; dominance skip,exchange / dominance,pure greedy or sorting greedy,,Low,Review exact statement; this row is inferred from title.,heuristic
2384,Largest Palindromic Number,Medium,37.1,https://leetcode.com/problems/largest-palindromic-number/,Lexicographic / monotonic construction,"Smallest/largest string, number, or subsequence","Use monotonic stack, comparator sorting, or constructive scan to preserve feasibility while improving lexicographic order.",monotonic stack; remaining counts; used set; comparator sorting; deletion budget,exchange + feasibility preservation,greedy + monotonic stack / sorting,Lexicographic Greedy,Medium,Review exact statement; this row is inferred from title.,heuristic
2389,Longest Subsequence With Limited Sum,Easy,73.6,https://leetcode.com/problems/longest-subsequence-with-limited-sum/,Numeric / bitwise greedy,"Digit, bit, residue, or marginal numeric optimization",Use residue/bit contribution or marginal gains to maximize/minimize numeric objective.,bit contribution; residue counts; marginal gain; digit replacement,exchange / contribution dominance / invariant,numeric greedy / bit greedy / hybrid,Numeric / bitwise,Low,Review exact statement; this row is inferred from title.,heuristic
2405,Optimal Partition of String,Medium,78.4,https://leetcode.com/problems/optimal-partition-of-string/,Frequency / counting / string construction,"Counts, buckets, cooldown, or repeat limits",Use counts to construct a feasible/maximal object while preserving future availability.,frequency map; bucket ordering; cooldown; repeat-limit breaker; remaining demand,exchange / feasibility preservation,greedy + counting/heap,Frequency/String,Medium,Review exact statement; this row is inferred from title.,heuristic
2406,Divide Intervals Into Minimum Number of Groups,Medium,63.6,https://leetcode.com/problems/divide-intervals-into-minimum-number-of-groups/,Interval heap / active set,Divide Intervals Into Minimum Number of Groups,Sort starts; min-heap ends gives max concurrent closed intervals.,sweep line; active intervals min-heap,sweep invariant,greedy + heap,Interval,High,Closed intervals: start <= end overlaps.,manual-high
2410,Maximum Matching of Players With Trainers,Medium,75.3,https://leetcode.com/problems/maximum-matching-of-players-with-trainers/,Pairing / matching,Maximum Matching of Players With Trainers,Match weakest player with smallest trainer that can handle them.,sort both; smallest sufficient resource,exchange argument,pure greedy,Pairing / matching,High,Same skeleton as assign cookies.,manual-high
2412,Minimum Money Required Before Transactions,Hard,42.0,https://leetcode.com/problems/minimum-money-required-before-transactions/,Sorting / choice greedy,General greedy ordering,Sort or scan candidates and apply a locally safe choice/dominance rule.,sorted candidate stream; local safe choice; dominance skip,exchange / dominance,pure greedy or sorting greedy,,High,Review exact statement; this row is inferred from title.,heuristic
2422,Merge Operations to Turn Array Into a Palindrome,Medium,68.9,https://leetcode.com/problems/merge-operations-to-turn-array-into-a-palindrome/,Pairing / matching / delta sorting,"Pair extremes, smallest sufficient match, or opportunity-cost sorting","Sort both sides; match smallest sufficient resource, pair extremes, or choose top deltas.",two pointers; pair extremes; smallest sufficient resource; delta sorting,exchange argument,pure greedy + sorting/two pointers,Pairing / matching,Medium,Review exact statement; this row is inferred from title.,heuristic
2429,Minimize XOR,Medium,62.4,https://leetcode.com/problems/minimize-xor/,Numeric / bitwise greedy,"Digit, bit, residue, or marginal numeric optimization",Use residue/bit contribution or marginal gains to maximize/minimize numeric objective.,bit contribution; residue counts; marginal gain; digit replacement,exchange / contribution dominance / invariant,numeric greedy / bit greedy / hybrid,Numeric / bitwise,Medium,Review exact statement; this row is inferred from title.,heuristic
2434,Using a Robot to Print the Lexicographically Smallest String,Medium,62.3,https://leetcode.com/problems/using-a-robot-to-print-the-lexicographically-smallest-string/,Lexicographic / monotonic construction,"Smallest/largest string, number, or subsequence","Use monotonic stack, comparator sorting, or constructive scan to preserve feasibility while improving lexicographic order.",monotonic stack; remaining counts; used set; comparator sorting; deletion budget,exchange + feasibility preservation,greedy + monotonic stack / sorting,Lexicographic Greedy,Medium,Review exact statement; this row is inferred from title.,heuristic
2436,Minimum Split Into Subarrays With GCD Greater Than One,Medium,70.2,https://leetcode.com/problems/minimum-split-into-subarrays-with-gcd-greater-than-one/,Array transformation / partition greedy,"Prefix/suffix repair, partitioning, or subsequence choice","Scan with prefix/suffix state, repair violations, or greedily partition when invariant boundary is met.",prefix/suffix state; local repair; partition boundary; monotonic subsequence,stays-ahead / exchange / local feasibility,greedy or greedy-DP boundary,Array partition/transformation,Medium,Review exact statement; this row is inferred from title.,heuristic
2439,Minimize Maximum of Array,Medium,46.5,https://leetcode.com/problems/minimize-maximum-of-array/,Binary search + greedy feasibility,Monotone answer with greedy check,Binary search the answer; greedily verify feasibility under candidate value.,feasibility predicate; monotone answer; sorted greedy check; prefix/range update,feasibility monotonicity,binary search + greedy,Binary search on answer,Medium,Review exact statement; this row is inferred from title.,heuristic
2448,Minimum Cost to Make Array Equal,Hard,46.8,https://leetcode.com/problems/minimum-cost-to-make-array-equal/,Array transformation / partition greedy,"Prefix/suffix repair, partitioning, or subsequence choice","Scan with prefix/suffix state, repair violations, or greedily partition when invariant boundary is met.",prefix/suffix state; local repair; partition boundary; monotonic subsequence,stays-ahead / exchange / local feasibility,greedy or greedy-DP boundary,Array partition/transformation,High,Review exact statement; this row is inferred from title.,heuristic
2449,Minimum Number of Operations to Make Arrays Similar,Hard,61.5,https://leetcode.com/problems/minimum-number-of-operations-to-make-arrays-similar/,Pairing / matching / delta sorting,"Pair extremes, smallest sufficient match, or opportunity-cost sorting","Sort both sides; match smallest sufficient resource, pair extremes, or choose top deltas.",two pointers; pair extremes; smallest sufficient resource; delta sorting,exchange argument,pure greedy + sorting/two pointers,Pairing / matching,High,Review exact statement; this row is inferred from title.,heuristic
2457,Minimum Addition to Make Integer Beautiful,Medium,38.7,https://leetcode.com/problems/minimum-addition-to-make-integer-beautiful/,Lexicographic / monotonic construction,"Smallest/largest string, number, or subsequence","Use monotonic stack, comparator sorting, or constructive scan to preserve feasibility while improving lexicographic order.",monotonic stack; remaining counts; used set; comparator sorting; deletion budget,exchange + feasibility preservation,greedy + monotonic stack / sorting,Lexicographic Greedy,Medium,Review exact statement; this row is inferred from title.,heuristic
2472,Maximum Number of Non-overlapping Palindrome Substrings,Hard,44.6,https://leetcode.com/problems/maximum-number-of-non-overlapping-palindrome-substrings/,Interval / coverage / scheduling,"Intervals, deadlines, coverage, or active-set scheduling","Sort by endpoint/start/deadline, then keep earliest finish, expand coverage, or use an active heap.",sort by endpoint; coverage frontier; active interval heap; deadline first,exchange / stays-ahead / sweep invariant,"greedy, greedy + heap, or binary search + greedy / DP-boundary",Interval / scheduling / coverage,High,Review exact statement; this row is inferred from title. Greedy tag may be misleading; compare against DP/game formulation.,heuristic
2486,Append Characters to String to Make Subsequence,Medium,73.0,https://leetcode.com/problems/append-characters-to-string-to-make-subsequence/,Frequency / counting / string construction,"Counts, buckets, cooldown, or repeat limits",Use counts to construct a feasible/maximal object while preserving future availability.,frequency map; bucket ordering; cooldown; repeat-limit breaker; remaining demand,exchange / feasibility preservation,greedy + counting/heap,Frequency/String,Medium,Review exact statement; this row is inferred from title.,heuristic
2497,Maximum Star Sum of a Graph,Medium,42.3,https://leetcode.com/problems/maximum-star-sum-of-a-graph/,Constructive matrix/tree/graph greedy,Structural construction or assignment,Use local degree/row/column/path constraints to construct or maximize under structural invariants.,degree sorting; row/column residuals; local repair; structural invariant,exchange / invariant construction,constructive greedy / hybrid,Constructive structures,Medium,Review exact statement; this row is inferred from title.,heuristic
2498,Frog Jump II,Medium,62.2,https://leetcode.com/problems/frog-jump-ii/,Jump / reachability frontier,Reachability or minimum jumps,"Maintain a frontier of reachable positions, or binary-search/DP when constraints change.",reachable frontier; farthest extension; current layer boundary,stays-ahead / feasibility monotonicity,greedy frontier or hybrid,Jump Game,Medium,Review exact statement; this row is inferred from title.,heuristic
2499,Minimum Total Cost to Make Arrays Unequal,Hard,41.3,https://leetcode.com/problems/minimum-total-cost-to-make-arrays-unequal/,Array transformation / partition greedy,"Prefix/suffix repair, partitioning, or subsequence choice","Scan with prefix/suffix state, repair violations, or greedily partition when invariant boundary is met.",prefix/suffix state; local repair; partition boundary; monotonic subsequence,stays-ahead / exchange / local feasibility,greedy or greedy-DP boundary,Array partition/transformation,High,Review exact statement; this row is inferred from title.,heuristic
2517,Maximum Tastiness of Candy Basket,Medium,68.1,https://leetcode.com/problems/maximum-tastiness-of-candy-basket/,Binary search + greedy feasibility,Monotone answer with greedy check,Binary search the answer; greedily verify feasibility under candidate value.,feasibility predicate; monotone answer; sorted greedy check; prefix/range update,feasibility monotonicity,binary search + greedy,Binary search on answer,Medium,Review exact statement; this row is inferred from title.,heuristic
2522,Partition String Into Substrings With Values at Most K,Medium,47.7,https://leetcode.com/problems/partition-string-into-substrings-with-values-at-most-k/,Interval / coverage / scheduling,"Intervals, deadlines, coverage, or active-set scheduling","Sort by endpoint/start/deadline, then keep earliest finish, expand coverage, or use an active heap.",sort by endpoint; coverage frontier; active interval heap; deadline first,exchange / stays-ahead / sweep invariant,"greedy, greedy + heap, or binary search + greedy",Interval / scheduling / coverage,Medium,Review exact statement; this row is inferred from title.,heuristic
2528,Maximize the Minimum Powered City,Hard,61.7,https://leetcode.com/problems/maximize-the-minimum-powered-city/,Binary search + coverage difference,Maximize the Minimum Powered City,Binary search target power; greedily place extra stations using difference array.,feasibility predicate; sliding window power; range add,feasibility monotonicity,binary search + greedy,Coverage / binary search,High,Greedy placement at farthest useful position.,manual-high
2530,Maximal Score After Applying K Operations,Medium,64.1,https://leetcode.com/problems/maximal-score-after-applying-k-operations/,Heap greedy / deferred choice,"Choose best available, marginal gain, or replacement candidate","Sort/unlock candidates, then use heap to choose best currently available or replace worst selected.",available candidates heap; max marginal gain; replacement heap; bottleneck threshold,deferred greedy / exchange / threshold,greedy + heap,Heap-greedy,Medium,Review exact statement; this row is inferred from title.,heuristic
2541,Minimum Operations to Make Array Equal II,Medium,33.1,https://leetcode.com/problems/minimum-operations-to-make-array-equal-ii/,Array transformation / partition greedy,"Prefix/suffix repair, partitioning, or subsequence choice","Scan with prefix/suffix state, repair violations, or greedily partition when invariant boundary is met.",prefix/suffix state; local repair; partition boundary; monotonic subsequence,stays-ahead / exchange / local feasibility,greedy or greedy-DP boundary,Array partition/transformation,Medium,Review exact statement; this row is inferred from title.,heuristic
2542,Maximum Subsequence Score,Medium,54.7,https://leetcode.com/problems/maximum-subsequence-score/,Ratio/score heap selection,Maximum Subsequence Score,Sort by nums2 desc; keep k largest nums1; score = sum(nums1)*current nums2.,sort bottleneck; min-heap selected values,exchange / threshold,greedy + heap,Heap-greedy / selection,Very High,Same bottleneck heap skeleton as max performance.,manual-high
2548,Maximum Price to Fill a Bag,Medium,64.6,https://leetcode.com/problems/maximum-price-to-fill-a-bag/,Sorting / choice greedy,General greedy ordering,Sort or scan candidates and apply a locally safe choice/dominance rule.,sorted candidate stream; local safe choice; dominance skip,exchange / dominance,pure greedy or sorting greedy,,Medium,Review exact statement; this row is inferred from title.,heuristic
2551,Put Marbles in Bags,Hard,72.1,https://leetcode.com/problems/put-marbles-in-bags/,Sorting / choice greedy,General greedy ordering,Sort or scan candidates and apply a locally safe choice/dominance rule.,sorted candidate stream; local safe choice; dominance skip,exchange / dominance,pure greedy or sorting greedy,,High,Review exact statement; this row is inferred from title.,heuristic
2554,Maximum Number of Integers to Choose From a Range I,Medium,68.0,https://leetcode.com/problems/maximum-number-of-integers-to-choose-from-a-range-i/,Sorting / choice greedy,General greedy ordering,Sort or scan candidates and apply a locally safe choice/dominance rule.,sorted candidate stream; local safe choice; dominance skip,exchange / dominance,pure greedy or sorting greedy,,Medium,Review exact statement; this row is inferred from title.,heuristic
2557,Maximum Number of Integers to Choose From a Range II,Medium,34.8,https://leetcode.com/problems/maximum-number-of-integers-to-choose-from-a-range-ii/,Sorting / choice greedy,General greedy ordering,Sort or scan candidates and apply a locally safe choice/dominance rule.,sorted candidate stream; local safe choice; dominance skip,exchange / dominance,pure greedy or sorting greedy,,Medium,Review exact statement; this row is inferred from title.,heuristic
2560,House Robber IV,Medium,64.7,https://leetcode.com/problems/house-robber-iv/,Binary search + greedy feasibility,Monotone answer with greedy check,Binary search the answer; greedily verify feasibility under candidate value.,feasibility predicate; monotone answer; sorted greedy check; prefix/range update,feasibility monotonicity,binary search + greedy / DP-boundary,Binary search on answer,Medium,Review exact statement; this row is inferred from title. Greedy tag may be misleading; compare against DP/game formulation.,heuristic
2561,Rearranging Fruits,Hard,57.3,https://leetcode.com/problems/rearranging-fruits/,Pairing / matching / delta sorting,"Pair extremes, smallest sufficient match, or opportunity-cost sorting","Sort both sides; match smallest sufficient resource, pair extremes, or choose top deltas.",two pointers; pair extremes; smallest sufficient resource; delta sorting,exchange argument,pure greedy + sorting/two pointers,Pairing / matching,High,Review exact statement; this row is inferred from title.,heuristic
2566,Maximum Difference by Remapping a Digit,Easy,75.8,https://leetcode.com/problems/maximum-difference-by-remapping-a-digit/,Sorting / choice greedy,General greedy ordering,Sort or scan candidates and apply a locally safe choice/dominance rule.,sorted candidate stream; local safe choice; dominance skip,exchange / dominance,pure greedy or sorting greedy,,Low,Review exact statement; this row is inferred from title.,heuristic
2567,Minimum Score by Changing Two Elements,Medium,49.9,https://leetcode.com/problems/minimum-score-by-changing-two-elements/,Sorting / choice greedy,General greedy ordering,Sort or scan candidates and apply a locally safe choice/dominance rule.,sorted candidate stream; local safe choice; dominance skip,exchange / dominance,pure greedy or sorting greedy,,Medium,Review exact statement; this row is inferred from title.,heuristic
2571,Minimum Operations to Reduce an Integer to 0,Medium,62.2,https://leetcode.com/problems/minimum-operations-to-reduce-an-integer-to-0/,Sorting / choice greedy,General greedy ordering,Sort or scan candidates and apply a locally safe choice/dominance rule.,sorted candidate stream; local safe choice; dominance skip,exchange / dominance,pure greedy or sorting greedy,,Medium,Review exact statement; this row is inferred from title.,heuristic
2573,Find the String with LCP,Hard,63.2,https://leetcode.com/problems/find-the-string-with-lcp/,Frequency / counting / string construction,"Counts, buckets, cooldown, or repeat limits",Use counts to construct a feasible/maximal object while preserving future availability.,frequency map; bucket ordering; cooldown; repeat-limit breaker; remaining demand,exchange / feasibility preservation,greedy + counting/heap / DP-boundary,Frequency/String,High,Review exact statement; this row is inferred from title. Greedy tag may be misleading; compare against DP/game formulation.,heuristic
2576,Find the Maximum Number of Marked Indices,Medium,41.2,https://leetcode.com/problems/find-the-maximum-number-of-marked-indices/,Pairing / matching / delta sorting,"Pair extremes, smallest sufficient match, or opportunity-cost sorting","Sort both sides; match smallest sufficient resource, pair extremes, or choose top deltas.",two pointers; pair extremes; smallest sufficient resource; delta sorting,exchange argument,pure greedy + sorting/two pointers,Pairing / matching,Medium,Review exact statement; this row is inferred from title.,heuristic
2578,Split With Minimum Sum,Easy,73.5,https://leetcode.com/problems/split-with-minimum-sum/,Numeric / bitwise greedy,"Digit, bit, residue, or marginal numeric optimization",Use residue/bit contribution or marginal gains to maximize/minimize numeric objective.,bit contribution; residue counts; marginal gain; digit replacement,exchange / contribution dominance / invariant,numeric greedy / bit greedy / hybrid,Numeric / bitwise,Low,Review exact statement; this row is inferred from title.,heuristic
2587,Rearrange Array to Maximize Prefix Score,Medium,42.8,https://leetcode.com/problems/rearrange-array-to-maximize-prefix-score/,Array transformation / partition greedy,"Prefix/suffix repair, partitioning, or subsequence choice","Scan with prefix/suffix state, repair violations, or greedily partition when invariant boundary is met.",prefix/suffix state; local repair; partition boundary; monotonic subsequence,stays-ahead / exchange / local feasibility,greedy or greedy-DP boundary,Array partition/transformation,Medium,Review exact statement; this row is inferred from title.,heuristic
2589,Minimum Time to Complete All Tasks,Hard,39.8,https://leetcode.com/problems/minimum-time-to-complete-all-tasks/,Interval scheduling with required time points,Minimum Time to Complete All Tasks,Sort by end; greedily mark latest unused time slots inside interval.,sort by end; latest feasible slots; interval demand,exchange argument,greedy + interval marking,Scheduling / interval,High,Latest slots preserve earlier capacity for earlier-ending tasks.,manual-high
2591,Distribute Money to Maximum Children,Easy,20.6,https://leetcode.com/problems/distribute-money-to-maximum-children/,Sorting / choice greedy,General greedy ordering,Sort or scan candidates and apply a locally safe choice/dominance rule.,sorted candidate stream; local safe choice; dominance skip,exchange / dominance,pure greedy or sorting greedy,,Low,Review exact statement; this row is inferred from title.,heuristic
2592,Maximize Greatness of an Array,Medium,61.6,https://leetcode.com/problems/maximize-greatness-of-an-array/,Pairing / matching / delta sorting,"Pair extremes, smallest sufficient match, or opportunity-cost sorting","Sort both sides; match smallest sufficient resource, pair extremes, or choose top deltas.",two pointers; pair extremes; smallest sufficient resource; delta sorting,exchange argument,pure greedy + sorting/two pointers,Pairing / matching,Medium,Review exact statement; this row is inferred from title.,heuristic
2598,Smallest Missing Non-negative Integer After Operations,Medium,56.0,https://leetcode.com/problems/smallest-missing-non-negative-integer-after-operations/,Sorting / choice greedy,General greedy ordering,Sort or scan candidates and apply a locally safe choice/dominance rule.,sorted candidate stream; local safe choice; dominance skip,exchange / dominance,pure greedy or sorting greedy,,Medium,Review exact statement; this row is inferred from title.,heuristic
2599,Make the Prefix Sum Non-negative,Medium,52.0,https://leetcode.com/problems/make-the-prefix-sum-non-negative/,Prefix surplus repair,Make the Prefix Sum Non-negative,"Scan prefix; when negative, remove most negative seen element to the end.",running prefix; min-heap negatives; replacement/removal,exchange argument,greedy + heap,Prefix repair,High,"Remove biggest damage, not current element necessarily.",manual-high
2600,K Items With the Maximum Sum,Easy,60.2,https://leetcode.com/problems/k-items-with-the-maximum-sum/,Numeric / bitwise greedy,"Digit, bit, residue, or marginal numeric optimization",Use residue/bit contribution or marginal gains to maximize/minimize numeric objective.,bit contribution; residue counts; marginal gain; digit replacement,exchange / contribution dominance / invariant,numeric greedy / bit greedy / hybrid,Numeric / bitwise,Low,Review exact statement; this row is inferred from title.,heuristic
2601,Prime Subtraction Operation,Medium,55.6,https://leetcode.com/problems/prime-subtraction-operation/,Sorting / choice greedy,General greedy ordering,Sort or scan candidates and apply a locally safe choice/dominance rule.,sorted candidate stream; local safe choice; dominance skip,exchange / dominance,pure greedy or sorting greedy,,Medium,Review exact statement; this row is inferred from title.,heuristic
2607,Make K-Subarray Sums Equal,Medium,38.5,https://leetcode.com/problems/make-k-subarray-sums-equal/,Numeric / bitwise greedy,"Digit, bit, residue, or marginal numeric optimization",Use residue/bit contribution or marginal gains to maximize/minimize numeric objective.,bit contribution; residue counts; marginal gain; digit replacement,exchange / contribution dominance / invariant,numeric greedy / bit greedy / hybrid,Numeric / bitwise,Medium,Review exact statement; this row is inferred from title.,heuristic
2611,Mice and Cheese,Medium,48.7,https://leetcode.com/problems/mice-and-cheese/,Delta sorting,Mice and Cheese,"Let mouse2 eat all, choose k items for mouse1 by largest reward1-reward2 delta.",delta sorting; choose top k opportunity gains,exchange argument,pure greedy,Delta sorting,Very High,Same skeleton as two-city scheduling.,manual-high
2616,Minimize the Maximum Difference of Pairs,Medium,51.0,https://leetcode.com/problems/minimize-the-maximum-difference-of-pairs/,Binary search + greedy pairing,Minimize the Maximum Difference of Pairs,Binary search max diff; greedily form adjacent sorted pairs within limit.,feasibility predicate; sorted adjacent pairing,feasibility monotonicity,binary search + greedy,Pairing / binary search,High,"For feasibility, pair as early as possible.",manual-high
2645,Minimum Additions to Make Valid String,Medium,51.0,https://leetcode.com/problems/minimum-additions-to-make-valid-string/,Parentheses / balance greedy,Balance repair or wildcard feasibility,Track open balance or feasible open range and repair deficits locally.,running balance; min/max open range; insertion/deletion repair,balance invariant / feasibility interval,pure greedy,Parentheses,Medium,Review exact statement; this row is inferred from title.,heuristic
2656,Maximum Sum With Exactly K Elements,Easy,80.6,https://leetcode.com/problems/maximum-sum-with-exactly-k-elements/,Numeric / bitwise greedy,"Digit, bit, residue, or marginal numeric optimization",Use residue/bit contribution or marginal gains to maximize/minimize numeric objective.,bit contribution; residue counts; marginal gain; digit replacement,exchange / contribution dominance / invariant,numeric greedy / bit greedy / hybrid,Numeric / bitwise,Low,Review exact statement; this row is inferred from title.,heuristic
2659,Make Array Empty,Hard,27.0,https://leetcode.com/problems/make-array-empty/,Array transformation / partition greedy,"Prefix/suffix repair, partitioning, or subsequence choice","Scan with prefix/suffix state, repair violations, or greedily partition when invariant boundary is met.",prefix/suffix state; local repair; partition boundary; monotonic subsequence,stays-ahead / exchange / local feasibility,greedy or greedy-DP boundary,Array partition/transformation,High,Review exact statement; this row is inferred from title.,heuristic
2663,Lexicographically Smallest Beautiful String,Hard,38.1,https://leetcode.com/problems/lexicographically-smallest-beautiful-string/,Lexicographic / monotonic construction,"Smallest/largest string, number, or subsequence","Use monotonic stack, comparator sorting, or constructive scan to preserve feasibility while improving lexicographic order.",monotonic stack; remaining counts; used set; comparator sorting; deletion budget,exchange + feasibility preservation,greedy + monotonic stack / sorting,Lexicographic Greedy,High,Review exact statement; this row is inferred from title.,heuristic
2673,Make Costs of Paths Equal in a Binary Tree,Medium,58.4,https://leetcode.com/problems/make-costs-of-paths-equal-in-a-binary-tree/,Constructive matrix/tree/graph greedy,Structural construction or assignment,Use local degree/row/column/path constraints to construct or maximize under structural invariants.,degree sorting; row/column residuals; local repair; structural invariant,exchange / invariant construction,constructive greedy / hybrid / DP-boundary,Constructive structures,Medium,Review exact statement; this row is inferred from title. Greedy tag may be misleading; compare against DP/game formulation.,heuristic
2680,Maximum OR,Medium,43.0,https://leetcode.com/problems/maximum-or/,Numeric / bitwise greedy,"Digit, bit, residue, or marginal numeric optimization",Use residue/bit contribution or marginal gains to maximize/minimize numeric objective.,bit contribution; residue counts; marginal gain; digit replacement,exchange / contribution dominance / invariant,numeric greedy / bit greedy / hybrid,Numeric / bitwise,Medium,Review exact statement; this row is inferred from title.,heuristic
2697,Lexicographically Smallest Palindrome,Easy,81.4,https://leetcode.com/problems/lexicographically-smallest-palindrome/,Lexicographic / monotonic construction,"Smallest/largest string, number, or subsequence","Use monotonic stack, comparator sorting, or constructive scan to preserve feasibility while improving lexicographic order.",monotonic stack; remaining counts; used set; comparator sorting; deletion budget,exchange + feasibility preservation,greedy + monotonic stack / sorting,Lexicographic Greedy,Low,Review exact statement; this row is inferred from title.,heuristic
2706,Buy Two Chocolates,Easy,68.3,https://leetcode.com/problems/buy-two-chocolates/,Pairing / matching / delta sorting,"Pair extremes, smallest sufficient match, or opportunity-cost sorting","Sort both sides; match smallest sufficient resource, pair extremes, or choose top deltas.",two pointers; pair extremes; smallest sufficient resource; delta sorting,exchange argument,pure greedy + sorting/two pointers,Pairing / matching,Low,Review exact statement; this row is inferred from title.,heuristic
2708,Maximum Strength of a Group,Medium,25.7,https://leetcode.com/problems/maximum-strength-of-a-group/,Sorting / choice greedy,General greedy ordering,Sort or scan candidates and apply a locally safe choice/dominance rule.,sorted candidate stream; local safe choice; dominance skip,exchange / dominance,pure greedy or sorting greedy,,Medium,Review exact statement; this row is inferred from title.,heuristic
2712,Minimum Cost to Make All Characters Equal,Medium,54.3,https://leetcode.com/problems/minimum-cost-to-make-all-characters-equal/,Frequency / counting / string construction,"Counts, buckets, cooldown, or repeat limits",Use counts to construct a feasible/maximal object while preserving future availability.,frequency map; bucket ordering; cooldown; repeat-limit breaker; remaining demand,exchange / feasibility preservation,greedy + counting/heap,Frequency/String,Medium,Review exact statement; this row is inferred from title.,heuristic
2734,Lexicographically Smallest String After Substring Operation,Medium,34.9,https://leetcode.com/problems/lexicographically-smallest-string-after-substring-operation/,Lexicographic / monotonic construction,"Smallest/largest string, number, or subsequence","Use monotonic stack, comparator sorting, or constructive scan to preserve feasibility while improving lexicographic order.",monotonic stack; remaining counts; used set; comparator sorting; deletion budget,exchange + feasibility preservation,greedy + monotonic stack / sorting,Lexicographic Greedy,Medium,Review exact statement; this row is inferred from title.,heuristic
2745,Construct the Longest New String,Medium,54.8,https://leetcode.com/problems/construct-the-longest-new-string/,Frequency / counting / string construction,"Counts, buckets, cooldown, or repeat limits",Use counts to construct a feasible/maximal object while preserving future availability.,frequency map; bucket ordering; cooldown; repeat-limit breaker; remaining demand,exchange / feasibility preservation,greedy + counting/heap,Frequency/String,Medium,Review exact statement; this row is inferred from title.,heuristic
2789,Largest Element in an Array after Merge Operations,Medium,47.9,https://leetcode.com/problems/largest-element-in-an-array-after-merge-operations/,Array transformation / partition greedy,"Prefix/suffix repair, partitioning, or subsequence choice","Scan with prefix/suffix state, repair violations, or greedily partition when invariant boundary is met.",prefix/suffix state; local repair; partition boundary; monotonic subsequence,stays-ahead / exchange / local feasibility,greedy or greedy-DP boundary,Array partition/transformation,Medium,Review exact statement; this row is inferred from title.,heuristic
2790,Maximum Number of Groups With Increasing Length,Hard,23.1,https://leetcode.com/problems/maximum-number-of-groups-with-increasing-length/,Binary search + greedy feasibility,Monotone answer with greedy check,Binary search the answer; greedily verify feasibility under candidate value.,feasibility predicate; monotone answer; sorted greedy check; prefix/range update,feasibility monotonicity,binary search + greedy,Binary search on answer,High,Review exact statement; this row is inferred from title.,heuristic
2800,Shortest String That Contains Three Strings,Medium,31.7,https://leetcode.com/problems/shortest-string-that-contains-three-strings/,Frequency / counting / string construction,"Counts, buckets, cooldown, or repeat limits",Use counts to construct a feasible/maximal object while preserving future availability.,frequency map; bucket ordering; cooldown; repeat-limit breaker; remaining demand,exchange / feasibility preservation,greedy + counting/heap,Frequency/String,Medium,Review exact statement; this row is inferred from title.,heuristic
2811,Check if it is Possible to Split Array,Medium,34.5,https://leetcode.com/problems/check-if-it-is-possible-to-split-array/,Array transformation / partition greedy,"Prefix/suffix repair, partitioning, or subsequence choice","Scan with prefix/suffix state, repair violations, or greedily partition when invariant boundary is met.",prefix/suffix state; local repair; partition boundary; monotonic subsequence,stays-ahead / exchange / local feasibility,greedy or greedy-DP boundary,Array partition/transformation,Medium,Review exact statement; this row is inferred from title.,heuristic
2813,Maximum Elegance of a K-Length Subsequence,Hard,28.7,https://leetcode.com/problems/maximum-elegance-of-a-k-length-subsequence/,Top-k with replacement,Maximum Elegance of a K-Length Subsequence,Start with top profits; replace duplicate categories with new categories for elegance gain.,sort by profit; duplicate heap; replacement by category gain,exchange / marginal gain,greedy + replacement heap,Heap-greedy / selection,High,Need track duplicate selected items that can be sacrificed.,manual-high
2818,Apply Operations to Maximize Score,Hard,53.6,https://leetcode.com/problems/apply-operations-to-maximize-score/,Sorting / choice greedy,General greedy ordering,Sort or scan candidates and apply a locally safe choice/dominance rule.,sorted candidate stream; local safe choice; dominance skip,exchange / dominance,pure greedy or sorting greedy / DP-boundary,Greedy-DP boundary,High,Review exact statement; this row is inferred from title. Greedy tag may be misleading; compare against DP/game formulation.,heuristic
2829,Determine the Minimum Sum of a k-avoiding Array,Medium,60.9,https://leetcode.com/problems/determine-the-minimum-sum-of-a-k-avoiding-array/,Numeric / bitwise greedy,"Digit, bit, residue, or marginal numeric optimization",Use residue/bit contribution or marginal gains to maximize/minimize numeric objective.,bit contribution; residue counts; marginal gain; digit replacement,exchange / contribution dominance / invariant,numeric greedy / bit greedy / hybrid,Numeric / bitwise,Medium,Review exact statement; this row is inferred from title.,heuristic
2834,Find the Minimum Possible Sum of a Beautiful Array,Medium,35.0,https://leetcode.com/problems/find-the-minimum-possible-sum-of-a-beautiful-array/,Binary search + greedy feasibility,Monotone answer with greedy check,Binary search the answer; greedily verify feasibility under candidate value.,feasibility predicate; monotone answer; sorted greedy check; prefix/range update,feasibility monotonicity,binary search + greedy,Binary search on answer,Medium,Review exact statement; this row is inferred from title.,heuristic
2835,Minimum Operations to Form Subsequence With Target Sum,Hard,32.5,https://leetcode.com/problems/minimum-operations-to-form-subsequence-with-target-sum/,Numeric / bitwise greedy,"Digit, bit, residue, or marginal numeric optimization",Use residue/bit contribution or marginal gains to maximize/minimize numeric objective.,bit contribution; residue counts; marginal gain; digit replacement,exchange / contribution dominance / invariant,numeric greedy / bit greedy / hybrid,Numeric / bitwise,High,Review exact statement; this row is inferred from title.,heuristic
2842,Count K-Subsequences of a String With Maximum Beauty,Hard,30.4,https://leetcode.com/problems/count-k-subsequences-of-a-string-with-maximum-beauty/,Frequency / counting / string construction,"Counts, buckets, cooldown, or repeat limits",Use counts to construct a feasible/maximal object while preserving future availability.,frequency map; bucket ordering; cooldown; repeat-limit breaker; remaining demand,exchange / feasibility preservation,greedy + counting/heap,Frequency/String,High,Review exact statement; this row is inferred from title.,heuristic
2844,Minimum Operations to Make a Special Number,Medium,38.5,https://leetcode.com/problems/minimum-operations-to-make-a-special-number/,Lexicographic / monotonic construction,"Smallest/largest string, number, or subsequence","Use monotonic stack, comparator sorting, or constructive scan to preserve feasibility while improving lexicographic order.",monotonic stack; remaining counts; used set; comparator sorting; deletion budget,exchange + feasibility preservation,greedy + monotonic stack / sorting,Lexicographic Greedy,Medium,Review exact statement; this row is inferred from title.,heuristic
2847,Smallest Number With Given Digit Product,Medium,43.6,https://leetcode.com/problems/smallest-number-with-given-digit-product/,Lexicographic / monotonic construction,"Smallest/largest string, number, or subsequence","Use monotonic stack, comparator sorting, or constructive scan to preserve feasibility while improving lexicographic order.",monotonic stack; remaining counts; used set; comparator sorting; deletion budget,exchange + feasibility preservation,greedy + monotonic stack / sorting,Lexicographic Greedy,Medium,Review exact statement; this row is inferred from title.,heuristic
2856,Minimum Array Length After Pair Removals,Medium,27.4,https://leetcode.com/problems/minimum-array-length-after-pair-removals/,Pairing / matching / delta sorting,"Pair extremes, smallest sufficient match, or opportunity-cost sorting","Sort both sides; match smallest sufficient resource, pair extremes, or choose top deltas.",two pointers; pair extremes; smallest sufficient resource; delta sorting,exchange argument,pure greedy + sorting/two pointers,Pairing / matching,Medium,Review exact statement; this row is inferred from title.,heuristic
2864,Maximum Odd Binary Number,Easy,82.9,https://leetcode.com/problems/maximum-odd-binary-number/,Lexicographic / monotonic construction,"Smallest/largest string, number, or subsequence","Use monotonic stack, comparator sorting, or constructive scan to preserve feasibility while improving lexicographic order.",monotonic stack; remaining counts; used set; comparator sorting; deletion budget,exchange + feasibility preservation,greedy + monotonic stack / sorting,Lexicographic Greedy,Low,Review exact statement; this row is inferred from title.,heuristic
2868,The Wording Game,Hard,55.9,https://leetcode.com/problems/the-wording-game/,Frequency / counting / string construction,"Counts, buckets, cooldown, or repeat limits",Use counts to construct a feasible/maximal object while preserving future availability.,frequency map; bucket ordering; cooldown; repeat-limit breaker; remaining demand,exchange / feasibility preservation,greedy + counting/heap,Frequency/String,High,Review exact statement; this row is inferred from title.,heuristic
2870,Minimum Number of Operations to Make Array Empty,Medium,62.1,https://leetcode.com/problems/minimum-number-of-operations-to-make-array-empty/,Array transformation / partition greedy,"Prefix/suffix repair, partitioning, or subsequence choice","Scan with prefix/suffix state, repair violations, or greedily partition when invariant boundary is met.",prefix/suffix state; local repair; partition boundary; monotonic subsequence,stays-ahead / exchange / local feasibility,greedy or greedy-DP boundary,Array partition/transformation,Medium,Review exact statement; this row is inferred from title.,heuristic
2871,Split Array Into Maximum Number of Subarrays,Medium,42.5,https://leetcode.com/problems/split-array-into-maximum-number-of-subarrays/,Array transformation / partition greedy,"Prefix/suffix repair, partitioning, or subsequence choice","Scan with prefix/suffix state, repair violations, or greedily partition when invariant boundary is met.",prefix/suffix state; local repair; partition boundary; monotonic subsequence,stays-ahead / exchange / local feasibility,greedy or greedy-DP boundary,Array partition/transformation,Medium,Review exact statement; this row is inferred from title.,heuristic
2892,Minimizing Array After Replacing Pairs With Their Product,Medium,40.7,https://leetcode.com/problems/minimizing-array-after-replacing-pairs-with-their-product/,Pairing / matching / delta sorting,"Pair extremes, smallest sufficient match, or opportunity-cost sorting","Sort both sides; match smallest sufficient resource, pair extremes, or choose top deltas.",two pointers; pair extremes; smallest sufficient resource; delta sorting,exchange argument,pure greedy + sorting/two pointers,Pairing / matching,Medium,Review exact statement; this row is inferred from title.,heuristic
2895,Minimum Processing Time,Medium,70.3,https://leetcode.com/problems/minimum-processing-time/,Heap greedy / deferred choice,"Choose best available, marginal gain, or replacement candidate","Sort/unlock candidates, then use heap to choose best currently available or replace worst selected.",available candidates heap; max marginal gain; replacement heap; bottleneck threshold,deferred greedy / exchange / threshold,greedy + heap,Heap-greedy,Medium,Review exact statement; this row is inferred from title.,heuristic
2897,Apply Operations on Array to Maximize Sum of Squares,Hard,44.6,https://leetcode.com/problems/apply-operations-on-array-to-maximize-sum-of-squares/,Numeric / bitwise greedy,"Digit, bit, residue, or marginal numeric optimization",Use residue/bit contribution or marginal gains to maximize/minimize numeric objective.,bit contribution; residue counts; marginal gain; digit replacement,exchange / contribution dominance / invariant,numeric greedy / bit greedy / hybrid / DP-boundary,Numeric / bitwise,High,Review exact statement; this row is inferred from title. Greedy tag may be misleading; compare against DP/game formulation.,heuristic
2900,Longest Unequal Adjacent Groups Subsequence I,Easy,67.0,https://leetcode.com/problems/longest-unequal-adjacent-groups-subsequence-i/,Array transformation / partition greedy,"Prefix/suffix repair, partitioning, or subsequence choice","Scan with prefix/suffix state, repair violations, or greedily partition when invariant boundary is met.",prefix/suffix state; local repair; partition boundary; monotonic subsequence,stays-ahead / exchange / local feasibility,greedy or greedy-DP boundary,Array partition/transformation,Low,Review exact statement; this row is inferred from title.,heuristic
2910,Minimum Number of Groups to Create a Valid Assignment,Medium,25.2,https://leetcode.com/problems/minimum-number-of-groups-to-create-a-valid-assignment/,Pairing / matching / delta sorting,"Pair extremes, smallest sufficient match, or opportunity-cost sorting","Sort both sides; match smallest sufficient resource, pair extremes, or choose top deltas.",two pointers; pair extremes; smallest sufficient resource; delta sorting,exchange argument,pure greedy + sorting/two pointers,Pairing / matching,Medium,Review exact statement; this row is inferred from title.,heuristic
2918,Minimum Equal Sum of Two Arrays After Replacing Zeros,Medium,50.2,https://leetcode.com/problems/minimum-equal-sum-of-two-arrays-after-replacing-zeros/,Numeric / bitwise greedy,"Digit, bit, residue, or marginal numeric optimization",Use residue/bit contribution or marginal gains to maximize/minimize numeric objective.,bit contribution; residue counts; marginal gain; digit replacement,exchange / contribution dominance / invariant,numeric greedy / bit greedy / hybrid,Numeric / bitwise,Medium,Review exact statement; this row is inferred from title.,heuristic
2931,Maximum Spending After Buying Items,Hard,61.1,https://leetcode.com/problems/maximum-spending-after-buying-items/,Heap greedy / deferred choice,"Choose best available, marginal gain, or replacement candidate","Sort/unlock candidates, then use heap to choose best currently available or replace worst selected.",available candidates heap; max marginal gain; replacement heap; bottleneck threshold,deferred greedy / exchange / threshold,greedy + heap,Heap-greedy,High,Review exact statement; this row is inferred from title.,heuristic
2938,Separate Black and White Balls,Medium,63.9,https://leetcode.com/problems/separate-black-and-white-balls/,Pairing / matching / delta sorting,"Pair extremes, smallest sufficient match, or opportunity-cost sorting","Sort both sides; match smallest sufficient resource, pair extremes, or choose top deltas.",two pointers; pair extremes; smallest sufficient resource; delta sorting,exchange argument,pure greedy + sorting/two pointers,Pairing / matching,Medium,Review exact statement; this row is inferred from title.,heuristic
2939,Maximum Xor Product,Medium,29.8,https://leetcode.com/problems/maximum-xor-product/,Numeric / bitwise greedy,"Digit, bit, residue, or marginal numeric optimization",Use residue/bit contribution or marginal gains to maximize/minimize numeric objective.,bit contribution; residue counts; marginal gain; digit replacement,exchange / contribution dominance / invariant,numeric greedy / bit greedy / hybrid,Numeric / bitwise,Medium,Review exact statement; this row is inferred from title.,heuristic
2952,Minimum Number of Coins to be Added,Medium,58.1,https://leetcode.com/problems/minimum-number-of-coins-to-be-added/,Coverage / patching,Minimum Number of Coins to be Added,"Same [1, miss) coverage invariant as Patching Array.",coverage frontier; patch miss,stays-ahead,pure greedy,Coverage / patching,Very High,Patch exactly miss to maximize coverage expansion.,manual-high
2957,Remove Adjacent Almost-Equal Characters,Medium,53.7,https://leetcode.com/problems/remove-adjacent-almost-equal-characters/,Frequency / counting / string construction,"Counts, buckets, cooldown, or repeat limits",Use counts to construct a feasible/maximal object while preserving future availability.,frequency map; bucket ordering; cooldown; repeat-limit breaker; remaining demand,exchange / feasibility preservation,greedy + counting/heap,Frequency/String,Medium,Review exact statement; this row is inferred from title.,heuristic
2966,Divide Array Into Arrays With Max Difference,Medium,79.0,https://leetcode.com/problems/divide-array-into-arrays-with-max-difference/,Interval / coverage / scheduling,"Intervals, deadlines, coverage, or active-set scheduling","Sort by endpoint/start/deadline, then keep earliest finish, expand coverage, or use an active heap.",sort by endpoint; coverage frontier; active interval heap; deadline first,exchange / stays-ahead / sweep invariant,"greedy, greedy + heap, or binary search + greedy",Interval / scheduling / coverage,Medium,Review exact statement; this row is inferred from title.,heuristic
2967,Minimum Cost to Make Array Equalindromic,Medium,23.5,https://leetcode.com/problems/minimum-cost-to-make-array-equalindromic/,Array transformation / partition greedy,"Prefix/suffix repair, partitioning, or subsequence choice","Scan with prefix/suffix state, repair violations, or greedily partition when invariant boundary is met.",prefix/suffix state; local repair; partition boundary; monotonic subsequence,stays-ahead / exchange / local feasibility,greedy or greedy-DP boundary,Array partition/transformation,Medium,Review exact statement; this row is inferred from title.,heuristic
2971,Find Polygon With the Largest Perimeter,Medium,65.5,https://leetcode.com/problems/find-polygon-with-the-largest-perimeter/,Sorting / choice greedy,General greedy ordering,Sort or scan candidates and apply a locally safe choice/dominance rule.,sorted candidate stream; local safe choice; dominance skip,exchange / dominance,pure greedy or sorting greedy,,Medium,Review exact statement; this row is inferred from title.,heuristic
3002,Maximum Size of a Set After Removals,Medium,46.3,https://leetcode.com/problems/maximum-size-of-a-set-after-removals/,Pairing / matching / delta sorting,"Pair extremes, smallest sufficient match, or opportunity-cost sorting","Sort both sides; match smallest sufficient resource, pair extremes, or choose top deltas.",two pointers; pair extremes; smallest sufficient resource; delta sorting,exchange argument,pure greedy + sorting/two pointers,Pairing / matching,Medium,Review exact statement; this row is inferred from title.,heuristic
3012,Minimize Length of Array Using Operations,Medium,35.8,https://leetcode.com/problems/minimize-length-of-array-using-operations/,Array transformation / partition greedy,"Prefix/suffix repair, partitioning, or subsequence choice","Scan with prefix/suffix state, repair violations, or greedily partition when invariant boundary is met.",prefix/suffix state; local repair; partition boundary; monotonic subsequence,stays-ahead / exchange / local feasibility,greedy or greedy-DP boundary,Array partition/transformation,Medium,Review exact statement; this row is inferred from title.,heuristic
3014,Minimum Number of Pushes to Type Word I,Easy,67.1,https://leetcode.com/problems/minimum-number-of-pushes-to-type-word-i/,Frequency / counting / string construction,"Counts, buckets, cooldown, or repeat limits",Use counts to construct a feasible/maximal object while preserving future availability.,frequency map; bucket ordering; cooldown; repeat-limit breaker; remaining demand,exchange / feasibility preservation,greedy + counting/heap,Frequency/String,Low,Review exact statement; this row is inferred from title.,heuristic
3016,Minimum Number of Pushes to Type Word II,Medium,80.0,https://leetcode.com/problems/minimum-number-of-pushes-to-type-word-ii/,Frequency / counting / string construction,"Counts, buckets, cooldown, or repeat limits",Use counts to construct a feasible/maximal object while preserving future availability.,frequency map; bucket ordering; cooldown; repeat-limit breaker; remaining demand,exchange / feasibility preservation,greedy + counting/heap,Frequency/String,Medium,Review exact statement; this row is inferred from title.,heuristic
3022,Minimize OR of Remaining Elements Using Operations,Hard,30.3,https://leetcode.com/problems/minimize-or-of-remaining-elements-using-operations/,Binary search + greedy feasibility,Monotone answer with greedy check,Binary search the answer; greedily verify feasibility under candidate value.,feasibility predicate; monotone answer; sorted greedy check; prefix/range update,feasibility monotonicity,binary search + greedy,Binary search on answer,High,Review exact statement; this row is inferred from title.,heuristic
3035,Maximum Palindromes After Operations,Medium,46.4,https://leetcode.com/problems/maximum-palindromes-after-operations/,Palindrome construction / counting,"Use counts, center choice, or two-pointer repair",Use frequency parity or symmetric two-pointer operations to maximize/minimize palindrome construction.,frequency counts; parity invariant; pair from extremes; center choice,parity invariant / exchange,counting greedy or two-pointer greedy,Palindrome,Medium,Review exact statement; this row is inferred from title.,heuristic
3049,Earliest Second to Mark Indices II,Hard,22.6,https://leetcode.com/problems/earliest-second-to-mark-indices-ii/,Binary search + greedy feasibility,Monotone answer with greedy check,Binary search the answer; greedily verify feasibility under candidate value.,feasibility predicate; monotone answer; sorted greedy check; prefix/range update,feasibility monotonicity,binary search + greedy,Binary search on answer,High,Review exact statement; this row is inferred from title.,heuristic
3068,Find the Maximum Sum of Node Values,Hard,69.4,https://leetcode.com/problems/find-the-maximum-sum-of-node-values/,Numeric / bitwise greedy,"Digit, bit, residue, or marginal numeric optimization",Use residue/bit contribution or marginal gains to maximize/minimize numeric objective.,bit contribution; residue counts; marginal gain; digit replacement,exchange / contribution dominance / invariant,numeric greedy / bit greedy / hybrid / DP-boundary,Numeric / bitwise,High,Review exact statement; this row is inferred from title. Greedy tag may be misleading; compare against DP/game formulation.,heuristic
3074,Apple Redistribution into Boxes,Easy,78.5,https://leetcode.com/problems/apple-redistribution-into-boxes/,Sorting / choice greedy,General greedy ordering,Sort or scan candidates and apply a locally safe choice/dominance rule.,sorted candidate stream; local safe choice; dominance skip,exchange / dominance,pure greedy or sorting greedy,,Low,Review exact statement; this row is inferred from title.,heuristic
3075,Maximize Happiness of Selected Children,Medium,58.7,https://leetcode.com/problems/maximize-happiness-of-selected-children/,Sorting / choice greedy,General greedy ordering,Sort or scan candidates and apply a locally safe choice/dominance rule.,sorted candidate stream; local safe choice; dominance skip,exchange / dominance,pure greedy or sorting greedy,,Medium,Review exact statement; this row is inferred from title.,heuristic
3081,Replace Question Marks in String to Minimize Its Value,Medium,29.2,https://leetcode.com/problems/replace-question-marks-in-string-to-minimize-its-value/,Frequency / counting / string construction,"Counts, buckets, cooldown, or repeat limits",Use counts to construct a feasible/maximal object while preserving future availability.,frequency map; bucket ordering; cooldown; repeat-limit breaker; remaining demand,exchange / feasibility preservation,greedy + counting/heap,Frequency/String,Medium,Review exact statement; this row is inferred from title.,heuristic
3085,Minimum Deletions to Make String K-Special,Medium,67.1,https://leetcode.com/problems/minimum-deletions-to-make-string-k-special/,Frequency / counting / string construction,"Counts, buckets, cooldown, or repeat limits",Use counts to construct a feasible/maximal object while preserving future availability.,frequency map; bucket ordering; cooldown; repeat-limit breaker; remaining demand,exchange / feasibility preservation,greedy + counting/heap,Frequency/String,Medium,Review exact statement; this row is inferred from title.,heuristic
3086,Minimum Moves to Pick K Ones,Hard,21.4,https://leetcode.com/problems/minimum-moves-to-pick-k-ones/,Median/ones movement,Minimum Moves to Pick K Ones,Hybrid: choose window of ones around median plus optional conversions.,median window; prefix sums; greedy conversions,median optimality,greedy + prefix sums,Adjacent swaps / median,Medium,Not a generic greedy; median minimizes absolute movement.,manual-high
3088,Make String Anti-palindrome,Hard,46.1,https://leetcode.com/problems/make-string-anti-palindrome/,Palindrome construction / counting,"Use counts, center choice, or two-pointer repair",Use frequency parity or symmetric two-pointer operations to maximize/minimize palindrome construction.,frequency counts; parity invariant; pair from extremes; center choice,parity invariant / exchange,counting greedy or two-pointer greedy,Palindrome,High,Review exact statement; this row is inferred from title.,heuristic
3091,Apply Operations to Make Sum of Array Greater Than or Equal to k,Medium,44.3,https://leetcode.com/problems/apply-operations-to-make-sum-of-array-greater-than-or-equal-to-k/,Numeric / bitwise greedy,"Digit, bit, residue, or marginal numeric optimization",Use residue/bit contribution or marginal gains to maximize/minimize numeric objective.,bit contribution; residue counts; marginal gain; digit replacement,exchange / contribution dominance / invariant,numeric greedy / bit greedy / hybrid,Numeric / bitwise,Medium,Review exact statement; this row is inferred from title.,heuristic
3106,Lexicographically Smallest String After Operations With Constraint,Medium,62.8,https://leetcode.com/problems/lexicographically-smallest-string-after-operations-with-constraint/,Lexicographic / monotonic construction,"Smallest/largest string, number, or subsequence","Use monotonic stack, comparator sorting, or constructive scan to preserve feasibility while improving lexicographic order.",monotonic stack; remaining counts; used set; comparator sorting; deletion budget,exchange + feasibility preservation,greedy + monotonic stack / sorting,Lexicographic Greedy,Medium,Review exact statement; this row is inferred from title.,heuristic
3107,Minimum Operations to Make Median of Array Equal to K,Medium,47.9,https://leetcode.com/problems/minimum-operations-to-make-median-of-array-equal-to-k/,Array transformation / partition greedy,"Prefix/suffix repair, partitioning, or subsequence choice","Scan with prefix/suffix state, repair violations, or greedily partition when invariant boundary is met.",prefix/suffix state; local repair; partition boundary; monotonic subsequence,stays-ahead / exchange / local feasibility,greedy or greedy-DP boundary,Array partition/transformation,Medium,Review exact statement; this row is inferred from title.,heuristic
3111,Minimum Rectangles to Cover Points,Medium,63.8,https://leetcode.com/problems/minimum-rectangles-to-cover-points/,Interval / coverage / scheduling,"Intervals, deadlines, coverage, or active-set scheduling","Sort by endpoint/start/deadline, then keep earliest finish, expand coverage, or use an active heap.",sort by endpoint; coverage frontier; active interval heap; deadline first,exchange / stays-ahead / sweep invariant,"greedy, greedy + heap, or binary search + greedy",Interval / scheduling / coverage,Medium,Review exact statement; this row is inferred from title.,heuristic
3119,Maximum Number of Potholes That Can Be Fixed,Medium,53.5,https://leetcode.com/problems/maximum-number-of-potholes-that-can-be-fixed/,Sorting / choice greedy,General greedy ordering,Sort or scan candidates and apply a locally safe choice/dominance rule.,sorted candidate stream; local safe choice; dominance skip,exchange / dominance,pure greedy or sorting greedy,,Medium,Review exact statement; this row is inferred from title.,heuristic
3125,Maximum Number That Makes Result of Bitwise AND Zero,Medium,70.0,https://leetcode.com/problems/maximum-number-that-makes-result-of-bitwise-and-zero/,Numeric / bitwise greedy,"Digit, bit, residue, or marginal numeric optimization",Use residue/bit contribution or marginal gains to maximize/minimize numeric objective.,bit contribution; residue counts; marginal gain; digit replacement,exchange / contribution dominance / invariant,numeric greedy / bit greedy / hybrid,Numeric / bitwise,Medium,Review exact statement; this row is inferred from title.,heuristic
3139,Minimum Cost to Equalize Array,Hard,18.9,https://leetcode.com/problems/minimum-cost-to-equalize-array/,Binary search + greedy feasibility,Monotone answer with greedy check,Binary search the answer; greedily verify feasibility under candidate value.,feasibility predicate; monotone answer; sorted greedy check; prefix/range update,feasibility monotonicity,binary search + greedy,Binary search on answer,High,Review exact statement; this row is inferred from title.,heuristic
3170,Lexicographically Minimum String After Removing Stars,Medium,50.9,https://leetcode.com/problems/lexicographically-minimum-string-after-removing-stars/,Lexicographic / monotonic construction,"Smallest/largest string, number, or subsequence","Use monotonic stack, comparator sorting, or constructive scan to preserve feasibility while improving lexicographic order.",monotonic stack; remaining counts; used set; comparator sorting; deletion budget,exchange + feasibility preservation,greedy + monotonic stack / sorting,Lexicographic Greedy,Medium,Review exact statement; this row is inferred from title.,heuristic
3189,Minimum Moves to Get a Peaceful Board,Medium,75.8,https://leetcode.com/problems/minimum-moves-to-get-a-peaceful-board/,Sorting / choice greedy,General greedy ordering,Sort or scan candidates and apply a locally safe choice/dominance rule.,sorted candidate stream; local safe choice; dominance skip,exchange / dominance,pure greedy or sorting greedy,,Medium,Review exact statement; this row is inferred from title.,heuristic
3192,Minimum Operations to Make Binary Array Elements Equal to One II,Medium,65.1,https://leetcode.com/problems/minimum-operations-to-make-binary-array-elements-equal-to-one-ii/,Array transformation / partition greedy,"Prefix/suffix repair, partitioning, or subsequence choice","Scan with prefix/suffix state, repair violations, or greedily partition when invariant boundary is met.",prefix/suffix state; local repair; partition boundary; monotonic subsequence,stays-ahead / exchange / local feasibility,greedy or greedy-DP boundary,Array partition/transformation,Medium,Review exact statement; this row is inferred from title.,heuristic
3205,Maximum Array Hopping Score I,Medium,76.9,https://leetcode.com/problems/maximum-array-hopping-score-i/,Jump / reachability frontier,Reachability or minimum jumps,"Maintain a frontier of reachable positions, or binary-search/DP when constraints change.",reachable frontier; farthest extension; current layer boundary,stays-ahead / feasibility monotonicity,greedy frontier or hybrid,Jump Game,Medium,Review exact statement; this row is inferred from title.,heuristic
3207,Maximum Points After Enemy Battles,Medium,33.4,https://leetcode.com/problems/maximum-points-after-enemy-battles/,Sorting / choice greedy,General greedy ordering,Sort or scan candidates and apply a locally safe choice/dominance rule.,sorted candidate stream; local safe choice; dominance skip,exchange / dominance,pure greedy or sorting greedy,,Medium,Review exact statement; this row is inferred from title.,heuristic
3216,Lexicographically Smallest String After a Swap,Easy,54.6,https://leetcode.com/problems/lexicographically-smallest-string-after-a-swap/,Lexicographic / monotonic construction,"Smallest/largest string, number, or subsequence","Use monotonic stack, comparator sorting, or constructive scan to preserve feasibility while improving lexicographic order.",monotonic stack; remaining counts; used set; comparator sorting; deletion budget,exchange + feasibility preservation,greedy + monotonic stack / sorting,Lexicographic Greedy,Low,Review exact statement; this row is inferred from title.,heuristic
3218,Minimum Cost for Cutting Cake I,Medium,58.5,https://leetcode.com/problems/minimum-cost-for-cutting-cake-i/,Cutting cost greedy,Minimum Cost for Cutting Cake I,Perform larger cut costs earlier because they are multiplied by fewer/lower segment counts later.,sort cuts desc; choose larger marginal multiplier,exchange argument,pure greedy,Ordering / cuts,High,2D version of scheduling by multiplicative cost.,manual-high
3219,Minimum Cost for Cutting Cake II,Hard,55.2,https://leetcode.com/problems/minimum-cost-for-cutting-cake-ii/,Cutting cost greedy,Minimum Cost for Cutting Cake II,"Same as Cake I, larger cuts first across both dimensions.",sort cuts desc; segment multiplier state,exchange argument,pure greedy,Ordering / cuts,High,Track horizontal/vertical segment counts correctly.,manual-high
3221,Maximum Array Hopping Score II,Medium,59.7,https://leetcode.com/problems/maximum-array-hopping-score-ii/,Jump / reachability frontier,Reachability or minimum jumps,"Maintain a frontier of reachable positions, or binary-search/DP when constraints change.",reachable frontier; farthest extension; current layer boundary,stays-ahead / feasibility monotonicity,greedy frontier or hybrid,Jump Game,Medium,Review exact statement; this row is inferred from title.,heuristic
3228,Maximum Number of Operations to Move Ones to the End,Medium,67.1,https://leetcode.com/problems/maximum-number-of-operations-to-move-ones-to-the-end/,Sorting / choice greedy,General greedy ordering,Sort or scan candidates and apply a locally safe choice/dominance rule.,sorted candidate stream; local safe choice; dominance skip,exchange / dominance,pure greedy or sorting greedy,,Medium,Review exact statement; this row is inferred from title.,heuristic
3229,Minimum Operations to Make Array Equal to Target,Hard,41.5,https://leetcode.com/problems/minimum-operations-to-make-array-equal-to-target/,Array transformation / partition greedy,"Prefix/suffix repair, partitioning, or subsequence choice","Scan with prefix/suffix state, repair violations, or greedily partition when invariant boundary is met.",prefix/suffix state; local repair; partition boundary; monotonic subsequence,stays-ahead / exchange / local feasibility,greedy or greedy-DP boundary / DP-boundary,Array partition/transformation,High,Review exact statement; this row is inferred from title. Greedy tag may be misleading; compare against DP/game formulation.,heuristic
3244,Shortest Distance After Road Addition Queries II,Hard,26.7,https://leetcode.com/problems/shortest-distance-after-road-addition-queries-ii/,Sorting / choice greedy,General greedy ordering,Sort or scan candidates and apply a locally safe choice/dominance rule.,sorted candidate stream; local safe choice; dominance skip,exchange / dominance,pure greedy or sorting greedy / DP-boundary,Greedy-DP boundary,High,Review exact statement; this row is inferred from title. Greedy tag may be misleading; compare against DP/game formulation.,heuristic
3260,Find the Largest Palindrome Divisible by K,Hard,17.0,https://leetcode.com/problems/find-the-largest-palindrome-divisible-by-k/,Palindrome construction / counting,"Use counts, center choice, or two-pointer repair",Use frequency parity or symmetric two-pointer operations to maximize/minimize palindrome construction.,frequency counts; parity invariant; pair from extremes; center choice,parity invariant / exchange,counting greedy or two-pointer greedy,Palindrome,High,Review exact statement; this row is inferred from title.,heuristic
3273,Minimum Amount of Damage Dealt to Bob,Hard,39.8,https://leetcode.com/problems/minimum-amount-of-damage-dealt-to-bob/,Sorting / choice greedy,General greedy ordering,Sort or scan candidates and apply a locally safe choice/dominance rule.,sorted candidate stream; local safe choice; dominance skip,exchange / dominance,pure greedy or sorting greedy,,High,Review exact statement; this row is inferred from title.,heuristic
3281,Maximize Score of Numbers in Ranges,Medium,35.7,https://leetcode.com/problems/maximize-score-of-numbers-in-ranges/,Binary search + greedy feasibility,Monotone answer with greedy check,Binary search the answer; greedily verify feasibility under candidate value.,feasibility predicate; monotone answer; sorted greedy check; prefix/range update,feasibility monotonicity,binary search + greedy,Binary search on answer,Medium,Review exact statement; this row is inferred from title.,heuristic
3282,Reach End of Array With Max Score,Medium,33.6,https://leetcode.com/problems/reach-end-of-array-with-max-score/,Jump / reachability frontier,Reachability or minimum jumps,"Maintain a frontier of reachable positions, or binary-search/DP when constraints change.",reachable frontier; farthest extension; current layer boundary,stays-ahead / feasibility monotonicity,greedy frontier or hybrid,Jump Game,Medium,Review exact statement; this row is inferred from title.,heuristic
3291,Minimum Number of Valid Strings to Form Target I,Medium,21.9,https://leetcode.com/problems/minimum-number-of-valid-strings-to-form-target-i/,Parentheses / balance greedy,Balance repair or wildcard feasibility,Track open balance or feasible open range and repair deficits locally.,running balance; min/max open range; insertion/deletion repair,balance invariant / feasibility interval,pure greedy / DP-boundary,Parentheses,Medium,Review exact statement; this row is inferred from title. Greedy tag may be misleading; compare against DP/game formulation.,heuristic
3292,Minimum Number of Valid Strings to Form Target II,Hard,20.6,https://leetcode.com/problems/minimum-number-of-valid-strings-to-form-target-ii/,Parentheses / balance greedy,Balance repair or wildcard feasibility,Track open balance or feasible open range and repair deficits locally.,running balance; min/max open range; insertion/deletion repair,balance invariant / feasibility interval,pure greedy / DP-boundary,Parentheses,High,Review exact statement; this row is inferred from title. Greedy tag may be misleading; compare against DP/game formulation.,heuristic
3296,Minimum Number of Seconds to Make Mountain Height Zero,Medium,58.3,https://leetcode.com/problems/minimum-number-of-seconds-to-make-mountain-height-zero/,Heap greedy / deferred choice,"Choose best available, marginal gain, or replacement candidate","Sort/unlock candidates, then use heap to choose best currently available or replace worst selected.",available candidates heap; max marginal gain; replacement heap; bottleneck threshold,deferred greedy / exchange / threshold,greedy + heap,Heap-greedy,Medium,Review exact statement; this row is inferred from title.,heuristic
3301,Maximize the Total Height of Unique Towers,Medium,37.4,https://leetcode.com/problems/maximize-the-total-height-of-unique-towers/,Sorting / choice greedy,General greedy ordering,Sort or scan candidates and apply a locally safe choice/dominance rule.,sorted candidate stream; local safe choice; dominance skip,exchange / dominance,pure greedy or sorting greedy,,Medium,Review exact statement; this row is inferred from title.,heuristic
3302,Find the Lexicographically Smallest Valid Sequence,Medium,21.9,https://leetcode.com/problems/find-the-lexicographically-smallest-valid-sequence/,Lexicographic / monotonic construction,"Smallest/largest string, number, or subsequence","Use monotonic stack, comparator sorting, or constructive scan to preserve feasibility while improving lexicographic order.",monotonic stack; remaining counts; used set; comparator sorting; deletion budget,exchange + feasibility preservation,greedy + monotonic stack / sorting,Lexicographic Greedy,Medium,Review exact statement; this row is inferred from title.,heuristic
3326,Minimum Division Operations to Make Array Non Decreasing,Medium,29.2,https://leetcode.com/problems/minimum-division-operations-to-make-array-non-decreasing/,Array transformation / partition greedy,"Prefix/suffix repair, partitioning, or subsequence choice","Scan with prefix/suffix state, repair violations, or greedily partition when invariant boundary is met.",prefix/suffix state; local repair; partition boundary; monotonic subsequence,stays-ahead / exchange / local feasibility,greedy or greedy-DP boundary,Array partition/transformation,Medium,Review exact statement; this row is inferred from title.,heuristic
3348,Smallest Divisible Digit Product II,Hard,14.6,https://leetcode.com/problems/smallest-divisible-digit-product-ii/,Lexicographic / monotonic construction,"Smallest/largest string, number, or subsequence","Use monotonic stack, comparator sorting, or constructive scan to preserve feasibility while improving lexicographic order.",monotonic stack; remaining counts; used set; comparator sorting; deletion budget,exchange + feasibility preservation,greedy + monotonic stack / sorting,Lexicographic Greedy,High,Review exact statement; this row is inferred from title.,heuristic
3357,Minimize the Maximum Adjacent Element Difference,Hard,19.7,https://leetcode.com/problems/minimize-the-maximum-adjacent-element-difference/,Binary search + greedy feasibility,Monotone answer with greedy check,Binary search the answer; greedily verify feasibility under candidate value.,feasibility predicate; monotone answer; sorted greedy check; prefix/range update,feasibility monotonicity,binary search + greedy,Binary search on answer,High,Review exact statement; this row is inferred from title.,heuristic
3362,Zero Array Transformation III,Medium,54.8,https://leetcode.com/problems/zero-array-transformation-iii/,Interval heap / coverage demand,Zero Array Transformation III,Use available range decrements; greedily keep/removing queries via heap based on end reach.,sweep; max end heap; coverage demand,exchange / feasibility,greedy + heap,Coverage / intervals,High,Usually formulated as choosing/removing maximal useful intervals.,manual-high
3397,Maximum Number of Distinct Elements After Operations,Medium,52.2,https://leetcode.com/problems/maximum-number-of-distinct-elements-after-operations/,Sorting / choice greedy,General greedy ordering,Sort or scan candidates and apply a locally safe choice/dominance rule.,sorted candidate stream; local safe choice; dominance skip,exchange / dominance,pure greedy or sorting greedy,,Medium,Review exact statement; this row is inferred from title.,heuristic
3402,Minimum Operations to Make Columns Strictly Increasing,Easy,72.7,https://leetcode.com/problems/minimum-operations-to-make-columns-strictly-increasing/,Constructive matrix/tree/graph greedy,Structural construction or assignment,Use local degree/row/column/path constraints to construct or maximize under structural invariants.,degree sorting; row/column residuals; local repair; structural invariant,exchange / invariant construction,constructive greedy / hybrid,Constructive structures,Low,Review exact statement; this row is inferred from title.,heuristic
3413,Maximum Coins From K Consecutive Bags,Medium,24.6,https://leetcode.com/problems/maximum-coins-from-k-consecutive-bags/,Sorting / choice greedy,General greedy ordering,Sort or scan candidates and apply a locally safe choice/dominance rule.,sorted candidate stream; local safe choice; dominance skip,exchange / dominance,pure greedy or sorting greedy,,Medium,Review exact statement; this row is inferred from title.,heuristic
3424,Minimum Cost to Make Arrays Identical,Medium,37.8,https://leetcode.com/problems/minimum-cost-to-make-arrays-identical/,Array transformation / partition greedy,"Prefix/suffix repair, partitioning, or subsequence choice","Scan with prefix/suffix state, repair violations, or greedily partition when invariant boundary is met.",prefix/suffix state; local repair; partition boundary; monotonic subsequence,stays-ahead / exchange / local feasibility,greedy or greedy-DP boundary,Array partition/transformation,Medium,Review exact statement; this row is inferred from title.,heuristic
3434,Maximum Frequency After Subarray Operation,Medium,31.2,https://leetcode.com/problems/maximum-frequency-after-subarray-operation/,Frequency / counting / string construction,"Counts, buckets, cooldown, or repeat limits",Use counts to construct a feasible/maximal object while preserving future availability.,frequency map; bucket ordering; cooldown; repeat-limit breaker; remaining demand,exchange / feasibility preservation,greedy + counting/heap,Frequency/String,Medium,Review exact statement; this row is inferred from title.,heuristic
3439,Reschedule Meetings for Maximum Free Time I,Medium,54.0,https://leetcode.com/problems/reschedule-meetings-for-maximum-free-time-i/,Interval / coverage / scheduling,"Intervals, deadlines, coverage, or active-set scheduling","Sort by endpoint/start/deadline, then keep earliest finish, expand coverage, or use an active heap.",sort by endpoint; coverage frontier; active interval heap; deadline first,exchange / stays-ahead / sweep invariant,"greedy, greedy + heap, or binary search + greedy",Interval / scheduling / coverage,Medium,Review exact statement; this row is inferred from title.,heuristic
3440,Reschedule Meetings for Maximum Free Time II,Medium,60.4,https://leetcode.com/problems/reschedule-meetings-for-maximum-free-time-ii/,Interval / coverage / scheduling,"Intervals, deadlines, coverage, or active-set scheduling","Sort by endpoint/start/deadline, then keep earliest finish, expand coverage, or use an active heap.",sort by endpoint; coverage frontier; active interval heap; deadline first,exchange / stays-ahead / sweep invariant,"greedy, greedy + heap, or binary search + greedy",Interval / scheduling / coverage,Medium,Review exact statement; this row is inferred from title.,heuristic
3449,Maximize the Minimum Game Score,Hard,26.4,https://leetcode.com/problems/maximize-the-minimum-game-score/,Binary search + greedy feasibility,Monotone answer with greedy check,Binary search the answer; greedily verify feasibility under candidate value.,feasibility predicate; monotone answer; sorted greedy check; prefix/range update,feasibility monotonicity,binary search + greedy,Binary search on answer,High,Review exact statement; this row is inferred from title.,heuristic
3457,Eat Pizzas!,Medium,33.3,https://leetcode.com/problems/eat-pizzas/,Sorting / choice greedy,General greedy ordering,Sort or scan candidates and apply a locally safe choice/dominance rule.,sorted candidate stream; local safe choice; dominance skip,exchange / dominance,pure greedy or sorting greedy,,Medium,Review exact statement; this row is inferred from title.,heuristic
3458,Select K Disjoint Special Substrings,Medium,19.3,https://leetcode.com/problems/select-k-disjoint-special-substrings/,Interval / coverage / scheduling,"Intervals, deadlines, coverage, or active-set scheduling","Sort by endpoint/start/deadline, then keep earliest finish, expand coverage, or use an active heap.",sort by endpoint; coverage frontier; active interval heap; deadline first,exchange / stays-ahead / sweep invariant,"greedy, greedy + heap, or binary search + greedy",Interval / scheduling / coverage,Medium,Review exact statement; this row is inferred from title.,heuristic
3462,Maximum Sum With at Most K Elements,Medium,60.7,https://leetcode.com/problems/maximum-sum-with-at-most-k-elements/,Heap greedy / deferred choice,"Choose best available, marginal gain, or replacement candidate","Sort/unlock candidates, then use heap to choose best currently available or replace worst selected.",available candidates heap; max marginal gain; replacement heap; bottleneck threshold,deferred greedy / exchange / threshold,greedy + heap,Heap-greedy,Medium,Review exact statement; this row is inferred from title.,heuristic
3474,Lexicographically Smallest Generated String,Hard,53.5,https://leetcode.com/problems/lexicographically-smallest-generated-string/,Lexicographic / monotonic construction,"Smallest/largest string, number, or subsequence","Use monotonic stack, comparator sorting, or constructive scan to preserve feasibility while improving lexicographic order.",monotonic stack; remaining counts; used set; comparator sorting; deletion budget,exchange + feasibility preservation,greedy + monotonic stack / sorting,Lexicographic Greedy,High,Review exact statement; this row is inferred from title.,heuristic
3476,Maximize Profit from Task Assignment,Medium,65.3,https://leetcode.com/problems/maximize-profit-from-task-assignment/,Heap greedy / deferred choice,"Choose best available, marginal gain, or replacement candidate","Sort/unlock candidates, then use heap to choose best currently available or replace worst selected.",available candidates heap; max marginal gain; replacement heap; bottleneck threshold,deferred greedy / exchange / threshold,greedy + heap,Heap-greedy,Medium,Review exact statement; this row is inferred from title.,heuristic
3487,Maximum Unique Subarray Sum After Deletion,Easy,40.5,https://leetcode.com/problems/maximum-unique-subarray-sum-after-deletion/,Numeric / bitwise greedy,"Digit, bit, residue, or marginal numeric optimization",Use residue/bit contribution or marginal gains to maximize/minimize numeric objective.,bit contribution; residue counts; marginal gain; digit replacement,exchange / contribution dominance / invariant,numeric greedy / bit greedy / hybrid,Numeric / bitwise,Low,Review exact statement; this row is inferred from title.,heuristic
3496,Maximize Score After Pair Deletions,Medium,52.6,https://leetcode.com/problems/maximize-score-after-pair-deletions/,Pairing / matching / delta sorting,"Pair extremes, smallest sufficient match, or opportunity-cost sorting","Sort both sides; match smallest sufficient resource, pair extremes, or choose top deltas.",two pointers; pair extremes; smallest sufficient resource; delta sorting,exchange argument,pure greedy + sorting/two pointers,Pairing / matching,Medium,Review exact statement; this row is inferred from title.,heuristic
3506,Find Time Required to Eliminate Bacterial Strains,Hard,61.4,https://leetcode.com/problems/find-time-required-to-eliminate-bacterial-strains/,Sorting / choice greedy,General greedy ordering,Sort or scan candidates and apply a locally safe choice/dominance rule.,sorted candidate stream; local safe choice; dominance skip,exchange / dominance,pure greedy or sorting greedy / DP-boundary,Greedy-DP boundary,High,Review exact statement; this row is inferred from title. Greedy tag may be misleading; compare against DP/game formulation.,heuristic
3511,Make a Positive Array,Medium,37.0,https://leetcode.com/problems/make-a-positive-array/,Array transformation / partition greedy,"Prefix/suffix repair, partitioning, or subsequence choice","Scan with prefix/suffix state, repair violations, or greedily partition when invariant boundary is met.",prefix/suffix state; local repair; partition boundary; monotonic subsequence,stays-ahead / exchange / local feasibility,greedy or greedy-DP boundary,Array partition/transformation,Medium,Review exact statement; this row is inferred from title.,heuristic
3523,Make Array Non-decreasing,Medium,57.1,https://leetcode.com/problems/make-array-non-decreasing/,Array transformation / partition greedy,"Prefix/suffix repair, partitioning, or subsequence choice","Scan with prefix/suffix state, repair violations, or greedily partition when invariant boundary is met.",prefix/suffix state; local repair; partition boundary; monotonic subsequence,stays-ahead / exchange / local feasibility,greedy or greedy-DP boundary,Array partition/transformation,Medium,Review exact statement; this row is inferred from title.,heuristic
3534,Path Existence Queries in a Graph II,Hard,26.7,https://leetcode.com/problems/path-existence-queries-in-a-graph-ii/,Constructive matrix/tree/graph greedy,Structural construction or assignment,Use local degree/row/column/path constraints to construct or maximize under structural invariants.,degree sorting; row/column residuals; local repair; structural invariant,exchange / invariant construction,constructive greedy / hybrid / DP-boundary,Constructive structures,High,Review exact statement; this row is inferred from title. Greedy tag may be misleading; compare against DP/game formulation.,heuristic
3542,Minimum Operations to Convert All Elements to Zero,Medium,53.0,https://leetcode.com/problems/minimum-operations-to-convert-all-elements-to-zero/,Sorting / choice greedy,General greedy ordering,Sort or scan candidates and apply a locally safe choice/dominance rule.,sorted candidate stream; local safe choice; dominance skip,exchange / dominance,pure greedy or sorting greedy,,Medium,Review exact statement; this row is inferred from title.,heuristic
3545,Minimum Deletions for At Most K Distinct Characters,Easy,73.1,https://leetcode.com/problems/minimum-deletions-for-at-most-k-distinct-characters/,Frequency / counting / string construction,"Counts, buckets, cooldown, or repeat limits",Use counts to construct a feasible/maximal object while preserving future availability.,frequency map; bucket ordering; cooldown; repeat-limit breaker; remaining demand,exchange / feasibility preservation,greedy + counting/heap,Frequency/String,Low,Review exact statement; this row is inferred from title.,heuristic
3547,Maximum Sum of Edge Values in a Graph,Hard,36.4,https://leetcode.com/problems/maximum-sum-of-edge-values-in-a-graph/,Constructive matrix/tree/graph greedy,Structural construction or assignment,Use local degree/row/column/path constraints to construct or maximize under structural invariants.,degree sorting; row/column residuals; local repair; structural invariant,exchange / invariant construction,constructive greedy / hybrid / DP-boundary,Constructive structures,High,Review exact statement; this row is inferred from title. Greedy tag may be misleading; compare against DP/game formulation.,heuristic
3555,Smallest Subarray to Sort in Every Sliding Window,Medium,58.1,https://leetcode.com/problems/smallest-subarray-to-sort-in-every-sliding-window/,Interval / coverage / scheduling,"Intervals, deadlines, coverage, or active-set scheduling","Sort by endpoint/start/deadline, then keep earliest finish, expand coverage, or use an active heap.",sort by endpoint; coverage frontier; active interval heap; deadline first,exchange / stays-ahead / sweep invariant,"greedy, greedy + heap, or binary search + greedy",Interval / scheduling / coverage,Medium,Review exact statement; this row is inferred from title.,heuristic
3557,Find Maximum Number of Non Intersecting Substrings,Medium,30.7,https://leetcode.com/problems/find-maximum-number-of-non-intersecting-substrings/,Interval / coverage / scheduling,"Intervals, deadlines, coverage, or active-set scheduling","Sort by endpoint/start/deadline, then keep earliest finish, expand coverage, or use an active heap.",sort by endpoint; coverage frontier; active interval heap; deadline first,exchange / stays-ahead / sweep invariant,"greedy, greedy + heap, or binary search + greedy",Interval / scheduling / coverage,Medium,Review exact statement; this row is inferred from title.,heuristic
3572,Maximize Y‑Sum by Picking a Triplet of Distinct X‑Values,Medium,63.4,https://leetcode.com/problems/maximize-ysum-by-picking-a-triplet-of-distinct-xvalues/,Numeric / bitwise greedy,"Digit, bit, residue, or marginal numeric optimization",Use residue/bit contribution or marginal gains to maximize/minimize numeric objective.,bit contribution; residue counts; marginal gain; digit replacement,exchange / contribution dominance / invariant,numeric greedy / bit greedy / hybrid,Numeric / bitwise,Medium,Review exact statement; this row is inferred from title.,heuristic
3576,Transform Array to All Equal Elements,Medium,33.2,https://leetcode.com/problems/transform-array-to-all-equal-elements/,Array transformation / partition greedy,"Prefix/suffix repair, partitioning, or subsequence choice","Scan with prefix/suffix state, repair violations, or greedily partition when invariant boundary is met.",prefix/suffix state; local repair; partition boundary; monotonic subsequence,stays-ahead / exchange / local feasibility,greedy or greedy-DP boundary,Array partition/transformation,Medium,Review exact statement; this row is inferred from title.,heuristic
3587,Minimum Adjacent Swaps to Alternate Parity,Medium,42.4,https://leetcode.com/problems/minimum-adjacent-swaps-to-alternate-parity/,Sorting / choice greedy,General greedy ordering,Sort or scan candidates and apply a locally safe choice/dominance rule.,sorted candidate stream; local safe choice; dominance skip,exchange / dominance,pure greedy or sorting greedy,,Medium,Review exact statement; this row is inferred from title.,heuristic
3588,Find Maximum Area of a Triangle,Medium,29.4,https://leetcode.com/problems/find-maximum-area-of-a-triangle/,Sorting / choice greedy,General greedy ordering,Sort or scan candidates and apply a locally safe choice/dominance rule.,sorted candidate stream; local safe choice; dominance skip,exchange / dominance,pure greedy or sorting greedy,,Medium,Review exact statement; this row is inferred from title.,heuristic
3600,Maximize Spanning Tree Stability with Upgrades,Hard,66.3,https://leetcode.com/problems/maximize-spanning-tree-stability-with-upgrades/,Constructive matrix/tree/graph greedy,Structural construction or assignment,Use local degree/row/column/path constraints to construct or maximize under structural invariants.,degree sorting; row/column residuals; local repair; structural invariant,exchange / invariant construction,constructive greedy / hybrid,Constructive structures,High,Review exact statement; this row is inferred from title.,heuristic
3605,Minimum Stability Factor of Array,Hard,20.6,https://leetcode.com/problems/minimum-stability-factor-of-array/,Binary search + greedy feasibility,Monotone answer with greedy check,Binary search the answer; greedily verify feasibility under candidate value.,feasibility predicate; monotone answer; sorted greedy check; prefix/range update,feasibility monotonicity,binary search + greedy,Binary search on answer,High,Review exact statement; this row is inferred from title.,heuristic
3627,Maximum Median Sum of Subsequences of Size 3,Medium,65.1,https://leetcode.com/problems/maximum-median-sum-of-subsequences-of-size-3/,Numeric / bitwise greedy,"Digit, bit, residue, or marginal numeric optimization",Use residue/bit contribution or marginal gains to maximize/minimize numeric objective.,bit contribution; residue counts; marginal gain; digit replacement,exchange / contribution dominance / invariant,numeric greedy / bit greedy / hybrid,Numeric / bitwise,Medium,Review exact statement; this row is inferred from title.,heuristic
3628,Maximum Number of Subsequences After One Inserting,Medium,31.9,https://leetcode.com/problems/maximum-number-of-subsequences-after-one-inserting/,Array transformation / partition greedy,"Prefix/suffix repair, partitioning, or subsequence choice","Scan with prefix/suffix state, repair violations, or greedily partition when invariant boundary is met.",prefix/suffix state; local repair; partition boundary; monotonic subsequence,stays-ahead / exchange / local feasibility,greedy or greedy-DP boundary,Array partition/transformation,Medium,Review exact statement; this row is inferred from title.,heuristic
3630,Partition Array for Maximum XOR and AND,Hard,17.7,https://leetcode.com/problems/partition-array-for-maximum-xor-and-and/,Numeric / bitwise greedy,"Digit, bit, residue, or marginal numeric optimization",Use residue/bit contribution or marginal gains to maximize/minimize numeric objective.,bit contribution; residue counts; marginal gain; digit replacement,exchange / contribution dominance / invariant,numeric greedy / bit greedy / hybrid,Numeric / bitwise,High,Review exact statement; this row is inferred from title.,heuristic
3633,Earliest Finish Time for Land and Water Rides I,Easy,62.1,https://leetcode.com/problems/earliest-finish-time-for-land-and-water-rides-i/,Numeric / bitwise greedy,"Digit, bit, residue, or marginal numeric optimization",Use residue/bit contribution or marginal gains to maximize/minimize numeric objective.,bit contribution; residue counts; marginal gain; digit replacement,exchange / contribution dominance / invariant,numeric greedy / bit greedy / hybrid,Numeric / bitwise,Low,Review exact statement; this row is inferred from title.,heuristic
3635,Earliest Finish Time for Land and Water Rides II,Medium,35.3,https://leetcode.com/problems/earliest-finish-time-for-land-and-water-rides-ii/,Numeric / bitwise greedy,"Digit, bit, residue, or marginal numeric optimization",Use residue/bit contribution or marginal gains to maximize/minimize numeric objective.,bit contribution; residue counts; marginal gain; digit replacement,exchange / contribution dominance / invariant,numeric greedy / bit greedy / hybrid,Numeric / bitwise,Medium,Review exact statement; this row is inferred from title.,heuristic
3638,Maximum Balanced Shipments,Medium,61.4,https://leetcode.com/problems/maximum-balanced-shipments/,Sorting / choice greedy,General greedy ordering,Sort or scan candidates and apply a locally safe choice/dominance rule.,sorted candidate stream; local safe choice; dominance skip,exchange / dominance,pure greedy or sorting greedy,,Medium,Review exact statement; this row is inferred from title.,heuristic
3645,Maximum Total from Optimal Activation Order,Medium,33.3,https://leetcode.com/problems/maximum-total-from-optimal-activation-order/,Sorting / choice greedy,General greedy ordering,Sort or scan candidates and apply a locally safe choice/dominance rule.,sorted candidate stream; local safe choice; dominance skip,exchange / dominance,pure greedy or sorting greedy,,Medium,Review exact statement; this row is inferred from title.,heuristic
3675,Minimum Operations to Transform String,Medium,62.0,https://leetcode.com/problems/minimum-operations-to-transform-string/,Frequency / counting / string construction,"Counts, buckets, cooldown, or repeat limits",Use counts to construct a feasible/maximal object while preserving future availability.,frequency map; bucket ordering; cooldown; repeat-limit breaker; remaining demand,exchange / feasibility preservation,greedy + counting/heap,Frequency/String,Medium,Review exact statement; this row is inferred from title.,heuristic
3680,Generate Schedule,Medium,24.5,https://leetcode.com/problems/generate-schedule/,Interval / coverage / scheduling,"Intervals, deadlines, coverage, or active-set scheduling","Sort by endpoint/start/deadline, then keep earliest finish, expand coverage, or use an active heap.",sort by endpoint; coverage frontier; active interval heap; deadline first,exchange / stays-ahead / sweep invariant,"greedy, greedy + heap, or binary search + greedy",Interval / scheduling / coverage,Medium,Review exact statement; this row is inferred from title.,heuristic
3681,Maximum XOR of Subsequences,Hard,51.3,https://leetcode.com/problems/maximum-xor-of-subsequences/,Numeric / bitwise greedy,"Digit, bit, residue, or marginal numeric optimization",Use residue/bit contribution or marginal gains to maximize/minimize numeric objective.,bit contribution; residue counts; marginal gain; digit replacement,exchange / contribution dominance / invariant,numeric greedy / bit greedy / hybrid / DP-boundary,Numeric / bitwise,High,Review exact statement; this row is inferred from title. Greedy tag may be misleading; compare against DP/game formulation.,heuristic
3684,Maximize Sum of At Most K Distinct Elements,Easy,77.0,https://leetcode.com/problems/maximize-sum-of-at-most-k-distinct-elements/,Numeric / bitwise greedy,"Digit, bit, residue, or marginal numeric optimization",Use residue/bit contribution or marginal gains to maximize/minimize numeric objective.,bit contribution; residue counts; marginal gain; digit replacement,exchange / contribution dominance / invariant,numeric greedy / bit greedy / hybrid,Numeric / bitwise,Low,Review exact statement; this row is inferred from title.,heuristic
3689,Maximum Total Subarray Value I,Medium,64.4,https://leetcode.com/problems/maximum-total-subarray-value-i/,Array transformation / partition greedy,"Prefix/suffix repair, partitioning, or subsequence choice","Scan with prefix/suffix state, repair violations, or greedily partition when invariant boundary is met.",prefix/suffix state; local repair; partition boundary; monotonic subsequence,stays-ahead / exchange / local feasibility,greedy or greedy-DP boundary,Array partition/transformation,Medium,Review exact statement; this row is inferred from title.,heuristic
3691,Maximum Total Subarray Value II,Hard,22.4,https://leetcode.com/problems/maximum-total-subarray-value-ii/,Array transformation / partition greedy,"Prefix/suffix repair, partitioning, or subsequence choice","Scan with prefix/suffix state, repair violations, or greedily partition when invariant boundary is met.",prefix/suffix state; local repair; partition boundary; monotonic subsequence,stays-ahead / exchange / local feasibility,greedy or greedy-DP boundary,Array partition/transformation,High,Review exact statement; this row is inferred from title.,heuristic
3695,Maximize Alternating Sum Using Swaps,Hard,64.6,https://leetcode.com/problems/maximize-alternating-sum-using-swaps/,Numeric / bitwise greedy,"Digit, bit, residue, or marginal numeric optimization",Use residue/bit contribution or marginal gains to maximize/minimize numeric objective.,bit contribution; residue counts; marginal gain; digit replacement,exchange / contribution dominance / invariant,numeric greedy / bit greedy / hybrid,Numeric / bitwise,High,Review exact statement; this row is inferred from title.,heuristic
3711,Maximum Transactions Without Negative Balance,Medium,46.4,https://leetcode.com/problems/maximum-transactions-without-negative-balance/,Sorting / choice greedy,General greedy ordering,Sort or scan candidates and apply a locally safe choice/dominance rule.,sorted candidate stream; local safe choice; dominance skip,exchange / dominance,pure greedy or sorting greedy,,Medium,Review exact statement; this row is inferred from title.,heuristic
3720,Lexicographically Smallest Permutation Greater Than Target,Medium,26.7,https://leetcode.com/problems/lexicographically-smallest-permutation-greater-than-target/,Lexicographic / monotonic construction,"Smallest/largest string, number, or subsequence","Use monotonic stack, comparator sorting, or constructive scan to preserve feasibility while improving lexicographic order.",monotonic stack; remaining counts; used set; comparator sorting; deletion budget,exchange + feasibility preservation,greedy + monotonic stack / sorting,Lexicographic Greedy,Medium,Review exact statement; this row is inferred from title.,heuristic
3723,Maximize Sum of Squares of Digits,Medium,59.0,https://leetcode.com/problems/maximize-sum-of-squares-of-digits/,Numeric / bitwise greedy,"Digit, bit, residue, or marginal numeric optimization",Use residue/bit contribution or marginal gains to maximize/minimize numeric objective.,bit contribution; residue counts; marginal gain; digit replacement,exchange / contribution dominance / invariant,numeric greedy / bit greedy / hybrid,Numeric / bitwise,Medium,Review exact statement; this row is inferred from title.,heuristic
3724,Minimum Operations to Transform Array,Medium,39.9,https://leetcode.com/problems/minimum-operations-to-transform-array/,Array transformation / partition greedy,"Prefix/suffix repair, partitioning, or subsequence choice","Scan with prefix/suffix state, repair violations, or greedily partition when invariant boundary is met.",prefix/suffix state; local repair; partition boundary; monotonic subsequence,stays-ahead / exchange / local feasibility,greedy or greedy-DP boundary,Array partition/transformation,Medium,Review exact statement; this row is inferred from title.,heuristic
3727,Maximum Alternating Sum of Squares,Medium,61.5,https://leetcode.com/problems/maximum-alternating-sum-of-squares/,Numeric / bitwise greedy,"Digit, bit, residue, or marginal numeric optimization",Use residue/bit contribution or marginal gains to maximize/minimize numeric objective.,bit contribution; residue counts; marginal gain; digit replacement,exchange / contribution dominance / invariant,numeric greedy / bit greedy / hybrid,Numeric / bitwise,Medium,Review exact statement; this row is inferred from title.,heuristic
3730,Maximum Calories Burnt from Jumps,Medium,72.4,https://leetcode.com/problems/maximum-calories-burnt-from-jumps/,Jump / reachability frontier,Reachability or minimum jumps,"Maintain a frontier of reachable positions, or binary-search/DP when constraints change.",reachable frontier; farthest extension; current layer boundary,stays-ahead / feasibility monotonicity,greedy frontier or hybrid,Jump Game,Medium,Review exact statement; this row is inferred from title.,heuristic
3732,Maximum Product of Three Elements After One Replacement,Medium,47.5,https://leetcode.com/problems/maximum-product-of-three-elements-after-one-replacement/,Numeric / bitwise greedy,"Digit, bit, residue, or marginal numeric optimization",Use residue/bit contribution or marginal gains to maximize/minimize numeric objective.,bit contribution; residue counts; marginal gain; digit replacement,exchange / contribution dominance / invariant,numeric greedy / bit greedy / hybrid,Numeric / bitwise,Medium,Review exact statement; this row is inferred from title.,heuristic
3745,Maximize Expression of Three Elements,Easy,72.7,https://leetcode.com/problems/maximize-expression-of-three-elements/,Sorting / choice greedy,General greedy ordering,Sort or scan candidates and apply a locally safe choice/dominance rule.,sorted candidate stream; local safe choice; dominance skip,exchange / dominance,pure greedy or sorting greedy,,Low,Review exact statement; this row is inferred from title.,heuristic
3752,Lexicographically Smallest Negated Permutation that Sums to Target,Medium,31.2,https://leetcode.com/problems/lexicographically-smallest-negated-permutation-that-sums-to-target/,Lexicographic / monotonic construction,"Smallest/largest string, number, or subsequence","Use monotonic stack, comparator sorting, or constructive scan to preserve feasibility while improving lexicographic order.",monotonic stack; remaining counts; used set; comparator sorting; deletion budget,exchange + feasibility preservation,greedy + monotonic stack / sorting,Lexicographic Greedy,Medium,Review exact statement; this row is inferred from title.,heuristic
3763,Maximum Total Sum with Threshold Constraints,Medium,82.4,https://leetcode.com/problems/maximum-total-sum-with-threshold-constraints/,Numeric / bitwise greedy,"Digit, bit, residue, or marginal numeric optimization",Use residue/bit contribution or marginal gains to maximize/minimize numeric objective.,bit contribution; residue counts; marginal gain; digit replacement,exchange / contribution dominance / invariant,numeric greedy / bit greedy / hybrid,Numeric / bitwise,Medium,Review exact statement; this row is inferred from title.,heuristic
3767,Maximize Points After Choosing K Tasks,Medium,60.0,https://leetcode.com/problems/maximize-points-after-choosing-k-tasks/,Interval / coverage / scheduling,"Intervals, deadlines, coverage, or active-set scheduling","Sort by endpoint/start/deadline, then keep earliest finish, expand coverage, or use an active heap.",sort by endpoint; coverage frontier; active interval heap; deadline first,exchange / stays-ahead / sweep invariant,"greedy, greedy + heap, or binary search + greedy",Interval / scheduling / coverage,Medium,Review exact statement; this row is inferred from title.,heuristic
3776,Minimum Moves to Balance Circular Array,Medium,40.3,https://leetcode.com/problems/minimum-moves-to-balance-circular-array/,Array transformation / partition greedy,"Prefix/suffix repair, partitioning, or subsequence choice","Scan with prefix/suffix state, repair violations, or greedily partition when invariant boundary is met.",prefix/suffix state; local repair; partition boundary; monotonic subsequence,stays-ahead / exchange / local feasibility,greedy or greedy-DP boundary,Array partition/transformation,Medium,Review exact statement; this row is inferred from title.,heuristic
3780,Maximum Sum of Three Numbers Divisible by Three,Medium,47.7,https://leetcode.com/problems/maximum-sum-of-three-numbers-divisible-by-three/,Numeric / bitwise greedy,"Digit, bit, residue, or marginal numeric optimization",Use residue/bit contribution or marginal gains to maximize/minimize numeric objective.,bit contribution; residue counts; marginal gain; digit replacement,exchange / contribution dominance / invariant,numeric greedy / bit greedy / hybrid,Numeric / bitwise,Medium,Review exact statement; this row is inferred from title.,heuristic
3781,Maximum Score After Binary Swaps,Medium,35.2,https://leetcode.com/problems/maximum-score-after-binary-swaps/,Sorting / choice greedy,General greedy ordering,Sort or scan candidates and apply a locally safe choice/dominance rule.,sorted candidate stream; local safe choice; dominance skip,exchange / dominance,pure greedy or sorting greedy,,Medium,Review exact statement; this row is inferred from title.,heuristic
3785,Minimum Swaps to Avoid Forbidden Values,Hard,30.6,https://leetcode.com/problems/minimum-swaps-to-avoid-forbidden-values/,Sorting / choice greedy,General greedy ordering,Sort or scan candidates and apply a locally safe choice/dominance rule.,sorted candidate stream; local safe choice; dominance skip,exchange / dominance,pure greedy or sorting greedy,,High,Review exact statement; this row is inferred from title.,heuristic
3789,Minimum Cost to Acquire Required Items,Medium,35.0,https://leetcode.com/problems/minimum-cost-to-acquire-required-items/,Sorting / choice greedy,General greedy ordering,Sort or scan candidates and apply a locally safe choice/dominance rule.,sorted candidate stream; local safe choice; dominance skip,exchange / dominance,pure greedy or sorting greedy,,Medium,Review exact statement; this row is inferred from title.,heuristic
3796,Find Maximum Value in a Constrained Sequence,Medium,62.1,https://leetcode.com/problems/find-maximum-value-in-a-constrained-sequence/,Sorting / choice greedy,General greedy ordering,Sort or scan candidates and apply a locally safe choice/dominance rule.,sorted candidate stream; local safe choice; dominance skip,exchange / dominance,pure greedy or sorting greedy,,Medium,Review exact statement; this row is inferred from title.,heuristic
3800,Minimum Cost to Make Two Binary Strings Equal,Medium,39.0,https://leetcode.com/problems/minimum-cost-to-make-two-binary-strings-equal/,Frequency / counting / string construction,"Counts, buckets, cooldown, or repeat limits",Use counts to construct a feasible/maximal object while preserving future availability.,frequency map; bucket ordering; cooldown; repeat-limit breaker; remaining demand,exchange / feasibility preservation,greedy + counting/heap,Frequency/String,Medium,Review exact statement; this row is inferred from title.,heuristic
3806,Maximum Bitwise AND After Increment Operations,Hard,31.7,https://leetcode.com/problems/maximum-bitwise-and-after-increment-operations/,Binary search + greedy feasibility,Monotone answer with greedy check,Binary search the answer; greedily verify feasibility under candidate value.,feasibility predicate; monotone answer; sorted greedy check; prefix/range update,feasibility monotonicity,binary search + greedy,Binary search on answer,High,Review exact statement; this row is inferred from title.,heuristic
3810,Minimum Operations to Reach Target Array,Medium,63.6,https://leetcode.com/problems/minimum-operations-to-reach-target-array/,Array transformation / partition greedy,"Prefix/suffix repair, partitioning, or subsequence choice","Scan with prefix/suffix state, repair violations, or greedily partition when invariant boundary is met.",prefix/suffix state; local repair; partition boundary; monotonic subsequence,stays-ahead / exchange / local feasibility,greedy or greedy-DP boundary,Array partition/transformation,Medium,Review exact statement; this row is inferred from title.,heuristic
3816,Lexicographically Smallest String After Deleting Duplicate Characters,Hard,20.1,https://leetcode.com/problems/lexicographically-smallest-string-after-deleting-duplicate-characters/,Lexicographic / monotonic construction,"Smallest/largest string, number, or subsequence","Use monotonic stack, comparator sorting, or constructive scan to preserve feasibility while improving lexicographic order.",monotonic stack; remaining counts; used set; comparator sorting; deletion budget,exchange + feasibility preservation,greedy + monotonic stack / sorting,Lexicographic Greedy,High,Review exact statement; this row is inferred from title.,heuristic
3849,Maximum Bitwise XOR After Rearrangement,Medium,71.2,https://leetcode.com/problems/maximum-bitwise-xor-after-rearrangement/,Numeric / bitwise greedy,"Digit, bit, residue, or marginal numeric optimization",Use residue/bit contribution or marginal gains to maximize/minimize numeric objective.,bit contribution; residue counts; marginal gain; digit replacement,exchange / contribution dominance / invariant,numeric greedy / bit greedy / hybrid,Numeric / bitwise,Medium,Review exact statement; this row is inferred from title.,heuristic
3851,Maximum Requests Without Violating the Limit,Medium,64.8,https://leetcode.com/problems/maximum-requests-without-violating-the-limit/,Sorting / choice greedy,General greedy ordering,Sort or scan candidates and apply a locally safe choice/dominance rule.,sorted candidate stream; local safe choice; dominance skip,exchange / dominance,pure greedy or sorting greedy,,Medium,Review exact statement; this row is inferred from title.,heuristic
3854,Minimum Operations to Make Array Parity Alternating,Medium,17.0,https://leetcode.com/problems/minimum-operations-to-make-array-parity-alternating/,Array transformation / partition greedy,"Prefix/suffix repair, partitioning, or subsequence choice","Scan with prefix/suffix state, repair violations, or greedily partition when invariant boundary is met.",prefix/suffix state; local repair; partition boundary; monotonic subsequence,stays-ahead / exchange / local feasibility,greedy or greedy-DP boundary,Array partition/transformation,Medium,Review exact statement; this row is inferred from title.,heuristic
3858,Minimum Bitwise OR From Grid,Medium,26.8,https://leetcode.com/problems/minimum-bitwise-or-from-grid/,Constructive matrix/tree/graph greedy,Structural construction or assignment,Use local degree/row/column/path constraints to construct or maximize under structural invariants.,degree sorting; row/column residuals; local repair; structural invariant,exchange / invariant construction,constructive greedy / hybrid,Constructive structures,Medium,Review exact statement; this row is inferred from title.,heuristic
3868,Minimum Cost to Equalize Arrays Using Swaps,Medium,48.5,https://leetcode.com/problems/minimum-cost-to-equalize-arrays-using-swaps/,Pairing / matching / delta sorting,"Pair extremes, smallest sufficient match, or opportunity-cost sorting","Sort both sides; match smallest sufficient resource, pair extremes, or choose top deltas.",two pointers; pair extremes; smallest sufficient resource; delta sorting,exchange argument,pure greedy + sorting/two pointers,Pairing / matching,Medium,Review exact statement; this row is inferred from title.,heuristic
3891,Minimum Increase to Maximize Special Indices,Medium,19.5,https://leetcode.com/problems/minimum-increase-to-maximize-special-indices/,Sorting / choice greedy,General greedy ordering,Sort or scan candidates and apply a locally safe choice/dominance rule.,sorted candidate stream; local safe choice; dominance skip,exchange / dominance,pure greedy or sorting greedy,,Medium,Review exact statement; this row is inferred from title.,heuristic
