problem_id,title,difficulty,acceptance_rate_if_available,inferred_family,subfamily,state_shape,recurrence_shape,evaluation_order,transition_cost,likely_time_complexity,likely_space_complexity,top_down_or_bottom_up_preferred,optimization_primitives,representative_or_not,confidence,notes
5,Longest Palindromic Substring,Medium,37.8%,Palindrome / Substring DP,Palindrome substring center/table DP,dp[l][r] boolean or radius around center,chars match and inner substring valid,increasing length or center expansion,O(1),O(n^2),O(n^2)/O(1),bottom-up or center expansion,center expansion; boolean table,representative,manual-high,Substring means contiguous; do not confuse with subsequence.
10,Regular Expression Matching,Hard,30.9%,Misc / Title-Inferred DP,Low-confidence title heuristic,unknown / problem-specific state,problem-specific recurrence,depends on state DAG,varies,unknown from title alone,unknown from title alone,top-down for discovery; bottom-up if regular table,memoization; table compression if possible,non-representative / later refinement,heuristic-low,Classification inferred from title only; refine when expanding family.
22,Generate Parentheses,Medium,78.6%,Misc / Title-Inferred DP,Low-confidence title heuristic,unknown / problem-specific state,problem-specific recurrence,depends on state DAG,varies,unknown from title alone,unknown from title alone,top-down for discovery; bottom-up if regular table,memoization; table compression if possible,non-representative / later refinement,heuristic-low,Classification inferred from title only; refine when expanding family.
32,Longest Valid Parentheses,Hard,38.7%,Misc / Title-Inferred DP,Low-confidence title heuristic,unknown / problem-specific state,problem-specific recurrence,depends on state DAG,varies,unknown from title alone,unknown from title alone,top-down for discovery; bottom-up if regular table,memoization; table compression if possible,non-representative / later refinement,heuristic-low,Classification inferred from title only; refine when expanding family.
42,Trapping Rain Water,Hard,67.3%,Greedy-DP Boundary,Prefix/suffix extrema / two-pointer boundary,prefix max and suffix max per index,"water at i depends on min(leftmax,rightmax)",left/right scan,O(1),O(n),O(1),two-pointer or prefix/suffix DP,prefix/suffix arrays; two pointers,non-representative / later refinement,heuristic-high,DP-tagged but commonly solved by prefix/suffix or two pointers.
44,Wildcard Matching,Hard,31.9%,Misc / Title-Inferred DP,Low-confidence title heuristic,unknown / problem-specific state,problem-specific recurrence,depends on state DAG,varies,unknown from title alone,unknown from title alone,top-down for discovery; bottom-up if regular table,memoization; table compression if possible,non-representative / later refinement,heuristic-low,Classification inferred from title only; refine when expanding family.
45,Jump Game II,Medium,42.8%,Greedy-DP Boundary,Jump frontier / reachability DP boundary,reachable index or dp[i] min jumps/score,extend reachable frontier or choose best previous jump,left-to-right or graph order,varies,O(n) greedy to O(n log n)/O(nk) DP,varies,greedy if frontier monotone; DP if scores/constraints,"frontier, BFS layers, deque",representative,manual-high,"Jump series crosses greedy, DP, deque DP, and graph interpretations."
53,Maximum Subarray,Medium,53.3%,Kadane / Local-Global DP,Local/global subarray DP,local state ending at i + global answer,extend previous subarray or restart / update transformed state,left-to-right,O(1),O(n),O(1),bottom-up scan,track min/max product; prefix extrema,non-representative / later refinement,heuristic-high,Subarray means contiguous; usually local state ending here is the key.
55,Jump Game,Medium,40.8%,Greedy-DP Boundary,Jump frontier / reachability DP boundary,reachable index or dp[i] min jumps/score,extend reachable frontier or choose best previous jump,left-to-right or graph order,varies,O(n) greedy to O(n log n)/O(nk) DP,varies,greedy if frontier monotone; DP if scores/constraints,"frontier, BFS layers, deque",representative,manual-high,"Jump series crosses greedy, DP, deque DP, and graph interpretations."
62,Unique Paths,Medium,66.8%,Grid DP,Row/column path or shape DP,dp[r][c] or dp[step][r][c],combine from neighboring cells / directions,"row-major, reverse, or BFS-like layers",O(neighbor count),O(mn*state),O(n*state) if rolling,bottom-up or memo DFS,rolling rows; prefix sums; direction arrays,representative,manual-high,Grid topology gives natural DAG if moves are acyclic; cyclic movement may require graph shortest path/BFS.
63,Unique Paths II,Medium,44.5%,Grid DP,Row/column path or shape DP,dp[r][c] or dp[step][r][c],combine from neighboring cells / directions,"row-major, reverse, or BFS-like layers",O(neighbor count),O(mn*state),O(n*state) if rolling,bottom-up or memo DFS,rolling rows; prefix sums; direction arrays,representative,manual-high,Grid topology gives natural DAG if moves are acyclic; cyclic movement may require graph shortest path/BFS.
64,Minimum Path Sum,Medium,68.2%,Grid DP,Row/column path or shape DP,dp[r][c] or dp[step][r][c],combine from neighboring cells / directions,"row-major, reverse, or BFS-like layers",O(neighbor count),O(mn*state),O(n*state) if rolling,bottom-up or memo DFS,rolling rows; prefix sums; direction arrays,representative,manual-high,Grid topology gives natural DAG if moves are acyclic; cyclic movement may require graph shortest path/BFS.
70,Climbing Stairs,Easy,54.1%,Counting Combinatorics DP,Linear recurrence / finite-state counting,dp[i][state] or dp[i],append one unit/object and update state,increasing size/index,state-dependent,O(n * state_count * transitions),O(state_count),bottom-up,matrix exponentiation if needed; rolling states,representative,heuristic-high,Counting DP often uses finite automaton states.
72,Edit Distance,Medium,60.5%,Two-Sequence Alignment DP,Two-prefix/two-suffix sequence DP,dp[i][j] over prefixes/suffixes of two sequences,match/mismatch/delete/insert/skip transitions,row-major or reverse row-major depending prefix/suffix convention,O(1) to O(k),O(mn),"O(min(m,n)) if compressible",bottom-up or memoized recursion,rolling rows; suffix convention clarity,representative,manual-high,Product state space of two sequence positions.
85,Maximal Rectangle,Hard,58.7%,Grid DP + Monotonic Stack,Maximal rectangle via histogram rows,height[j] consecutive ones ending at row,update heights then largest rectangle histogram,row-major,O(n) stack per row,O(mn),O(n),bottom-up,monotonic stack,representative,manual-high,Good example of DP composing with stack primitive.
87,Scramble String,Hard,44.5%,Substring / Interval DP,Recursive string partition / scramble,dp[i][j][length],choose split and orientation,increasing substring length,O(n) splits,O(n^4),O(n^3),top-down memo or bottom-up by length,prune by char counts,non-representative / later refinement,heuristic-high,Two substrings + length interval DP.
91,Decode Ways,Medium,37.9%,Counting Combinatorics DP,Linear recurrence / finite-state counting,dp[i][state] or dp[i],append one unit/object and update state,increasing size/index,state-dependent,O(n * state_count * transitions),O(state_count),bottom-up,matrix exponentiation if needed; rolling states,non-representative / later refinement,heuristic-high,Counting DP often uses finite automaton states.
95,Unique Binary Search Trees II,Medium,62.4%,Tree DP,Postorder tree DP,dfs(node) returns one or more states,combine child states at parent,postorder DFS,O(children states),O(n * state_count^2 typical),O(h) recursion plus state storage,recursive postorder,tuple states; rerooting if all-nodes answers,non-representative / later refinement,heuristic-high,Tree edges define dependency DAG from children to parent or reroot passes.
96,Unique Binary Search Trees,Medium,63.7%,Tree DP,Postorder tree DP,dfs(node) returns one or more states,combine child states at parent,postorder DFS,O(children states),O(n * state_count^2 typical),O(h) recursion plus state storage,recursive postorder,tuple states; rerooting if all-nodes answers,non-representative / later refinement,heuristic-high,Tree edges define dependency DAG from children to parent or reroot passes.
97,Interleaving String,Medium,44.0%,Two-Sequence Alignment DP,Two-prefix/two-suffix sequence DP,dp[i][j] over prefixes/suffixes of two sequences,match/mismatch/delete/insert/skip transitions,row-major or reverse row-major depending prefix/suffix convention,O(1) to O(k),O(mn),"O(min(m,n)) if compressible",bottom-up or memoized recursion,rolling rows; suffix convention clarity,representative,manual-high,Product state space of two sequence positions.
115,Distinct Subsequences,Hard,51.8%,Two-Sequence Alignment DP,Two-prefix/two-suffix sequence DP,dp[i][j] over prefixes/suffixes of two sequences,match/mismatch/delete/insert/skip transitions,row-major or reverse row-major depending prefix/suffix convention,O(1) to O(k),O(mn),"O(min(m,n)) if compressible",bottom-up or memoized recursion,rolling rows; suffix convention clarity,representative,manual-high,Product state space of two sequence positions.
118,Pascal's Triangle,Easy,78.9%,Grid DP,Row/column path or shape DP,dp[r][c] or dp[step][r][c],combine from neighboring cells / directions,"row-major, reverse, or BFS-like layers",O(neighbor count),O(mn*state),O(n*state) if rolling,bottom-up or memo DFS,rolling rows; prefix sums; direction arrays,non-representative / later refinement,heuristic-high,Grid topology gives natural DAG if moves are acyclic; cyclic movement may require graph shortest path/BFS.
119,Pascal's Triangle II,Easy,67.4%,Grid DP,Row/column path or shape DP,dp[r][c] or dp[step][r][c],combine from neighboring cells / directions,"row-major, reverse, or BFS-like layers",O(neighbor count),O(mn*state),O(n*state) if rolling,bottom-up or memo DFS,rolling rows; prefix sums; direction arrays,non-representative / later refinement,heuristic-high,Grid topology gives natural DAG if moves are acyclic; cyclic movement may require graph shortest path/BFS.
120,Triangle,Medium,59.9%,Grid DP,Row/column path or shape DP,dp[r][c] or dp[step][r][c],combine from neighboring cells / directions,"row-major, reverse, or BFS-like layers",O(neighbor count),O(mn*state),O(n*state) if rolling,bottom-up or memo DFS,rolling rows; prefix sums; direction arrays,representative,manual-high,Grid topology gives natural DAG if moves are acyclic; cyclic movement may require graph shortest path/BFS.
121,Best Time to Buy and Sell Stock,Easy,56.7%,Stock State-Machine DP,Stock I: one transaction,dp[day][holding][transaction/cooldown/fee state],buy / sell / hold / rest transitions,increasing day,O(number of legal actions per state),O(n * state_count),O(state_count),bottom-up state machine,state compression; greedy if unconstrained,representative,manual-high,Use holding/not-holding as the irreducible state axis; constraints add dimensions or shifted transitions.
122,Best Time to Buy and Sell Stock II,Medium,71.0%,Stock State-Machine DP,Stock II: unlimited transactions / greedy boundary,dp[day][holding][transaction/cooldown/fee state],buy / sell / hold / rest transitions,increasing day,O(number of legal actions per state),O(n * state_count),O(state_count),bottom-up state machine,state compression; greedy if unconstrained,representative,manual-high,Use holding/not-holding as the irreducible state axis; constraints add dimensions or shifted transitions.
123,Best Time to Buy and Sell Stock III,Hard,53.6%,Stock State-Machine DP,Stock III: at most two transactions,dp[day][holding][transaction/cooldown/fee state],buy / sell / hold / rest transitions,increasing day,O(number of legal actions per state),O(n * state_count),O(state_count),bottom-up state machine,state compression; greedy if unconstrained,representative,manual-high,Use holding/not-holding as the irreducible state axis; constraints add dimensions or shifted transitions.
124,Binary Tree Maximum Path Sum,Hard,42.3%,Tree DP,Postorder tree DP,dfs(node) returns one or more states,combine child states at parent,postorder DFS,O(children states),O(n * state_count^2 typical),O(h) recursion plus state storage,recursive postorder,tuple states; rerooting if all-nodes answers,representative,manual-high,Tree edges define dependency DAG from children to parent or reroot passes.
131,Palindrome Partitioning,Medium,74.0%,Palindrome / Substring DP,Palindrome partition/check DP,dp[i] plus palindrome table or dp[l][r],cut at valid palindrome boundary,increasing end index / length,O(n),O(n^2),O(n^2),bottom-up,precompute palindrome table,representative,manual-high,Often composes palindrome table + partition DP.
132,Palindrome Partitioning II,Hard,37.0%,Palindrome / Substring DP,Palindrome partition/check DP,dp[i] plus palindrome table or dp[l][r],cut at valid palindrome boundary,increasing end index / length,O(n),O(n^2),O(n^2),bottom-up,precompute palindrome table,representative,manual-high,Often composes palindrome table + partition DP.
139,Word Break,Medium,49.4%,Partition DP,Prefix partition / cut DP,dp[i] or dp[i][k] over first i items/characters,choose previous cut j and combine segment cost,"increasing i, sometimes increasing k",O(n) cut choices,O(n^2) or O(kn^2),O(nk),bottom-up or memo,prefix sums; precomputed segment costs; monotonic optimizations if valid,non-representative / later refinement,heuristic-high,The recurrence is usually min/max over previous cut position.
140,Word Break II,Hard,55.5%,Partition DP,Prefix partition / cut DP,dp[i] or dp[i][k] over first i items/characters,choose previous cut j and combine segment cost,"increasing i, sometimes increasing k",O(n) cut choices,O(n^2) or O(kn^2),O(nk),bottom-up or memo,prefix sums; precomputed segment costs; monotonic optimizations if valid,non-representative / later refinement,heuristic-high,The recurrence is usually min/max over previous cut position.
152,Maximum Product Subarray,Medium,36.4%,Kadane / Local-Global DP,Local/global subarray DP,local state ending at i + global answer,extend previous subarray or restart / update transformed state,left-to-right,O(1),O(n),O(1),bottom-up scan,track min/max product; prefix extrema,non-representative / later refinement,heuristic-high,Subarray means contiguous; usually local state ending here is the key.
174,Dungeon Game,Hard,41.3%,Grid DP,Reverse grid health requirement DP,dp[r][c] = min health needed entering cell,min of right/down successor adjusted by cell value,reverse row-major from bottom-right,O(1),O(mn),O(n),bottom-up reverse,rolling row,representative,manual-high,Direction is reversed because requirement depends on future survival.
188,Best Time to Buy and Sell Stock IV,Hard,50.1%,Stock State-Machine DP,Stock IV: at most k transactions,dp[day][holding][transaction/cooldown/fee state],buy / sell / hold / rest transitions,increasing day,O(number of legal actions per state),O(n * state_count),O(state_count),bottom-up state machine,state compression; greedy if unconstrained,representative,manual-high,Use holding/not-holding as the irreducible state axis; constraints add dimensions or shifted transitions.
198,House Robber,Medium,53.2%,House Robber / Weighted Independent Set,Path MWIS / take-skip prefix,dp[i] = best answer on nums[:i],skip current vs take current + dp[i-2],increasing i,O(1),O(n),O(1),bottom-up,rolling two variables,representative,manual-high,Canonical take-or-skip DP on a path graph.
213,House Robber II,Medium,44.9%,House Robber / Weighted Independent Set,Cycle path reduction,dp over two path ranges: exclude first or exclude last,take-or-skip adjacent element,left-to-right over each linear path,O(1),O(n),O(1),bottom-up,rolling two variables,representative,manual-high,Cycle breaks into two path robber runs.
221,Maximal Square,Medium,50.3%,Grid DP,Row/column path or shape DP,dp[r][c] or dp[step][r][c],combine from neighboring cells / directions,"row-major, reverse, or BFS-like layers",O(neighbor count),O(mn*state),O(n*state) if rolling,bottom-up or memo DFS,rolling rows; prefix sums; direction arrays,non-representative / later refinement,heuristic-high,Grid topology gives natural DAG if moves are acyclic; cyclic movement may require graph shortest path/BFS.
233,Number of Digit One,Hard,38.6%,Digit DP,Digit tight-state DP,dp[pos][tight][started][extra_state],choose next digit respecting tight bound,left-to-right over digits,O(10 * extra_state),O(num_digits * states * 10),O(states),top-down memo usually,tight flag; leading-zero handling,representative,manual-high,Carefully separate started/leading zeros and tight/non-tight states.
241,Different Ways to Add Parentheses,Medium,73.3%,Interval DP,Split-point interval DP,dp[l][r] over interval,choose split/boundary action k,increasing interval length,O(n) split choices,O(n^3) typical,O(n^2),bottom-up by interval length or top-down memo,prefix sums; augmented boundaries; Knuth/monotone if valid,non-representative / later refinement,heuristic-high,"Classic interval DP: if both prefix and suffix seem needed, use intervals."
256,Paint House,Medium,64.4%,1D Prefix/Suffix DP,Color-state rolling DP,dp[i][color],choose color different from previous; min cost,increasing house index,O(colors^2) or optimized O(colors),O(n*colors),O(colors),bottom-up,track min/second-min for Paint House II,representative,manual-high,State axis is previous/current color.
264,Ugly Number II,Medium,49.6%,Misc / Title-Inferred DP,Low-confidence title heuristic,unknown / problem-specific state,problem-specific recurrence,depends on state DAG,varies,unknown from title alone,unknown from title alone,top-down for discovery; bottom-up if regular table,memoization; table compression if possible,representative,heuristic-low,Classification inferred from title only; refine when expanding family.
265,Paint House II,Hard,57.1%,1D Prefix/Suffix DP,Color-state rolling DP,dp[i][color],choose color different from previous; min cost,increasing house index,O(colors^2) or optimized O(colors),O(n*colors),O(colors),bottom-up,track min/second-min for Paint House II,representative,manual-high,State axis is previous/current color.
276,Paint Fence,Medium,48.4%,Counting Combinatorics DP,Linear recurrence / finite-state counting,dp[i][state] or dp[i],append one unit/object and update state,increasing size/index,state-dependent,O(n * state_count * transitions),O(state_count),bottom-up,matrix exponentiation if needed; rolling states,non-representative / later refinement,heuristic-high,Counting DP often uses finite automaton states.
279,Perfect Squares,Medium,56.5%,Misc / Title-Inferred DP,Low-confidence title heuristic,unknown / problem-specific state,problem-specific recurrence,depends on state DAG,varies,unknown from title alone,unknown from title alone,top-down for discovery; bottom-up if regular table,memoization; table compression if possible,representative,heuristic-low,Classification inferred from title only; refine when expanding family.
294,Flip Game II,Medium,52.3%,Bitmask DP,Game minimax over used choices,dp[mask] = winning/score state,current player chooses an unused move,increasing mask size or memo DFS,O(n),O(n*2^n),O(2^n),top-down memo,bitmask encoding,non-representative / later refinement,heuristic-high,Finite impartial/choice game; mask encodes remaining moves.
300,Longest Increasing Subsequence,Medium,59.4%,LIS / Sequence Optimization,Ordered subsequence / chain DP,dp[i] = best chain ending at i or tails[length],choose previous compatible item; or binary-search tails,sorted/index order,O(n) or O(log n),O(n^2) or O(n log n),O(n),bottom-up,patience sorting; parent reconstruction; sort key discipline,representative,manual-high,Compatibility relation defines previous choices; sort order is often the real trick.
309,Best Time to Buy and Sell Stock with Cooldown,Medium,62.0%,Stock State-Machine DP,Stock with cooldown,dp[day][holding][transaction/cooldown/fee state],buy / sell / hold / rest transitions,increasing day,O(number of legal actions per state),O(n * state_count),O(state_count),bottom-up state machine,state compression; greedy if unconstrained,representative,manual-high,Use holding/not-holding as the irreducible state axis; constraints add dimensions or shifted transitions.
312,Burst Balloons,Hard,63.4%,Interval DP,Split-point interval DP,dp[l][r] over interval,choose split/boundary action k,increasing interval length,O(n) split choices,O(n^3) typical,O(n^2),bottom-up by interval length or top-down memo,prefix sums; augmented boundaries; Knuth/monotone if valid,non-representative / later refinement,heuristic-high,"Classic interval DP: if both prefix and suffix seem needed, use intervals."
313,Super Ugly Number,Medium,46.1%,Misc / Title-Inferred DP,Low-confidence title heuristic,unknown / problem-specific state,problem-specific recurrence,depends on state DAG,varies,unknown from title alone,unknown from title alone,top-down for discovery; bottom-up if regular table,memoization; table compression if possible,representative,heuristic-low,Classification inferred from title only; refine when expanding family.
322,Coin Change,Medium,48.4%,Misc / Title-Inferred DP,Coin Change minimum coins,unknown / problem-specific state,problem-specific recurrence,depends on state DAG,varies,unknown from title alone,unknown from title alone,top-down for discovery; bottom-up if regular table,memoization; table compression if possible,representative,heuristic-low,Classification inferred from title only; refine when expanding family.
329,Longest Increasing Path in a Matrix,Hard,56.6%,Grid DP,Row/column path or shape DP,dp[r][c] or dp[step][r][c],combine from neighboring cells / directions,"row-major, reverse, or BFS-like layers",O(neighbor count),O(mn*state),O(n*state) if rolling,bottom-up or memo DFS,rolling rows; prefix sums; direction arrays,representative,manual-high,Grid topology gives natural DAG if moves are acyclic; cyclic movement may require graph shortest path/BFS.
333,Largest BST Subtree,Medium,45.9%,Tree DP,Postorder tree DP,dfs(node) returns one or more states,combine child states at parent,postorder DFS,O(children states),O(n * state_count^2 typical),O(h) recursion plus state storage,recursive postorder,tuple states; rerooting if all-nodes answers,non-representative / later refinement,heuristic-high,Tree edges define dependency DAG from children to parent or reroot passes.
337,House Robber III,Medium,55.9%,House Robber / Weighted Independent Set,Tree MWIS / rob-or-skip node,"dfs(node) -> (skip, take)",take node excludes children; skip node allows child best,postorder tree DFS,O(1) combine per node,O(n),O(h),top-down/postorder recursion,tuple return state,representative,manual-high,Tree variant: state is not prefix; it is subtree with parent constraint encoded as take/skip.
338,Counting Bits,Easy,80.6%,Misc / Title-Inferred DP,Low-confidence title heuristic,unknown / problem-specific state,problem-specific recurrence,depends on state DAG,varies,unknown from title alone,unknown from title alone,top-down for discovery; bottom-up if regular table,memoization; table compression if possible,representative,heuristic-low,Classification inferred from title only; refine when expanding family.
343,Integer Break,Medium,62.3%,Misc / Title-Inferred DP,Low-confidence title heuristic,unknown / problem-specific state,problem-specific recurrence,depends on state DAG,varies,unknown from title alone,unknown from title alone,top-down for discovery; bottom-up if regular table,memoization; table compression if possible,representative,heuristic-low,Classification inferred from title only; refine when expanding family.
351,Android Unlock Patterns,Medium,53.8%,Bitmask DP,Subset/mask DP,dp[mask][extra],add/remove one element or transition bitmask,increasing mask/popcount,O(n) choices,O(n*2^n) typical,O(2^n),top-down or bottom-up,bit operations; precomputed compatibility,non-representative / later refinement,heuristic-high,Mask is likely from subset constraints or bitwise states.
354,Russian Doll Envelopes,Hard,37.9%,LIS / Sequence Optimization,Ordered subsequence / chain DP,dp[i] = best chain ending at i or tails[length],choose previous compatible item; or binary-search tails,sorted/index order,O(n) or O(log n),O(n^2) or O(n log n),O(n),bottom-up,patience sorting; parent reconstruction; sort key discipline,representative,manual-high,Compatibility relation defines previous choices; sort order is often the real trick.
357,Count Numbers with Unique Digits,Medium,55.6%,Digit DP,Digit tight-state DP,dp[pos][tight][started][extra_state],choose next digit respecting tight bound,left-to-right over digits,O(10 * extra_state),O(num_digits * states * 10),O(states),top-down memo usually,tight flag; leading-zero handling,representative,manual-high,Carefully separate started/leading zeros and tight/non-tight states.
361,Bomb Enemy,Medium,52.8%,Misc / Title-Inferred DP,Low-confidence title heuristic,unknown / problem-specific state,problem-specific recurrence,depends on state DAG,varies,unknown from title alone,unknown from title alone,top-down for discovery; bottom-up if regular table,memoization; table compression if possible,non-representative / later refinement,heuristic-low,Classification inferred from title only; refine when expanding family.
368,Largest Divisible Subset,Medium,49.6%,LIS / Sequence Optimization,Ordered subsequence / chain DP,dp[i] = best chain ending at i or tails[length],choose previous compatible item; or binary-search tails,sorted/index order,O(n) or O(log n),O(n^2) or O(n log n),O(n),bottom-up,patience sorting; parent reconstruction; sort key discipline,representative,manual-high,Compatibility relation defines previous choices; sort order is often the real trick.
375,Guess Number Higher or Lower II,Medium,52.7%,Interval DP,Split-point interval DP,dp[l][r] over interval,choose split/boundary action k,increasing interval length,O(n) split choices,O(n^3) typical,O(n^2),bottom-up by interval length or top-down memo,prefix sums; augmented boundaries; Knuth/monotone if valid,non-representative / later refinement,heuristic-high,"Classic interval DP: if both prefix and suffix seem needed, use intervals."
376,Wiggle Subsequence,Medium,49.4%,Subsequence DP,Run/sequence local-global DP,dp[i] with last relation or previous choice,extend compatible previous state or restart,increasing i,O(1) to O(n),O(n) to O(n^2),O(1)/O(n),bottom-up,rolling local state; maps if relation-dependent,non-representative / later refinement,heuristic-medium,General sequence DP; refine per statement.
377,Combination Sum IV,Medium,55.1%,Misc / Title-Inferred DP,Order-sensitive counting / permutations,unknown / problem-specific state,problem-specific recurrence,depends on state DAG,varies,unknown from title alone,unknown from title alone,top-down for discovery; bottom-up if regular table,memoization; table compression if possible,representative,heuristic-low,Classification inferred from title only; refine when expanding family.
392,Is Subsequence,Easy,49.0%,Misc / Title-Inferred DP,Low-confidence title heuristic,unknown / problem-specific state,problem-specific recurrence,depends on state DAG,varies,unknown from title alone,unknown from title alone,top-down for discovery; bottom-up if regular table,memoization; table compression if possible,non-representative / later refinement,heuristic-low,Classification inferred from title only; refine when expanding family.
396,Rotate Function,Medium,54.0%,Misc / Title-Inferred DP,Low-confidence title heuristic,unknown / problem-specific state,problem-specific recurrence,depends on state DAG,varies,unknown from title alone,unknown from title alone,top-down for discovery; bottom-up if regular table,memoization; table compression if possible,non-representative / later refinement,heuristic-low,Classification inferred from title only; refine when expanding family.
397,Integer Replacement,Medium,37.5%,Misc / Title-Inferred DP,Low-confidence title heuristic,unknown / problem-specific state,problem-specific recurrence,depends on state DAG,varies,unknown from title alone,unknown from title alone,top-down for discovery; bottom-up if regular table,memoization; table compression if possible,non-representative / later refinement,heuristic-low,Classification inferred from title only; refine when expanding family.
403,Frog Jump,Hard,47.3%,Graph-as-DP / DAG DP,Reachability/path DP over implicit graph,dp[state],transition over legal moves,topological if acyclic; otherwise BFS/Dijkstra/memo,degree-dependent,state_count * degree,state_count,depends,memoization; shortest path algorithms,non-representative / later refinement,heuristic-medium,Implicit graph may not be a DAG; verify cycles.
410,Split Array Largest Sum,Hard,60.4%,Partition DP,Prefix partition / cut DP,dp[i] or dp[i][k] over first i items/characters,choose previous cut j and combine segment cost,"increasing i, sometimes increasing k",O(n) cut choices,O(n^2) or O(kn^2),O(nk),bottom-up or memo,prefix sums; precomputed segment costs; monotonic optimizations if valid,non-representative / later refinement,heuristic-high,The recurrence is usually min/max over previous cut position.
413,Arithmetic Slices,Medium,64.8%,Misc / Title-Inferred DP,Low-confidence title heuristic,unknown / problem-specific state,problem-specific recurrence,depends on state DAG,varies,unknown from title alone,unknown from title alone,top-down for discovery; bottom-up if regular table,memoization; table compression if possible,non-representative / later refinement,heuristic-low,Classification inferred from title only; refine when expanding family.
416,Partition Equal Subset Sum,Medium,49.5%,Misc / Title-Inferred DP,Subset sum feasibility / closest partition,unknown / problem-specific state,problem-specific recurrence,depends on state DAG,varies,unknown from title alone,unknown from title alone,top-down for discovery; bottom-up if regular table,memoization; table compression if possible,representative,heuristic-low,Classification inferred from title only; refine when expanding family.
418,Sentence Screen Fitting,Medium,36.4%,Partition DP,Prefix partition / cut DP,dp[i] or dp[i][k] over first i items/characters,choose previous cut j and combine segment cost,"increasing i, sometimes increasing k",O(n) cut choices,O(n^2) or O(kn^2),O(nk),bottom-up or memo,prefix sums; precomputed segment costs; monotonic optimizations if valid,non-representative / later refinement,heuristic-high,The recurrence is usually min/max over previous cut position.
435,Non-overlapping Intervals,Medium,57.1%,Greedy-DP Boundary,Interval scheduling greedy boundary,last selected interval end,choose earliest-ending compatible interval,sort by end,O(1),O(n log n),O(1),greedy,sort by end,non-representative / later refinement,heuristic-high,DP-tagged but canonical greedy; weighted version needs DP.
446,Arithmetic Slices II - Subsequence,Hard,55.1%,LIS / Sequence Optimization,Arithmetic subsequence DP,dp[i][difference],extend previous subsequence with same difference,increasing i,O(i) previous choices,O(n^2),O(n^2),bottom-up with maps,hashmap by difference,representative,manual-high,"State requires value difference, not just index."
458,Poor Pigs,Hard,59.1%,Bitmask DP,Subset/mask DP,dp[mask][extra],add/remove one element or transition bitmask,increasing mask/popcount,O(n) choices,O(n*2^n) typical,O(2^n),top-down or bottom-up,bit operations; precomputed compatibility,non-representative / later refinement,heuristic-high,Mask is likely from subset constraints or bitwise states.
464,Can I Win,Medium,31.4%,Bitmask DP,Game minimax over used choices,dp[mask] = winning/score state,current player chooses an unused move,increasing mask size or memo DFS,O(n),O(n*2^n),O(2^n),top-down memo,bitmask encoding,representative,heuristic-high,Finite impartial/choice game; mask encodes remaining moves.
465,Optimal Account Balancing,Hard,50.4%,Misc / Title-Inferred DP,Low-confidence title heuristic,unknown / problem-specific state,problem-specific recurrence,depends on state DAG,varies,unknown from title alone,unknown from title alone,top-down for discovery; bottom-up if regular table,memoization; table compression if possible,non-representative / later refinement,heuristic-low,Classification inferred from title only; refine when expanding family.
466,Count The Repetitions,Hard,34.2%,Misc / Title-Inferred DP,Low-confidence title heuristic,unknown / problem-specific state,problem-specific recurrence,depends on state DAG,varies,unknown from title alone,unknown from title alone,top-down for discovery; bottom-up if regular table,memoization; table compression if possible,non-representative / later refinement,heuristic-low,Classification inferred from title only; refine when expanding family.
467,Unique Substrings in Wraparound String,Medium,43.1%,Tree DP,Postorder tree DP,dfs(node) returns one or more states,combine child states at parent,postorder DFS,O(children states),O(n * state_count^2 typical),O(h) recursion plus state storage,recursive postorder,tuple states; rerooting if all-nodes answers,non-representative / later refinement,heuristic-high,Tree edges define dependency DAG from children to parent or reroot passes.
471,Encode String with Shortest Length,Hard,50.6%,Bitmask DP,Subset/mask DP,dp[mask][extra],add/remove one element or transition bitmask,increasing mask/popcount,O(n) choices,O(n*2^n) typical,O(2^n),top-down or bottom-up,bit operations; precomputed compatibility,non-representative / later refinement,heuristic-high,Mask is likely from subset constraints or bitwise states.
472,Concatenated Words,Hard,49.8%,Partition DP,Prefix partition / cut DP,dp[i] or dp[i][k] over first i items/characters,choose previous cut j and combine segment cost,"increasing i, sometimes increasing k",O(n) cut choices,O(n^2) or O(kn^2),O(nk),bottom-up or memo,prefix sums; precomputed segment costs; monotonic optimizations if valid,non-representative / later refinement,heuristic-high,The recurrence is usually min/max over previous cut position.
473,Matchsticks to Square,Medium,41.8%,Knapsack / Capacity DP,Capacity / choice DP,dp[i][capacity] or compressed dp[capacity],include / exclude / repeat item; aggregate min/max/count,"item-major; reverse loop for 0/1, forward for unbounded",O(1) per item-capacity cell,O(n * capacity),O(capacity) if compressed,bottom-up usually,reverse/forward capacity loop; modulo counts; prefix sums,representative,manual-high,"Loop order determines whether states count combinations, permutations, 0/1, or unbounded choices."
474,Ones and Zeroes,Medium,53.3%,Misc / Title-Inferred DP,2D 0/1 knapsack,unknown / problem-specific state,problem-specific recurrence,depends on state DAG,varies,unknown from title alone,unknown from title alone,top-down for discovery; bottom-up if regular table,memoization; table compression if possible,representative,heuristic-low,Classification inferred from title only; refine when expanding family.
486,Predict the Winner,Medium,56.2%,Game DP / Minimax Boundary,Interval score-difference DP,dp[l][r] or dp[i] depending variant,choose left/right/split; maximize score difference,increasing interval length or reverse index,O(1) to O(n),O(n^2) to O(n^3),O(n^2) or optimized,bottom-up or memoized recursion,prefix sums; score difference; monotonic optimizations,representative,manual-high,Most Stone variants are interval/game DPs; verify exact recurrence per variant.
487,Max Consecutive Ones II,Medium,52.0%,Misc / Title-Inferred DP,Low-confidence title heuristic,unknown / problem-specific state,problem-specific recurrence,depends on state DAG,varies,unknown from title alone,unknown from title alone,top-down for discovery; bottom-up if regular table,memoization; table compression if possible,non-representative / later refinement,heuristic-low,Classification inferred from title only; refine when expanding family.
488,Zuma Game,Hard,29.7%,Misc / Title-Inferred DP,Low-confidence title heuristic,unknown / problem-specific state,problem-specific recurrence,depends on state DAG,varies,unknown from title alone,unknown from title alone,top-down for discovery; bottom-up if regular table,memoization; table compression if possible,non-representative / later refinement,heuristic-low,Classification inferred from title only; refine when expanding family.
494,Target Sum,Medium,52.2%,Misc / Title-Inferred DP,Signed subset sum transform,unknown / problem-specific state,problem-specific recurrence,depends on state DAG,varies,unknown from title alone,unknown from title alone,top-down for discovery; bottom-up if regular table,memoization; table compression if possible,representative,heuristic-low,Classification inferred from title only; refine when expanding family.
509,Fibonacci Number,Easy,74.1%,Counting Combinatorics DP,Linear recurrence / finite-state counting,dp[i][state] or dp[i],append one unit/object and update state,increasing size/index,state-dependent,O(n * state_count * transitions),O(state_count),bottom-up,matrix exponentiation if needed; rolling states,representative,heuristic-high,Counting DP often uses finite automaton states.
514,Freedom Trail,Hard,59.3%,Misc / Title-Inferred DP,Low-confidence title heuristic,unknown / problem-specific state,problem-specific recurrence,depends on state DAG,varies,unknown from title alone,unknown from title alone,top-down for discovery; bottom-up if regular table,memoization; table compression if possible,non-representative / later refinement,heuristic-low,Classification inferred from title only; refine when expanding family.
516,Longest Palindromic Subsequence,Medium,65.4%,Palindrome / Subsequence DP,Palindrome subsequence interval DP,dp[l][r],if ends match use inner; else drop one end,increasing interval length,O(1),O(n^2),O(n^2),bottom-up by length,rolling diagonals sometimes,representative,manual-high,Subsequence interval DP; not center expansion.
518,Coin Change II,Medium,60.1%,Misc / Title-Inferred DP,Coin Change counting combinations,unknown / problem-specific state,problem-specific recurrence,depends on state DAG,varies,unknown from title alone,unknown from title alone,top-down for discovery; bottom-up if regular table,memoization; table compression if possible,representative,heuristic-low,Classification inferred from title only; refine when expanding family.
526,Beautiful Arrangement,Medium,64.8%,Bitmask DP,Subset/mask DP,dp[mask][extra],add/remove one element or transition bitmask,increasing mask/popcount,O(n) choices,O(n*2^n) typical,O(2^n),top-down or bottom-up,bit operations; precomputed compatibility,representative,heuristic-high,Mask is likely from subset constraints or bitwise states.
542,01 Matrix,Medium,53.8%,Grid DP,Row/column path or shape DP,dp[r][c] or dp[step][r][c],combine from neighboring cells / directions,"row-major, reverse, or BFS-like layers",O(neighbor count),O(mn*state),O(n*state) if rolling,bottom-up or memo DFS,rolling rows; prefix sums; direction arrays,non-representative / later refinement,heuristic-high,Grid topology gives natural DAG if moves are acyclic; cyclic movement may require graph shortest path/BFS.
546,Remove Boxes,Hard,49.4%,Interval DP,Split-point interval DP,dp[l][r] over interval,choose split/boundary action k,increasing interval length,O(n) split choices,O(n^3) typical,O(n^2),bottom-up by interval length or top-down memo,prefix sums; augmented boundaries; Knuth/monotone if valid,representative,manual-high,"Classic interval DP: if both prefix and suffix seem needed, use intervals."
552,Student Attendance Record II,Hard,56.6%,Counting Combinatorics DP,Linear recurrence / finite-state counting,dp[i][state] or dp[i],append one unit/object and update state,increasing size/index,state-dependent,O(n * state_count * transitions),O(state_count),bottom-up,matrix exponentiation if needed; rolling states,non-representative / later refinement,heuristic-high,Counting DP often uses finite automaton states.
553,Optimal Division,Medium,63.0%,Misc / Title-Inferred DP,Low-confidence title heuristic,unknown / problem-specific state,problem-specific recurrence,depends on state DAG,varies,unknown from title alone,unknown from title alone,top-down for discovery; bottom-up if regular table,memoization; table compression if possible,non-representative / later refinement,heuristic-low,Classification inferred from title only; refine when expanding family.
562,Longest Line of Consecutive One in Matrix,Medium,50.6%,Grid DP,Row/column path or shape DP,dp[r][c] or dp[step][r][c],combine from neighboring cells / directions,"row-major, reverse, or BFS-like layers",O(neighbor count),O(mn*state),O(n*state) if rolling,bottom-up or memo DFS,rolling rows; prefix sums; direction arrays,non-representative / later refinement,heuristic-high,Grid topology gives natural DAG if moves are acyclic; cyclic movement may require graph shortest path/BFS.
568,Maximum Vacation Days,Hard,46.8%,Misc / Title-Inferred DP,Low-confidence title heuristic,unknown / problem-specific state,problem-specific recurrence,depends on state DAG,varies,unknown from title alone,unknown from title alone,top-down for discovery; bottom-up if regular table,memoization; table compression if possible,non-representative / later refinement,heuristic-low,Classification inferred from title only; refine when expanding family.
576,Out of Boundary Paths,Medium,48.4%,Grid DP,Row/column path or shape DP,dp[r][c] or dp[step][r][c],combine from neighboring cells / directions,"row-major, reverse, or BFS-like layers",O(neighbor count),O(mn*state),O(n*state) if rolling,bottom-up or memo DFS,rolling rows; prefix sums; direction arrays,representative,manual-high,Grid topology gives natural DAG if moves are acyclic; cyclic movement may require graph shortest path/BFS.
583,Delete Operation for Two Strings,Medium,65.5%,Two-Sequence Alignment DP,Two-prefix/two-suffix sequence DP,dp[i][j] over prefixes/suffixes of two sequences,match/mismatch/delete/insert/skip transitions,row-major or reverse row-major depending prefix/suffix convention,O(1) to O(k),O(mn),"O(min(m,n)) if compressible",bottom-up or memoized recursion,rolling rows; suffix convention clarity,representative,manual-high,Product state space of two sequence positions.
600,Non-negative Integers without Consecutive Ones,Hard,42.3%,Digit DP,Digit tight-state DP,dp[pos][tight][started][extra_state],choose next digit respecting tight bound,left-to-right over digits,O(10 * extra_state),O(num_digits * states * 10),O(states),top-down memo usually,tight flag; leading-zero handling,representative,manual-high,Carefully separate started/leading zeros and tight/non-tight states.
629,K Inverse Pairs Array,Hard,49.0%,Misc / Title-Inferred DP,Low-confidence title heuristic,unknown / problem-specific state,problem-specific recurrence,depends on state DAG,varies,unknown from title alone,unknown from title alone,top-down for discovery; bottom-up if regular table,memoization; table compression if possible,non-representative / later refinement,heuristic-low,Classification inferred from title only; refine when expanding family.
634,Find the Derangement of An Array,Medium,41.7%,Counting Combinatorics DP,Linear recurrence / finite-state counting,dp[i][state] or dp[i],append one unit/object and update state,increasing size/index,state-dependent,O(n * state_count * transitions),O(state_count),bottom-up,matrix exponentiation if needed; rolling states,non-representative / later refinement,heuristic-high,Counting DP often uses finite automaton states.
638,Shopping Offers,Medium,52.4%,Knapsack / Capacity DP,Capacity / choice DP,dp[i][capacity] or compressed dp[capacity],include / exclude / repeat item; aggregate min/max/count,"item-major; reverse loop for 0/1, forward for unbounded",O(1) per item-capacity cell,O(n * capacity),O(capacity) if compressed,bottom-up usually,reverse/forward capacity loop; modulo counts; prefix sums,non-representative / later refinement,heuristic-high,"Loop order determines whether states count combinations, permutations, 0/1, or unbounded choices."
639,Decode Ways II,Hard,31.9%,Counting Combinatorics DP,Linear recurrence / finite-state counting,dp[i][state] or dp[i],append one unit/object and update state,increasing size/index,state-dependent,O(n * state_count * transitions),O(state_count),bottom-up,matrix exponentiation if needed; rolling states,non-representative / later refinement,heuristic-high,Counting DP often uses finite automaton states.
646,Maximum Length of Pair Chain,Medium,61.7%,Subsequence DP,Run/sequence local-global DP,dp[i] with last relation or previous choice,extend compatible previous state or restart,increasing i,O(1) to O(n),O(n) to O(n^2),O(1)/O(n),bottom-up,rolling local state; maps if relation-dependent,non-representative / later refinement,heuristic-medium,General sequence DP; refine per statement.
647,Palindromic Substrings,Medium,72.8%,Palindrome / Substring DP,Palindrome substring center/table DP,dp[l][r] boolean or radius around center,chars match and inner substring valid,increasing length or center expansion,O(1),O(n^2),O(n^2)/O(1),bottom-up or center expansion,center expansion; boolean table,representative,manual-high,Substring means contiguous; do not confuse with subsequence.
650,2 Keys Keyboard,Medium,59.3%,Misc / Title-Inferred DP,Low-confidence title heuristic,unknown / problem-specific state,problem-specific recurrence,depends on state DAG,varies,unknown from title alone,unknown from title alone,top-down for discovery; bottom-up if regular table,memoization; table compression if possible,non-representative / later refinement,heuristic-low,Classification inferred from title only; refine when expanding family.
651,4 Keys Keyboard,Medium,56.5%,Misc / Title-Inferred DP,Low-confidence title heuristic,unknown / problem-specific state,problem-specific recurrence,depends on state DAG,varies,unknown from title alone,unknown from title alone,top-down for discovery; bottom-up if regular table,memoization; table compression if possible,non-representative / later refinement,heuristic-low,Classification inferred from title only; refine when expanding family.
656,Coin Path,Hard,34.3%,Misc / Title-Inferred DP,Low-confidence title heuristic,unknown / problem-specific state,problem-specific recurrence,depends on state DAG,varies,unknown from title alone,unknown from title alone,top-down for discovery; bottom-up if regular table,memoization; table compression if possible,non-representative / later refinement,heuristic-low,Classification inferred from title only; refine when expanding family.
664,Strange Printer,Hard,60.9%,Interval DP,Split-point interval DP,dp[l][r] over interval,choose split/boundary action k,increasing interval length,O(n) split choices,O(n^3) typical,O(n^2),bottom-up by interval length or top-down memo,prefix sums; augmented boundaries; Knuth/monotone if valid,representative,manual-high,"Classic interval DP: if both prefix and suffix seem needed, use intervals."
673,Number of Longest Increasing Subsequence,Medium,51.9%,LIS / Sequence Optimization,Ordered subsequence / chain DP,dp[i] = best chain ending at i or tails[length],choose previous compatible item; or binary-search tails,sorted/index order,O(n) or O(log n),O(n^2) or O(n log n),O(n),bottom-up,patience sorting; parent reconstruction; sort key discipline,representative,manual-high,Compatibility relation defines previous choices; sort order is often the real trick.
678,Valid Parenthesis String,Medium,40.1%,Misc / Title-Inferred DP,Low-confidence title heuristic,unknown / problem-specific state,problem-specific recurrence,depends on state DAG,varies,unknown from title alone,unknown from title alone,top-down for discovery; bottom-up if regular table,memoization; table compression if possible,non-representative / later refinement,heuristic-low,Classification inferred from title only; refine when expanding family.
688,Knight Probability in Chessboard,Medium,57.0%,Grid DP,Row/column path or shape DP,dp[r][c] or dp[step][r][c],combine from neighboring cells / directions,"row-major, reverse, or BFS-like layers",O(neighbor count),O(mn*state),O(n*state) if rolling,bottom-up or memo DFS,rolling rows; prefix sums; direction arrays,representative,manual-high,Grid topology gives natural DAG if moves are acyclic; cyclic movement may require graph shortest path/BFS.
689,Maximum Sum of 3 Non-Overlapping Subarrays,Hard,59.8%,Misc / Title-Inferred DP,Low-confidence title heuristic,unknown / problem-specific state,problem-specific recurrence,depends on state DAG,varies,unknown from title alone,unknown from title alone,top-down for discovery; bottom-up if regular table,memoization; table compression if possible,non-representative / later refinement,heuristic-low,Classification inferred from title only; refine when expanding family.
691,Stickers to Spell Word,Hard,50.8%,Bitmask DP,Assignment / coverage bitmask DP,dp[mask] or dp[i][mask],choose next item/person/group to expand covered mask,increasing mask/popcount or item index,O(n) choices per mask,O(n*2^m) typical,O(2^m),top-down memo or bottom-up mask,precompute contribution; sparse masks,non-representative / later refinement,heuristic-high,Bitmask over covered requirements or assigned entities.
698,Partition to K Equal Sum Subsets,Medium,38.6%,Knapsack / Capacity DP,Capacity / choice DP,dp[i][capacity] or compressed dp[capacity],include / exclude / repeat item; aggregate min/max/count,"item-major; reverse loop for 0/1, forward for unbounded",O(1) per item-capacity cell,O(n * capacity),O(capacity) if compressed,bottom-up usually,reverse/forward capacity loop; modulo counts; prefix sums,representative,manual-high,"Loop order determines whether states count combinations, permutations, 0/1, or unbounded choices."
712,Minimum ASCII Delete Sum for Two Strings,Medium,71.0%,Two-Sequence Alignment DP,Two-prefix/two-suffix sequence DP,dp[i][j] over prefixes/suffixes of two sequences,match/mismatch/delete/insert/skip transitions,row-major or reverse row-major depending prefix/suffix convention,O(1) to O(k),O(mn),"O(min(m,n)) if compressible",bottom-up or memoized recursion,rolling rows; suffix convention clarity,representative,manual-high,Product state space of two sequence positions.
714,Best Time to Buy and Sell Stock with Transaction Fee,Medium,71.9%,Stock State-Machine DP,Stock with transaction fee,dp[day][holding][transaction/cooldown/fee state],buy / sell / hold / rest transitions,increasing day,O(number of legal actions per state),O(n * state_count),O(state_count),bottom-up state machine,state compression; greedy if unconstrained,representative,manual-high,Use holding/not-holding as the irreducible state axis; constraints add dimensions or shifted transitions.
718,Maximum Length of Repeated Subarray,Medium,51.4%,Two-Sequence Alignment DP,Two-prefix/two-suffix sequence DP,dp[i][j] over prefixes/suffixes of two sequences,match/mismatch/delete/insert/skip transitions,row-major or reverse row-major depending prefix/suffix convention,O(1) to O(k),O(mn),"O(min(m,n)) if compressible",bottom-up or memoized recursion,rolling rows; suffix convention clarity,representative,manual-high,Product state space of two sequence positions.
727,Minimum Window Subsequence,Hard,43.8%,Two-Sequence Alignment DP,Two-prefix/two-suffix sequence DP,dp[i][j] over prefixes/suffixes of two sequences,match/mismatch/delete/insert/skip transitions,row-major or reverse row-major depending prefix/suffix convention,O(1) to O(k),O(mn),"O(min(m,n)) if compressible",bottom-up or memoized recursion,rolling rows; suffix convention clarity,representative,manual-high,Product state space of two sequence positions.
730,Count Different Palindromic Subsequences,Hard,47.8%,Palindrome / Subsequence DP,Palindrome subsequence interval DP,dp[l][r],if ends match use inner; else drop one end,increasing interval length,O(1),O(n^2),O(n^2),bottom-up by length,rolling diagonals sometimes,representative,manual-high,Subsequence interval DP; not center expansion.
740,Delete and Earn,Medium,57.2%,House Robber / Weighted Independent Set,Value-axis House Robber,dp[value] over sorted/compressed values,take value excludes neighboring value,increasing value,O(1),O(U) or O(m),O(1)/O(m),bottom-up,coordinate compression; rolling variables,representative,manual-high,Reduce equal values to weighted points on integer line.
741,Cherry Pickup,Hard,39.5%,Grid DP,Multi-agent grid DP,dp[row][col1][col2] or equivalent,advance both agents simultaneously,row by row / step count,O(9) transitions,O(rows*cols^2),O(cols^2),bottom-up or memoized DFS,rolling layers; symmetry pruning,representative,manual-high,Two walkers are synchronized by step/row to avoid exponential paths.
746,Min Cost Climbing Stairs,Easy,68.2%,Counting Combinatorics DP,Linear recurrence / finite-state counting,dp[i][state] or dp[i],append one unit/object and update state,increasing size/index,state-dependent,O(n * state_count * transitions),O(state_count),bottom-up,matrix exponentiation if needed; rolling states,representative,heuristic-high,Counting DP often uses finite automaton states.
750,Number Of Corner Rectangles,Medium,67.9%,Bitmask DP,Subset/mask DP,dp[mask][extra],add/remove one element or transition bitmask,increasing mask/popcount,O(n) choices,O(n*2^n) typical,O(2^n),top-down or bottom-up,bit operations; precomputed compatibility,non-representative / later refinement,heuristic-high,Mask is likely from subset constraints or bitwise states.
764,Largest Plus Sign,Medium,49.2%,Grid DP,Row/column path or shape DP,dp[r][c] or dp[step][r][c],combine from neighboring cells / directions,"row-major, reverse, or BFS-like layers",O(neighbor count),O(mn*state),O(n*state) if rolling,bottom-up or memo DFS,rolling rows; prefix sums; direction arrays,non-representative / later refinement,heuristic-high,Grid topology gives natural DAG if moves are acyclic; cyclic movement may require graph shortest path/BFS.
773,Sliding Puzzle,Hard,74.4%,Misc / Title-Inferred DP,Low-confidence title heuristic,unknown / problem-specific state,problem-specific recurrence,depends on state DAG,varies,unknown from title alone,unknown from title alone,top-down for discovery; bottom-up if regular table,memoization; table compression if possible,non-representative / later refinement,heuristic-low,Classification inferred from title only; refine when expanding family.
787,Cheapest Flights Within K Stops,Medium,41.8%,Shortest-Path-Like DP,Bounded-edge or path-cost DP,dp[steps][v] or dist/cost state,relax incoming/outgoing edges,by steps or priority order,O(E),O(K E) or graph-dependent,O(V*K),Bellman-Ford style or Dijkstra+state,edge relaxation; heap; pruning,representative,heuristic-high,Graph DP where edges are recurrence relationships.
788,Rotated Digits,Medium,63.9%,Digit DP,Digit tight-state DP,dp[pos][tight][started][extra_state],choose next digit respecting tight bound,left-to-right over digits,O(10 * extra_state),O(num_digits * states * 10),O(states),top-down memo usually,tight flag; leading-zero handling,representative,manual-high,Carefully separate started/leading zeros and tight/non-tight states.
790,Domino and Tromino Tiling,Medium,51.4%,Counting Combinatorics DP,Linear recurrence / finite-state counting,dp[i][state] or dp[i],append one unit/object and update state,increasing size/index,state-dependent,O(n * state_count * transitions),O(state_count),bottom-up,matrix exponentiation if needed; rolling states,non-representative / later refinement,heuristic-high,Counting DP often uses finite automaton states.
792,Number of Matching Subsequences,Medium,50.6%,Misc / Title-Inferred DP,Low-confidence title heuristic,unknown / problem-specific state,problem-specific recurrence,depends on state DAG,varies,unknown from title alone,unknown from title alone,top-down for discovery; bottom-up if regular table,memoization; table compression if possible,non-representative / later refinement,heuristic-low,Classification inferred from title only; refine when expanding family.
799,Champagne Tower,Medium,64.1%,Probability DP,Distribution / expectation DP,dp[state] probability of state/event,sum weighted probabilities from transitions,by steps or reachable state order,branching factor,state_count * branching,state_count,bottom-up or memo,prefix sums for range probabilities,representative,manual-high,"Same recurrence structure as counting DP, but aggregation is weighted sum."
801,Minimum Swaps To Make Sequences Increasing,Hard,41.5%,Misc / Title-Inferred DP,Low-confidence title heuristic,unknown / problem-specific state,problem-specific recurrence,depends on state DAG,varies,unknown from title alone,unknown from title alone,top-down for discovery; bottom-up if regular table,memoization; table compression if possible,non-representative / later refinement,heuristic-low,Classification inferred from title only; refine when expanding family.
805,Split Array With Same Average,Hard,27.0%,Partition DP,Prefix partition / cut DP,dp[i] or dp[i][k] over first i items/characters,choose previous cut j and combine segment cost,"increasing i, sometimes increasing k",O(n) cut choices,O(n^2) or O(kn^2),O(nk),bottom-up or memo,prefix sums; precomputed segment costs; monotonic optimizations if valid,non-representative / later refinement,heuristic-high,The recurrence is usually min/max over previous cut position.
808,Soup Servings,Medium,59.6%,Probability DP,Distribution / expectation DP,dp[state] probability of state/event,sum weighted probabilities from transitions,by steps or reachable state order,branching factor,state_count * branching,state_count,bottom-up or memo,prefix sums for range probabilities,representative,manual-high,"Same recurrence structure as counting DP, but aggregation is weighted sum."
813,Largest Sum of Averages,Medium,55.0%,Misc / Title-Inferred DP,Low-confidence title heuristic,unknown / problem-specific state,problem-specific recurrence,depends on state DAG,varies,unknown from title alone,unknown from title alone,top-down for discovery; bottom-up if regular table,memoization; table compression if possible,non-representative / later refinement,heuristic-low,Classification inferred from title only; refine when expanding family.
818,Race Car,Hard,44.7%,Graph-as-DP / DAG DP,Reachability/path DP over implicit graph,dp[state],transition over legal moves,topological if acyclic; otherwise BFS/Dijkstra/memo,degree-dependent,state_count * degree,state_count,depends,memoization; shortest path algorithms,non-representative / later refinement,heuristic-medium,Implicit graph may not be a DAG; verify cycles.
823,Binary Trees With Factors,Medium,53.1%,Tree DP,Postorder tree DP,dfs(node) returns one or more states,combine child states at parent,postorder DFS,O(children states),O(n * state_count^2 typical),O(h) recursion plus state storage,recursive postorder,tuple states; rerooting if all-nodes answers,non-representative / later refinement,heuristic-high,Tree edges define dependency DAG from children to parent or reroot passes.
828,Count Unique Characters of All Substrings of a Given String,Hard,53.6%,Tree DP,Postorder tree DP,dfs(node) returns one or more states,combine child states at parent,postorder DFS,O(children states),O(n * state_count^2 typical),O(h) recursion plus state storage,recursive postorder,tuple states; rerooting if all-nodes answers,non-representative / later refinement,heuristic-high,Tree edges define dependency DAG from children to parent or reroot passes.
834,Sum of Distances in Tree,Hard,65.6%,Tree DP,Postorder tree DP,dfs(node) returns one or more states,combine child states at parent,postorder DFS,O(children states),O(n * state_count^2 typical),O(h) recursion plus state storage,recursive postorder,tuple states; rerooting if all-nodes answers,representative,manual-high,Tree edges define dependency DAG from children to parent or reroot passes.
837,New 21 Game,Medium,52.0%,Probability DP,Distribution / expectation DP,dp[state] probability of state/event,sum weighted probabilities from transitions,by steps or reachable state order,branching factor,state_count * branching,state_count,bottom-up or memo,prefix sums for range probabilities,representative,manual-high,"Same recurrence structure as counting DP, but aggregation is weighted sum."
838,Push Dominoes,Medium,63.0%,Misc / Title-Inferred DP,Low-confidence title heuristic,unknown / problem-specific state,problem-specific recurrence,depends on state DAG,varies,unknown from title alone,unknown from title alone,top-down for discovery; bottom-up if regular table,memoization; table compression if possible,non-representative / later refinement,heuristic-low,Classification inferred from title only; refine when expanding family.
845,Longest Mountain in Array,Medium,42.1%,Misc / Title-Inferred DP,Low-confidence title heuristic,unknown / problem-specific state,problem-specific recurrence,depends on state DAG,varies,unknown from title alone,unknown from title alone,top-down for discovery; bottom-up if regular table,memoization; table compression if possible,non-representative / later refinement,heuristic-low,Classification inferred from title only; refine when expanding family.
847,Shortest Path Visiting All Nodes,Hard,66.0%,Bitmask DP,Subset/mask DP,dp[mask][extra],add/remove one element or transition bitmask,increasing mask/popcount,O(n) choices,O(n*2^n) typical,O(2^n),top-down or bottom-up,bit operations; precomputed compatibility,representative,heuristic-high,Mask is likely from subset constraints or bitwise states.
871,Minimum Number of Refueling Stops,Hard,41.4%,Greedy-DP Boundary,Deferred heap refueling / DP alternative,reachable distance after k stops or max-heap available fuel,choose best previous fuel when forced,increasing station position,heap O(log n),O(n log n) greedy or O(n^2) DP,O(n),greedy heap preferred,max heap; frontier,representative,heuristic-high,Boundary case: DP exists but heap greedy is canonical.
873,Length of Longest Fibonacci Subsequence,Medium,57.5%,Subsequence DP,Run/sequence local-global DP,dp[i] with last relation or previous choice,extend compatible previous state or restart,increasing i,O(1) to O(n),O(n) to O(n^2),O(1)/O(n),bottom-up,rolling local state; maps if relation-dependent,non-representative / later refinement,heuristic-medium,General sequence DP; refine per statement.
877,Stone Game,Medium,73.3%,Game DP / Minimax Boundary,Interval score-difference DP,dp[l][r] or dp[i] depending variant,choose left/right/split; maximize score difference,increasing interval length or reverse index,O(1) to O(n),O(n^2) to O(n^3),O(n^2) or optimized,bottom-up or memoized recursion,prefix sums; score difference; monotonic optimizations,representative,manual-high,Most Stone variants are interval/game DPs; verify exact recurrence per variant.
879,Profitable Schemes,Hard,48.3%,Misc / Title-Inferred DP,2D counting knapsack,unknown / problem-specific state,problem-specific recurrence,depends on state DAG,varies,unknown from title alone,unknown from title alone,top-down for discovery; bottom-up if regular table,memoization; table compression if possible,representative,heuristic-low,Classification inferred from title only; refine when expanding family.
887,Super Egg Drop,Hard,30.2%,Misc / Title-Inferred DP,Low-confidence title heuristic,unknown / problem-specific state,problem-specific recurrence,depends on state DAG,varies,unknown from title alone,unknown from title alone,top-down for discovery; bottom-up if regular table,memoization; table compression if possible,non-representative / later refinement,heuristic-low,Classification inferred from title only; refine when expanding family.
894,All Possible Full Binary Trees,Medium,82.8%,Tree DP,Postorder tree DP,dfs(node) returns one or more states,combine child states at parent,postorder DFS,O(children states),O(n * state_count^2 typical),O(h) recursion plus state storage,recursive postorder,tuple states; rerooting if all-nodes answers,non-representative / later refinement,heuristic-high,Tree edges define dependency DAG from children to parent or reroot passes.
898,Bitwise ORs of Subarrays,Medium,56.9%,Bitmask DP,Subset/mask DP,dp[mask][extra],add/remove one element or transition bitmask,increasing mask/popcount,O(n) choices,O(n*2^n) typical,O(2^n),top-down or bottom-up,bit operations; precomputed compatibility,non-representative / later refinement,heuristic-high,Mask is likely from subset constraints or bitwise states.
902,Numbers At Most N Given Digit Set,Hard,45.0%,Digit DP,Digit tight-state DP,dp[pos][tight][started][extra_state],choose next digit respecting tight bound,left-to-right over digits,O(10 * extra_state),O(num_digits * states * 10),O(states),top-down memo usually,tight flag; leading-zero handling,representative,manual-high,Carefully separate started/leading zeros and tight/non-tight states.
903,Valid Permutations for DI Sequence,Hard,56.4%,Bitmask DP,Subset/mask DP,dp[mask][extra],add/remove one element or transition bitmask,increasing mask/popcount,O(n) choices,O(n*2^n) typical,O(2^n),top-down or bottom-up,bit operations; precomputed compatibility,non-representative / later refinement,heuristic-high,Mask is likely from subset constraints or bitwise states.
907,Sum of Subarray Minimums,Medium,38.5%,Misc / Title-Inferred DP,Low-confidence title heuristic,unknown / problem-specific state,problem-specific recurrence,depends on state DAG,varies,unknown from title alone,unknown from title alone,top-down for discovery; bottom-up if regular table,memoization; table compression if possible,non-representative / later refinement,heuristic-low,Classification inferred from title only; refine when expanding family.
913,Cat and Mouse,Hard,35.3%,Graph Game DP,Retrograde minimax on graph states,dp[mouse][cat][turn] or game-state graph,win/lose/draw transitions over moves,reverse topological / BFS on terminal states,O(deg),polynomial in graph states,O(states),retrograde BFS or memoized minimax,degree counting; terminal propagation,representative,heuristic-high,Graph game; not simple interval DP.
918,Maximum Sum Circular Subarray,Medium,50.0%,Kadane / Local-Global DP,Local/global subarray DP,local state ending at i + global answer,extend previous subarray or restart / update transformed state,left-to-right,O(1),O(n),O(1),bottom-up scan,track min/max product; prefix extrema,non-representative / later refinement,heuristic-high,Subarray means contiguous; usually local state ending here is the key.
920,Number of Music Playlists,Hard,60.1%,Misc / Title-Inferred DP,Low-confidence title heuristic,unknown / problem-specific state,problem-specific recurrence,depends on state DAG,varies,unknown from title alone,unknown from title alone,top-down for discovery; bottom-up if regular table,memoization; table compression if possible,non-representative / later refinement,heuristic-low,Classification inferred from title only; refine when expanding family.
926,Flip String to Monotone Increasing,Medium,61.9%,Misc / Title-Inferred DP,Low-confidence title heuristic,unknown / problem-specific state,problem-specific recurrence,depends on state DAG,varies,unknown from title alone,unknown from title alone,top-down for discovery; bottom-up if regular table,memoization; table compression if possible,non-representative / later refinement,heuristic-low,Classification inferred from title only; refine when expanding family.
931,Minimum Falling Path Sum,Medium,60.8%,Grid DP,Row/column path or shape DP,dp[r][c] or dp[step][r][c],combine from neighboring cells / directions,"row-major, reverse, or BFS-like layers",O(neighbor count),O(mn*state),O(n*state) if rolling,bottom-up or memo DFS,rolling rows; prefix sums; direction arrays,representative,manual-high,Grid topology gives natural DAG if moves are acyclic; cyclic movement may require graph shortest path/BFS.
935,Knight Dialer,Medium,61.9%,Misc / Title-Inferred DP,Low-confidence title heuristic,unknown / problem-specific state,problem-specific recurrence,depends on state DAG,varies,unknown from title alone,unknown from title alone,top-down for discovery; bottom-up if regular table,memoization; table compression if possible,non-representative / later refinement,heuristic-low,Classification inferred from title only; refine when expanding family.
940,Distinct Subsequences II,Hard,44.1%,Two-Sequence Alignment DP,Two-prefix/two-suffix sequence DP,dp[i][j] over prefixes/suffixes of two sequences,match/mismatch/delete/insert/skip transitions,row-major or reverse row-major depending prefix/suffix convention,O(1) to O(k),O(mn),"O(min(m,n)) if compressible",bottom-up or memoized recursion,rolling rows; suffix convention clarity,non-representative / later refinement,heuristic-high,Product state space of two sequence positions.
943,Find the Shortest Superstring,Hard,45.3%,Bitmask DP,Subset/mask DP,dp[mask][extra],add/remove one element or transition bitmask,increasing mask/popcount,O(n) choices,O(n*2^n) typical,O(2^n),top-down or bottom-up,bit operations; precomputed compatibility,representative,heuristic-high,Mask is likely from subset constraints or bitwise states.
956,Tallest Billboard,Hard,51.8%,Misc / Title-Inferred DP,Low-confidence title heuristic,unknown / problem-specific state,problem-specific recurrence,depends on state DAG,varies,unknown from title alone,unknown from title alone,top-down for discovery; bottom-up if regular table,memoization; table compression if possible,non-representative / later refinement,heuristic-low,Classification inferred from title only; refine when expanding family.
960,Delete Columns to Make Sorted III,Hard,72.6%,Subsequence DP,Run/sequence local-global DP,dp[i] with last relation or previous choice,extend compatible previous state or restart,increasing i,O(1) to O(n),O(n) to O(n^2),O(1)/O(n),bottom-up,rolling local state; maps if relation-dependent,non-representative / later refinement,heuristic-medium,General sequence DP; refine per statement.
964,Least Operators to Express Number,Hard,48.5%,Bitmask DP,Subset/mask DP,dp[mask][extra],add/remove one element or transition bitmask,increasing mask/popcount,O(n) choices,O(n*2^n) typical,O(2^n),top-down or bottom-up,bit operations; precomputed compatibility,non-representative / later refinement,heuristic-high,Mask is likely from subset constraints or bitwise states.
968,Binary Tree Cameras,Hard,47.9%,Tree DP,Postorder tree DP,dfs(node) returns one or more states,combine child states at parent,postorder DFS,O(children states),O(n * state_count^2 typical),O(h) recursion plus state storage,recursive postorder,tuple states; rerooting if all-nodes answers,representative,manual-high,Tree edges define dependency DAG from children to parent or reroot passes.
975,Odd Even Jump,Hard,41.2%,Graph-as-DP / DAG DP,Reachability/path DP over implicit graph,dp[state],transition over legal moves,topological if acyclic; otherwise BFS/Dijkstra/memo,degree-dependent,state_count * degree,state_count,depends,memoization; shortest path algorithms,non-representative / later refinement,heuristic-medium,Implicit graph may not be a DAG; verify cycles.
978,Longest Turbulent Subarray,Medium,49.1%,Kadane / Local-Global DP,Local/global subarray DP,local state ending at i + global answer,extend previous subarray or restart / update transformed state,left-to-right,O(1),O(n),O(1),bottom-up scan,track min/max product; prefix extrema,non-representative / later refinement,heuristic-high,Subarray means contiguous; usually local state ending here is the key.
983,Minimum Cost For Tickets,Medium,67.4%,Partition DP,Prefix partition / cut DP,dp[i] or dp[i][k] over first i items/characters,choose previous cut j and combine segment cost,"increasing i, sometimes increasing k",O(n) cut choices,O(n^2) or O(kn^2),O(nk),bottom-up or memo,prefix sums; precomputed segment costs; monotonic optimizations if valid,non-representative / later refinement,heuristic-high,The recurrence is usually min/max over previous cut position.
996,Number of Squareful Arrays,Hard,51.4%,Bitmask DP,Subset/mask DP,dp[mask][extra],add/remove one element or transition bitmask,increasing mask/popcount,O(n) choices,O(n*2^n) typical,O(2^n),top-down or bottom-up,bit operations; precomputed compatibility,non-representative / later refinement,heuristic-high,Mask is likely from subset constraints or bitwise states.
1000,Minimum Cost to Merge Stones,Hard,46.1%,Interval DP,Split-point interval DP,dp[l][r] over interval,choose split/boundary action k,increasing interval length,O(n) split choices,O(n^3) typical,O(n^2),bottom-up by interval length or top-down memo,prefix sums; augmented boundaries; Knuth/monotone if valid,non-representative / later refinement,heuristic-high,"Classic interval DP: if both prefix and suffix seem needed, use intervals."
1012,Numbers With Repeated Digits,Hard,46.5%,Digit DP,Digit tight-state DP,dp[pos][tight][started][extra_state],choose next digit respecting tight bound,left-to-right over digits,O(10 * extra_state),O(num_digits * states * 10),O(states),top-down memo usually,tight flag; leading-zero handling,representative,manual-high,Carefully separate started/leading zeros and tight/non-tight states.
1014,Best Sightseeing Pair,Medium,62.7%,Kadane / Local-Global DP,Local/global subarray DP,local state ending at i + global answer,extend previous subarray or restart / update transformed state,left-to-right,O(1),O(n),O(1),bottom-up scan,track min/max product; prefix extrema,non-representative / later refinement,heuristic-high,Subarray means contiguous; usually local state ending here is the key.
1024,Video Stitching,Medium,52.7%,Graph-as-DP / DAG DP,Reachability/path DP over implicit graph,dp[state],transition over legal moves,topological if acyclic; otherwise BFS/Dijkstra/memo,degree-dependent,state_count * degree,state_count,depends,memoization; shortest path algorithms,non-representative / later refinement,heuristic-medium,Implicit graph may not be a DAG; verify cycles.
1025,Divisor Game,Easy,71.8%,Game DP / Minimax Boundary,Residue/count game theory,counts / residue state,winning condition by count/residue transitions,game-specific order or direct theorem,varies,varies,varies,case analysis or memo,residue compression,non-representative / later refinement,heuristic-high,Often reduces to game theory rather than table DP.
1027,Longest Arithmetic Subsequence,Medium,50.0%,LIS / Sequence Optimization,Arithmetic subsequence DP,dp[i][difference],extend previous subsequence with same difference,increasing i,O(i) previous choices,O(n^2),O(n^2),bottom-up with maps,hashmap by difference,representative,manual-high,"State requires value difference, not just index."
1031,Maximum Sum of Two Non-Overlapping Subarrays,Medium,60.9%,Misc / Title-Inferred DP,Low-confidence title heuristic,unknown / problem-specific state,problem-specific recurrence,depends on state DAG,varies,unknown from title alone,unknown from title alone,top-down for discovery; bottom-up if regular table,memoization; table compression if possible,non-representative / later refinement,heuristic-low,Classification inferred from title only; refine when expanding family.
1035,Uncrossed Lines,Medium,65.2%,Two-Sequence Alignment DP,Two-prefix/two-suffix sequence DP,dp[i][j] over prefixes/suffixes of two sequences,match/mismatch/delete/insert/skip transitions,row-major or reverse row-major depending prefix/suffix convention,O(1) to O(k),O(mn),"O(min(m,n)) if compressible",bottom-up or memoized recursion,rolling rows; suffix convention clarity,representative,manual-high,Product state space of two sequence positions.
1039,Minimum Score Triangulation of Polygon,Medium,67.4%,Interval DP,Split-point interval DP,dp[l][r] over interval,choose split/boundary action k,increasing interval length,O(n) split choices,O(n^3) typical,O(n^2),bottom-up by interval length or top-down memo,prefix sums; augmented boundaries; Knuth/monotone if valid,non-representative / later refinement,heuristic-high,"Classic interval DP: if both prefix and suffix seem needed, use intervals."
1043,Partition Array for Maximum Sum,Medium,77.3%,Partition DP,Prefix partition / cut DP,dp[i] or dp[i][k] over first i items/characters,choose previous cut j and combine segment cost,"increasing i, sometimes increasing k",O(n) cut choices,O(n^2) or O(kn^2),O(nk),bottom-up or memo,prefix sums; precomputed segment costs; monotonic optimizations if valid,non-representative / later refinement,heuristic-high,The recurrence is usually min/max over previous cut position.
1048,Longest String Chain,Medium,63.0%,LIS / Sequence Optimization,Ordered subsequence / chain DP,dp[i] = best chain ending at i or tails[length],choose previous compatible item; or binary-search tails,sorted/index order,O(n) or O(log n),O(n^2) or O(n log n),O(n),bottom-up,patience sorting; parent reconstruction; sort key discipline,representative,manual-high,Compatibility relation defines previous choices; sort order is often the real trick.
1049,Last Stone Weight II,Medium,59.7%,Misc / Title-Inferred DP,Subset sum feasibility / closest partition,unknown / problem-specific state,problem-specific recurrence,depends on state DAG,varies,unknown from title alone,unknown from title alone,top-down for discovery; bottom-up if regular table,memoization; table compression if possible,representative,heuristic-low,Classification inferred from title only; refine when expanding family.
1062,Longest Repeating Substring,Medium,63.4%,Tree DP,Postorder tree DP,dfs(node) returns one or more states,combine child states at parent,postorder DFS,O(children states),O(n * state_count^2 typical),O(h) recursion plus state storage,recursive postorder,tuple states; rerooting if all-nodes answers,non-representative / later refinement,heuristic-high,Tree edges define dependency DAG from children to parent or reroot passes.
1066,Campus Bikes II,Medium,55.9%,Misc / Title-Inferred DP,Low-confidence title heuristic,unknown / problem-specific state,problem-specific recurrence,depends on state DAG,varies,unknown from title alone,unknown from title alone,top-down for discovery; bottom-up if regular table,memoization; table compression if possible,non-representative / later refinement,heuristic-low,Classification inferred from title only; refine when expanding family.
1067,Digit Count in Range,Hard,46.4%,Digit DP,Digit tight-state DP,dp[pos][tight][started][extra_state],choose next digit respecting tight bound,left-to-right over digits,O(10 * extra_state),O(num_digits * states * 10),O(states),top-down memo usually,tight flag; leading-zero handling,representative,manual-high,Carefully separate started/leading zeros and tight/non-tight states.
1092,Shortest Common Supersequence,Hard,61.9%,Two-Sequence Alignment DP,Two-prefix/two-suffix sequence DP,dp[i][j] over prefixes/suffixes of two sequences,match/mismatch/delete/insert/skip transitions,row-major or reverse row-major depending prefix/suffix convention,O(1) to O(k),O(mn),"O(min(m,n)) if compressible",bottom-up or memoized recursion,rolling rows; suffix convention clarity,representative,manual-high,Product state space of two sequence positions.
1105,Filling Bookcase Shelves,Medium,68.6%,Partition DP,Prefix partition / cut DP,dp[i] or dp[i][k] over first i items/characters,choose previous cut j and combine segment cost,"increasing i, sometimes increasing k",O(n) cut choices,O(n^2) or O(kn^2),O(nk),bottom-up or memo,prefix sums; precomputed segment costs; monotonic optimizations if valid,non-representative / later refinement,heuristic-high,The recurrence is usually min/max over previous cut position.
1125,Smallest Sufficient Team,Hard,55.6%,Bitmask DP,Assignment / coverage bitmask DP,dp[mask] or dp[i][mask],choose next item/person/group to expand covered mask,increasing mask/popcount or item index,O(n) choices per mask,O(n*2^m) typical,O(2^m),top-down memo or bottom-up mask,precompute contribution; sparse masks,representative,heuristic-high,Bitmask over covered requirements or assigned entities.
1130,Minimum Cost Tree From Leaf Values,Medium,67.9%,Palindrome / Substring DP,Palindrome partition/check DP,dp[i] plus palindrome table or dp[l][r],cut at valid palindrome boundary,increasing end index / length,O(n),O(n^2),O(n^2),bottom-up,precompute palindrome table,representative,manual-high,Often composes palindrome table + partition DP.
1137,N-th Tribonacci Number,Easy,63.2%,Counting Combinatorics DP,Linear recurrence / finite-state counting,dp[i][state] or dp[i],append one unit/object and update state,increasing size/index,state-dependent,O(n * state_count * transitions),O(state_count),bottom-up,matrix exponentiation if needed; rolling states,representative,heuristic-high,Counting DP often uses finite automaton states.
1139,Largest 1-Bordered Square,Medium,52.1%,Bitmask DP,Subset/mask DP,dp[mask][extra],add/remove one element or transition bitmask,increasing mask/popcount,O(n) choices,O(n*2^n) typical,O(2^n),top-down or bottom-up,bit operations; precomputed compatibility,non-representative / later refinement,heuristic-high,Mask is likely from subset constraints or bitwise states.
1140,Stone Game II,Medium,72.8%,Game DP / Minimax Boundary,Interval score-difference DP,dp[l][r] or dp[i] depending variant,choose left/right/split; maximize score difference,increasing interval length or reverse index,O(1) to O(n),O(n^2) to O(n^3),O(n^2) or optimized,bottom-up or memoized recursion,prefix sums; score difference; monotonic optimizations,representative,manual-high,Most Stone variants are interval/game DPs; verify exact recurrence per variant.
1143,Longest Common Subsequence,Medium,59.1%,Two-Sequence Alignment DP,Two-prefix/two-suffix sequence DP,dp[i][j] over prefixes/suffixes of two sequences,match/mismatch/delete/insert/skip transitions,row-major or reverse row-major depending prefix/suffix convention,O(1) to O(k),O(mn),"O(min(m,n)) if compressible",bottom-up or memoized recursion,rolling rows; suffix convention clarity,representative,manual-high,Product state space of two sequence positions.
1147,Longest Chunked Palindrome Decomposition,Hard,58.9%,Palindrome / Substring DP,Palindrome partition/check DP,dp[i] plus palindrome table or dp[l][r],cut at valid palindrome boundary,increasing end index / length,O(n),O(n^2),O(n^2),bottom-up,precompute palindrome table,representative,manual-high,Often composes palindrome table + partition DP.
1155,Number of Dice Rolls With Target Sum,Medium,62.3%,Misc / Title-Inferred DP,Signed subset sum transform,unknown / problem-specific state,problem-specific recurrence,depends on state DAG,varies,unknown from title alone,unknown from title alone,top-down for discovery; bottom-up if regular table,memoization; table compression if possible,non-representative / later refinement,heuristic-low,Classification inferred from title only; refine when expanding family.
1162,As Far from Land as Possible,Medium,52.3%,Bitmask DP,Subset/mask DP,dp[mask][extra],add/remove one element or transition bitmask,increasing mask/popcount,O(n) choices,O(n*2^n) typical,O(2^n),top-down or bottom-up,bit operations; precomputed compatibility,non-representative / later refinement,heuristic-high,Mask is likely from subset constraints or bitwise states.
1182,Shortest Distance to Target Color,Medium,56.5%,Bitmask DP,Subset/mask DP,dp[mask][extra],add/remove one element or transition bitmask,increasing mask/popcount,O(n) choices,O(n*2^n) typical,O(2^n),top-down or bottom-up,bit operations; precomputed compatibility,non-representative / later refinement,heuristic-high,Mask is likely from subset constraints or bitwise states.
1186,Maximum Subarray Sum with One Deletion,Medium,47.4%,Kadane / Local-Global DP,Local/global subarray DP,local state ending at i + global answer,extend previous subarray or restart / update transformed state,left-to-right,O(1),O(n),O(1),bottom-up scan,track min/max product; prefix extrema,non-representative / later refinement,heuristic-high,Subarray means contiguous; usually local state ending here is the key.
1187,Make Array Strictly Increasing,Hard,57.9%,Subsequence DP,Run/sequence local-global DP,dp[i] with last relation or previous choice,extend compatible previous state or restart,increasing i,O(1) to O(n),O(n) to O(n^2),O(1)/O(n),bottom-up,rolling local state; maps if relation-dependent,non-representative / later refinement,heuristic-medium,General sequence DP; refine per statement.
1191,K-Concatenation Maximum Sum,Medium,25.6%,Misc / Title-Inferred DP,Low-confidence title heuristic,unknown / problem-specific state,problem-specific recurrence,depends on state DAG,varies,unknown from title alone,unknown from title alone,top-down for discovery; bottom-up if regular table,memoization; table compression if possible,non-representative / later refinement,heuristic-low,Classification inferred from title only; refine when expanding family.
1216,Valid Palindrome III,Hard,49.2%,Palindrome / Substring DP,Palindrome partition/check DP,dp[i] plus palindrome table or dp[l][r],cut at valid palindrome boundary,increasing end index / length,O(n),O(n^2),O(n^2),bottom-up,precompute palindrome table,representative,manual-high,Often composes palindrome table + partition DP.
1218,Longest Arithmetic Subsequence of Given Difference,Medium,54.3%,LIS / Sequence Optimization,Arithmetic subsequence DP,dp[i][difference],extend previous subsequence with same difference,increasing i,O(i) previous choices,O(n^2),O(n^2),bottom-up with maps,hashmap by difference,representative,manual-high,"State requires value difference, not just index."
1220,Count Vowels Permutation,Hard,61.3%,Counting Combinatorics DP,Linear recurrence / finite-state counting,dp[i][state] or dp[i],append one unit/object and update state,increasing size/index,state-dependent,O(n * state_count * transitions),O(state_count),bottom-up,matrix exponentiation if needed; rolling states,non-representative / later refinement,heuristic-high,Counting DP often uses finite automaton states.
1223,Dice Roll Simulation,Hard,50.8%,Counting Combinatorics DP,Linear recurrence / finite-state counting,dp[i][state] or dp[i],append one unit/object and update state,increasing size/index,state-dependent,O(n * state_count * transitions),O(state_count),bottom-up,matrix exponentiation if needed; rolling states,non-representative / later refinement,heuristic-high,Counting DP often uses finite automaton states.
1227,Airplane Seat Assignment Probability,Medium,67.4%,Probability DP,Distribution / expectation DP,dp[state] probability of state/event,sum weighted probabilities from transitions,by steps or reachable state order,branching factor,state_count * branching,state_count,bottom-up or memo,prefix sums for range probabilities,representative,manual-high,"Same recurrence structure as counting DP, but aggregation is weighted sum."
1230,Toss Strange Coins,Medium,58.1%,Probability DP,Distribution / expectation DP,dp[state] probability of state/event,sum weighted probabilities from transitions,by steps or reachable state order,branching factor,state_count * branching,state_count,bottom-up or memo,prefix sums for range probabilities,representative,manual-high,"Same recurrence structure as counting DP, but aggregation is weighted sum."
1235,Maximum Profit in Job Scheduling,Hard,54.7%,Misc / Title-Inferred DP,Low-confidence title heuristic,unknown / problem-specific state,problem-specific recurrence,depends on state DAG,varies,unknown from title alone,unknown from title alone,top-down for discovery; bottom-up if regular table,memoization; table compression if possible,non-representative / later refinement,heuristic-low,Classification inferred from title only; refine when expanding family.
1246,Palindrome Removal,Hard,46.2%,Palindrome / Substring DP,Palindrome partition/check DP,dp[i] plus palindrome table or dp[l][r],cut at valid palindrome boundary,increasing end index / length,O(n),O(n^2),O(n^2),bottom-up,precompute palindrome table,representative,manual-high,Often composes palindrome table + partition DP.
1255,Maximum Score Words Formed by Letters,Hard,81.5%,Bitmask DP,Subset/mask DP,dp[mask][extra],add/remove one element or transition bitmask,increasing mask/popcount,O(n) choices,O(n*2^n) typical,O(2^n),top-down or bottom-up,bit operations; precomputed compatibility,non-representative / later refinement,heuristic-high,Mask is likely from subset constraints or bitwise states.
1259,Handshakes That Don't Cross,Hard,59.9%,Counting Combinatorics DP,Linear recurrence / finite-state counting,dp[i][state] or dp[i],append one unit/object and update state,increasing size/index,state-dependent,O(n * state_count * transitions),O(state_count),bottom-up,matrix exponentiation if needed; rolling states,non-representative / later refinement,heuristic-high,Counting DP often uses finite automaton states.
1262,Greatest Sum Divisible by Three,Medium,57.0%,Misc / Title-Inferred DP,Low-confidence title heuristic,unknown / problem-specific state,problem-specific recurrence,depends on state DAG,varies,unknown from title alone,unknown from title alone,top-down for discovery; bottom-up if regular table,memoization; table compression if possible,non-representative / later refinement,heuristic-low,Classification inferred from title only; refine when expanding family.
1269,Number of Ways to Stay in the Same Place After Some Steps,Hard,50.1%,Misc / Title-Inferred DP,Low-confidence title heuristic,unknown / problem-specific state,problem-specific recurrence,depends on state DAG,varies,unknown from title alone,unknown from title alone,top-down for discovery; bottom-up if regular table,memoization; table compression if possible,non-representative / later refinement,heuristic-low,Classification inferred from title only; refine when expanding family.
1277,Count Square Submatrices with All Ones,Medium,80.7%,Misc / Title-Inferred DP,Low-confidence title heuristic,unknown / problem-specific state,problem-specific recurrence,depends on state DAG,varies,unknown from title alone,unknown from title alone,top-down for discovery; bottom-up if regular table,memoization; table compression if possible,non-representative / later refinement,heuristic-low,Classification inferred from title only; refine when expanding family.
1278,Palindrome Partitioning III,Hard,62.2%,Palindrome / Substring DP,Palindrome partition/check DP,dp[i] plus palindrome table or dp[l][r],cut at valid palindrome boundary,increasing end index / length,O(n),O(n^2),O(n^2),bottom-up,precompute palindrome table,representative,manual-high,Often composes palindrome table + partition DP.
1289,Minimum Falling Path Sum II,Hard,63.1%,Grid DP,Row/column path or shape DP,dp[r][c] or dp[step][r][c],combine from neighboring cells / directions,"row-major, reverse, or BFS-like layers",O(neighbor count),O(mn*state),O(n*state) if rolling,bottom-up or memo DFS,rolling rows; prefix sums; direction arrays,non-representative / later refinement,heuristic-high,Grid topology gives natural DAG if moves are acyclic; cyclic movement may require graph shortest path/BFS.
1301,Number of Paths with Max Score,Hard,42.4%,Grid DP,Row/column path or shape DP,dp[r][c] or dp[step][r][c],combine from neighboring cells / directions,"row-major, reverse, or BFS-like layers",O(neighbor count),O(mn*state),O(n*state) if rolling,bottom-up or memo DFS,rolling rows; prefix sums; direction arrays,representative,manual-high,Grid topology gives natural DAG if moves are acyclic; cyclic movement may require graph shortest path/BFS.
1312,Minimum Insertion Steps to Make a String Palindrome,Hard,73.9%,Palindrome / Subsequence DP,Palindrome subsequence interval DP,dp[l][r],if ends match use inner; else drop one end,increasing interval length,O(1),O(n^2),O(n^2),bottom-up by length,rolling diagonals sometimes,representative,manual-high,Subsequence interval DP; not center expansion.
1320,Minimum Distance to Type a Word Using Two Fingers,Hard,72.3%,Bitmask DP,Subset/mask DP,dp[mask][extra],add/remove one element or transition bitmask,increasing mask/popcount,O(n) choices,O(n*2^n) typical,O(2^n),top-down or bottom-up,bit operations; precomputed compatibility,non-representative / later refinement,heuristic-high,Mask is likely from subset constraints or bitwise states.
1326,Minimum Number of Taps to Open to Water a Garden,Hard,51.0%,Graph-as-DP / DAG DP,Reachability/path DP over implicit graph,dp[state],transition over legal moves,topological if acyclic; otherwise BFS/Dijkstra/memo,degree-dependent,state_count * degree,state_count,depends,memoization; shortest path algorithms,non-representative / later refinement,heuristic-medium,Implicit graph may not be a DAG; verify cycles.
1334,Find the City With the Smallest Number of Neighbors at a Threshold Distance,Medium,72.7%,Bitmask DP,Subset/mask DP,dp[mask][extra],add/remove one element or transition bitmask,increasing mask/popcount,O(n) choices,O(n*2^n) typical,O(2^n),top-down or bottom-up,bit operations; precomputed compatibility,non-representative / later refinement,heuristic-high,Mask is likely from subset constraints or bitwise states.
1335,Minimum Difficulty of a Job Schedule,Hard,59.8%,Weighted Interval / Scheduling DP,Sorted intervals + previous compatible index,dp[i] best using first i jobs/events,take current + dp[p(i)] or skip,increasing sorted end/start,O(log n) for p(i),O(n log n),O(n),bottom-up,binary search previous compatible; heap alternative,non-representative / later refinement,heuristic-high,Greedy interval scheduling becomes DP when weights/profits matter.
1340,Jump Game V,Hard,65.0%,Greedy-DP Boundary,Jump frontier / reachability DP boundary,reachable index or dp[i] min jumps/score,extend reachable frontier or choose best previous jump,left-to-right or graph order,varies,O(n) greedy to O(n log n)/O(nk) DP,varies,greedy if frontier monotone; DP if scores/constraints,"frontier, BFS layers, deque",representative,manual-high,"Jump series crosses greedy, DP, deque DP, and graph interpretations."
1349,Maximum Students Taking Exam,Hard,53.8%,Misc / Title-Inferred DP,Low-confidence title heuristic,unknown / problem-specific state,problem-specific recurrence,depends on state DAG,varies,unknown from title alone,unknown from title alone,top-down for discovery; bottom-up if regular table,memoization; table compression if possible,representative,heuristic-low,Classification inferred from title only; refine when expanding family.
1359,Count All Valid Pickup and Delivery Options,Hard,64.9%,Counting Combinatorics DP,Linear recurrence / finite-state counting,dp[i][state] or dp[i],append one unit/object and update state,increasing size/index,state-dependent,O(n * state_count * transitions),O(state_count),bottom-up,matrix exponentiation if needed; rolling states,non-representative / later refinement,heuristic-high,Counting DP often uses finite automaton states.
1363,Largest Multiple of Three,Hard,33.2%,Misc / Title-Inferred DP,Low-confidence title heuristic,unknown / problem-specific state,problem-specific recurrence,depends on state DAG,varies,unknown from title alone,unknown from title alone,top-down for discovery; bottom-up if regular table,memoization; table compression if possible,non-representative / later refinement,heuristic-low,Classification inferred from title only; refine when expanding family.
1372,Longest ZigZag Path in a Binary Tree,Medium,67.1%,Tree DP,Postorder tree DP,dfs(node) returns one or more states,combine child states at parent,postorder DFS,O(children states),O(n * state_count^2 typical),O(h) recursion plus state storage,recursive postorder,tuple states; rerooting if all-nodes answers,representative,manual-high,Tree edges define dependency DAG from children to parent or reroot passes.
1373,Maximum Sum BST in Binary Tree,Hard,47.2%,Tree DP,Postorder tree DP,dfs(node) returns one or more states,combine child states at parent,postorder DFS,O(children states),O(n * state_count^2 typical),O(h) recursion plus state storage,recursive postorder,tuple states; rerooting if all-nodes answers,representative,manual-high,Tree edges define dependency DAG from children to parent or reroot passes.
1387,Sort Integers by The Power Value,Medium,71.7%,Bitmask DP,Subset/mask DP,dp[mask][extra],add/remove one element or transition bitmask,increasing mask/popcount,O(n) choices,O(n*2^n) typical,O(2^n),top-down or bottom-up,bit operations; precomputed compatibility,non-representative / later refinement,heuristic-high,Mask is likely from subset constraints or bitwise states.
1388,Pizza With 3n Slices,Hard,53.8%,Misc / Title-Inferred DP,Low-confidence title heuristic,unknown / problem-specific state,problem-specific recurrence,depends on state DAG,varies,unknown from title alone,unknown from title alone,top-down for discovery; bottom-up if regular table,memoization; table compression if possible,non-representative / later refinement,heuristic-low,Classification inferred from title only; refine when expanding family.
1395,Count Number of Teams,Medium,70.2%,Misc / Title-Inferred DP,Low-confidence title heuristic,unknown / problem-specific state,problem-specific recurrence,depends on state DAG,varies,unknown from title alone,unknown from title alone,top-down for discovery; bottom-up if regular table,memoization; table compression if possible,non-representative / later refinement,heuristic-low,Classification inferred from title only; refine when expanding family.
1397,Find All Good Strings,Hard,45.4%,Digit DP,Digit tight-state DP,dp[pos][tight][started][extra_state],choose next digit respecting tight bound,left-to-right over digits,O(10 * extra_state),O(num_digits * states * 10),O(states),top-down memo usually,tight flag; leading-zero handling,representative,manual-high,Carefully separate started/leading zeros and tight/non-tight states.
1402,Reducing Dishes,Hard,76.7%,Misc / Title-Inferred DP,Low-confidence title heuristic,unknown / problem-specific state,problem-specific recurrence,depends on state DAG,varies,unknown from title alone,unknown from title alone,top-down for discovery; bottom-up if regular table,memoization; table compression if possible,non-representative / later refinement,heuristic-low,Classification inferred from title only; refine when expanding family.
1406,Stone Game III,Hard,63.3%,Game DP / Minimax Boundary,Interval score-difference DP,dp[l][r] or dp[i] depending variant,choose left/right/split; maximize score difference,increasing interval length or reverse index,O(1) to O(n),O(n^2) to O(n^3),O(n^2) or optimized,bottom-up or memoized recursion,prefix sums; score difference; monotonic optimizations,representative,manual-high,Most Stone variants are interval/game DPs; verify exact recurrence per variant.
1411,Number of Ways to Paint N × 3 Grid,Hard,80.5%,Grid DP,Row/column path or shape DP,dp[r][c] or dp[step][r][c],combine from neighboring cells / directions,"row-major, reverse, or BFS-like layers",O(neighbor count),O(mn*state),O(n*state) if rolling,bottom-up or memo DFS,rolling rows; prefix sums; direction arrays,non-representative / later refinement,heuristic-high,Grid topology gives natural DAG if moves are acyclic; cyclic movement may require graph shortest path/BFS.
1416,Restore The Array,Hard,46.7%,Bitmask DP,Subset/mask DP,dp[mask][extra],add/remove one element or transition bitmask,increasing mask/popcount,O(n) choices,O(n*2^n) typical,O(2^n),top-down or bottom-up,bit operations; precomputed compatibility,non-representative / later refinement,heuristic-high,Mask is likely from subset constraints or bitwise states.
1420,Build Array Where You Can Find The Maximum Exactly K Comparisons,Hard,65.7%,Misc / Title-Inferred DP,Low-confidence title heuristic,unknown / problem-specific state,problem-specific recurrence,depends on state DAG,varies,unknown from title alone,unknown from title alone,top-down for discovery; bottom-up if regular table,memoization; table compression if possible,non-representative / later refinement,heuristic-low,Classification inferred from title only; refine when expanding family.
1425,Constrained Subsequence Sum,Hard,56.4%,Misc / Title-Inferred DP,Low-confidence title heuristic,unknown / problem-specific state,problem-specific recurrence,depends on state DAG,varies,unknown from title alone,unknown from title alone,top-down for discovery; bottom-up if regular table,memoization; table compression if possible,non-representative / later refinement,heuristic-low,Classification inferred from title only; refine when expanding family.
1434,Number of Ways to Wear Different Hats to Each Other,Hard,46.0%,Misc / Title-Inferred DP,Low-confidence title heuristic,unknown / problem-specific state,problem-specific recurrence,depends on state DAG,varies,unknown from title alone,unknown from title alone,top-down for discovery; bottom-up if regular table,memoization; table compression if possible,representative,heuristic-low,Classification inferred from title only; refine when expanding family.
1444,Number of Ways of Cutting a Pizza,Hard,61.6%,Partition DP,Prefix partition / cut DP,dp[i] or dp[i][k] over first i items/characters,choose previous cut j and combine segment cost,"increasing i, sometimes increasing k",O(n) cut choices,O(n^2) or O(kn^2),O(nk),bottom-up or memo,prefix sums; precomputed segment costs; monotonic optimizations if valid,non-representative / later refinement,heuristic-high,The recurrence is usually min/max over previous cut position.
1449,Form Largest Integer With Digits That Add up to Target,Hard,49.6%,Knapsack / Capacity DP,Capacity / choice DP,dp[i][capacity] or compressed dp[capacity],include / exclude / repeat item; aggregate min/max/count,"item-major; reverse loop for 0/1, forward for unbounded",O(1) per item-capacity cell,O(n * capacity),O(capacity) if compressed,bottom-up usually,reverse/forward capacity loop; modulo counts; prefix sums,non-representative / later refinement,heuristic-high,"Loop order determines whether states count combinations, permutations, 0/1, or unbounded choices."
1458,Max Dot Product of Two Subsequences,Hard,69.3%,Two-Sequence Alignment DP,Two-prefix/two-suffix sequence DP,dp[i][j] over prefixes/suffixes of two sequences,match/mismatch/delete/insert/skip transitions,row-major or reverse row-major depending prefix/suffix convention,O(1) to O(k),O(mn),"O(min(m,n)) if compressible",bottom-up or memoized recursion,rolling rows; suffix convention clarity,representative,manual-high,Product state space of two sequence positions.
1463,Cherry Pickup II,Hard,72.4%,Grid DP,Multi-agent grid DP,dp[row][col1][col2] or equivalent,advance both agents simultaneously,row by row / step count,O(9) transitions,O(rows*cols^2),O(cols^2),bottom-up or memoized DFS,rolling layers; symmetry pruning,representative,manual-high,Two walkers are synchronized by step/row to avoid exponential paths.
1467,Probability of a Two Boxes Having The Same Number of Distinct Balls,Hard,61.2%,Probability DP,Distribution / expectation DP,dp[state] probability of state/event,sum weighted probabilities from transitions,by steps or reachable state order,branching factor,state_count * branching,state_count,bottom-up or memo,prefix sums for range probabilities,representative,manual-high,"Same recurrence structure as counting DP, but aggregation is weighted sum."
1473,Paint House III,Hard,61.2%,1D Prefix/Suffix DP,Color-state rolling DP,dp[i][color],choose color different from previous; min cost,increasing house index,O(colors^2) or optimized O(colors),O(n*colors),O(colors),bottom-up,track min/second-min for Paint House II,representative,manual-high,State axis is previous/current color.
1477,Find Two Non-overlapping Sub-arrays Each With Target Sum,Medium,36.9%,Misc / Title-Inferred DP,Signed subset sum transform,unknown / problem-specific state,problem-specific recurrence,depends on state DAG,varies,unknown from title alone,unknown from title alone,top-down for discovery; bottom-up if regular table,memoization; table compression if possible,non-representative / later refinement,heuristic-low,Classification inferred from title only; refine when expanding family.
1478,Allocate Mailboxes,Hard,56.6%,Partition DP,Prefix partition / cut DP,dp[i] or dp[i][k] over first i items/characters,choose previous cut j and combine segment cost,"increasing i, sometimes increasing k",O(n) cut choices,O(n^2) or O(kn^2),O(nk),bottom-up or memo,prefix sums; precomputed segment costs; monotonic optimizations if valid,non-representative / later refinement,heuristic-high,The recurrence is usually min/max over previous cut position.
1483,Kth Ancestor of a Tree Node,Hard,37.5%,Tree DP,Binary lifting / ancestor DP,up[node][k],2^k ancestor from two 2^(k-1) jumps,increasing k after DFS/BFS parent pass,O(1),"O(n log n) build, O(log n) query",O(n log n),precompute table,binary lifting,non-representative / later refinement,heuristic-high,"This is DP over jump length, not path optimization."
1493,Longest Subarray of 1's After Deleting One Element,Medium,71.2%,Misc / Title-Inferred DP,Low-confidence title heuristic,unknown / problem-specific state,problem-specific recurrence,depends on state DAG,varies,unknown from title alone,unknown from title alone,top-down for discovery; bottom-up if regular table,memoization; table compression if possible,non-representative / later refinement,heuristic-low,Classification inferred from title only; refine when expanding family.
1494,Parallel Courses II,Hard,30.9%,Graph-as-DP / DAG DP,Course prerequisite DAG DP,dp[course] or topological level/state,combine predecessor completion times / choose subset,topological order or bitmask semesters,degree/subset-dependent,O(V+E) or exponential for subset scheduling,varies,topological DP or bitmask DP,toposort; bitmask if parallel constraints,representative,heuristic-high,"If prerequisites form DAG, topo order gives DP order."
1504,Count Submatrices With All Ones,Medium,71.0%,Misc / Title-Inferred DP,Low-confidence title heuristic,unknown / problem-specific state,problem-specific recurrence,depends on state DAG,varies,unknown from title alone,unknown from title alone,top-down for discovery; bottom-up if regular table,memoization; table compression if possible,non-representative / later refinement,heuristic-low,Classification inferred from title only; refine when expanding family.
1510,Stone Game IV,Hard,59.6%,Game DP / Minimax Boundary,Interval score-difference DP,dp[l][r] or dp[i] depending variant,choose left/right/split; maximize score difference,increasing interval length or reverse index,O(1) to O(n),O(n^2) to O(n^3),O(n^2) or optimized,bottom-up or memoized recursion,prefix sums; score difference; monotonic optimizations,representative,manual-high,Most Stone variants are interval/game DPs; verify exact recurrence per variant.
1524,Number of Sub-arrays With Odd Sum,Medium,55.7%,Kadane / Local-Global DP,Local/global subarray DP,local state ending at i + global answer,extend previous subarray or restart / update transformed state,left-to-right,O(1),O(n),O(1),bottom-up scan,track min/max product; prefix extrema,non-representative / later refinement,heuristic-high,Subarray means contiguous; usually local state ending here is the key.
1525,Number of Good Ways to Split a String,Medium,68.4%,Misc / Title-Inferred DP,Low-confidence title heuristic,unknown / problem-specific state,problem-specific recurrence,depends on state DAG,varies,unknown from title alone,unknown from title alone,top-down for discovery; bottom-up if regular table,memoization; table compression if possible,non-representative / later refinement,heuristic-low,Classification inferred from title only; refine when expanding family.
1526,Minimum Number of Increments on Subarrays to Form a Target Array,Hard,78.2%,Bitmask DP,Subset/mask DP,dp[mask][extra],add/remove one element or transition bitmask,increasing mask/popcount,O(n) choices,O(n*2^n) typical,O(2^n),top-down or bottom-up,bit operations; precomputed compatibility,non-representative / later refinement,heuristic-high,Mask is likely from subset constraints or bitwise states.
1531,String Compression II,Hard,52.2%,Misc / Title-Inferred DP,Low-confidence title heuristic,unknown / problem-specific state,problem-specific recurrence,depends on state DAG,varies,unknown from title alone,unknown from title alone,top-down for discovery; bottom-up if regular table,memoization; table compression if possible,non-representative / later refinement,heuristic-low,Classification inferred from title only; refine when expanding family.
1537,Get the Maximum Score,Hard,41.1%,Bitmask DP,Subset/mask DP,dp[mask][extra],add/remove one element or transition bitmask,increasing mask/popcount,O(n) choices,O(n*2^n) typical,O(2^n),top-down or bottom-up,bit operations; precomputed compatibility,non-representative / later refinement,heuristic-high,Mask is likely from subset constraints or bitwise states.
1547,Minimum Cost to Cut a Stick,Hard,63.0%,Interval DP,Split-point interval DP,dp[l][r] over interval,choose split/boundary action k,increasing interval length,O(n) split choices,O(n^3) typical,O(n^2),bottom-up by interval length or top-down memo,prefix sums; augmented boundaries; Knuth/monotone if valid,non-representative / later refinement,heuristic-high,"Classic interval DP: if both prefix and suffix seem needed, use intervals."
1548,The Most Similar Path in a Graph,Hard,59.4%,Misc / Title-Inferred DP,Low-confidence title heuristic,unknown / problem-specific state,problem-specific recurrence,depends on state DAG,varies,unknown from title alone,unknown from title alone,top-down for discovery; bottom-up if regular table,memoization; table compression if possible,representative,heuristic-low,Classification inferred from title only; refine when expanding family.
1553,Minimum Number of Days to Eat N Oranges,Hard,36.2%,Bitmask DP,Subset/mask DP,dp[mask][extra],add/remove one element or transition bitmask,increasing mask/popcount,O(n) choices,O(n*2^n) typical,O(2^n),top-down or bottom-up,bit operations; precomputed compatibility,non-representative / later refinement,heuristic-high,Mask is likely from subset constraints or bitwise states.
1563,Stone Game V,Hard,41.8%,Game DP / Minimax Boundary,Interval score-difference DP,dp[l][r] or dp[i] depending variant,choose left/right/split; maximize score difference,increasing interval length or reverse index,O(1) to O(n),O(n^2) to O(n^3),O(n^2) or optimized,bottom-up or memoized recursion,prefix sums; score difference; monotonic optimizations,representative,manual-high,Most Stone variants are interval/game DPs; verify exact recurrence per variant.
1567,Maximum Length of Subarray With Positive Product,Medium,44.7%,Kadane / Local-Global DP,Local/global subarray DP,local state ending at i + global answer,extend previous subarray or restart / update transformed state,left-to-right,O(1),O(n),O(1),bottom-up scan,track min/max product; prefix extrema,non-representative / later refinement,heuristic-high,Subarray means contiguous; usually local state ending here is the key.
1569,Number of Ways to Reorder Array to Get Same BST,Hard,54.1%,Tree DP,Postorder tree DP,dfs(node) returns one or more states,combine child states at parent,postorder DFS,O(children states),O(n * state_count^2 typical),O(h) recursion plus state storage,recursive postorder,tuple states; rerooting if all-nodes answers,non-representative / later refinement,heuristic-high,Tree edges define dependency DAG from children to parent or reroot passes.
1575,Count All Possible Routes,Hard,64.8%,Misc / Title-Inferred DP,Low-confidence title heuristic,unknown / problem-specific state,problem-specific recurrence,depends on state DAG,varies,unknown from title alone,unknown from title alone,top-down for discovery; bottom-up if regular table,memoization; table compression if possible,non-representative / later refinement,heuristic-low,Classification inferred from title only; refine when expanding family.
1578,Minimum Time to Make Rope Colorful,Medium,65.2%,Bitmask DP,Subset/mask DP,dp[mask][extra],add/remove one element or transition bitmask,increasing mask/popcount,O(n) choices,O(n*2^n) typical,O(2^n),top-down or bottom-up,bit operations; precomputed compatibility,non-representative / later refinement,heuristic-high,Mask is likely from subset constraints or bitwise states.
1594,Maximum Non Negative Product in a Matrix,Medium,51.6%,Grid DP,Row/column path or shape DP,dp[r][c] or dp[step][r][c],combine from neighboring cells / directions,"row-major, reverse, or BFS-like layers",O(neighbor count),O(mn*state),O(n*state) if rolling,bottom-up or memo DFS,rolling rows; prefix sums; direction arrays,non-representative / later refinement,heuristic-high,Grid topology gives natural DAG if moves are acyclic; cyclic movement may require graph shortest path/BFS.
1595,Minimum Cost to Connect Two Groups of Points,Hard,50.1%,Bitmask DP,Assignment / coverage bitmask DP,dp[mask] or dp[i][mask],choose next item/person/group to expand covered mask,increasing mask/popcount or item index,O(n) choices per mask,O(n*2^m) typical,O(2^m),top-down memo or bottom-up mask,precompute contribution; sparse masks,representative,heuristic-high,Bitmask over covered requirements or assigned entities.
1611,Minimum One Bit Operations to Make Integers Zero,Hard,78.4%,Misc / Title-Inferred DP,Low-confidence title heuristic,unknown / problem-specific state,problem-specific recurrence,depends on state DAG,varies,unknown from title alone,unknown from title alone,top-down for discovery; bottom-up if regular table,memoization; table compression if possible,non-representative / later refinement,heuristic-low,Classification inferred from title only; refine when expanding family.
1617,Count Subtrees With Max Distance Between Cities,Hard,67.2%,Tree DP,Postorder tree DP,dfs(node) returns one or more states,combine child states at parent,postorder DFS,O(children states),O(n * state_count^2 typical),O(h) recursion plus state storage,recursive postorder,tuple states; rerooting if all-nodes answers,representative,manual-high,Tree edges define dependency DAG from children to parent or reroot passes.
1621,Number of Sets of K Non-Overlapping Line Segments,Medium,45.9%,Counting Combinatorics DP,Linear recurrence / finite-state counting,dp[i][state] or dp[i],append one unit/object and update state,increasing size/index,state-dependent,O(n * state_count * transitions),O(state_count),bottom-up,matrix exponentiation if needed; rolling states,non-representative / later refinement,heuristic-high,Counting DP often uses finite automaton states.
1626,Best Team With No Conflicts,Medium,50.7%,LIS / Sequence Optimization,Ordered subsequence / chain DP,dp[i] = best chain ending at i or tails[length],choose previous compatible item; or binary-search tails,sorted/index order,O(n) or O(log n),O(n^2) or O(n log n),O(n),bottom-up,patience sorting; parent reconstruction; sort key discipline,representative,manual-high,Compatibility relation defines previous choices; sort order is often the real trick.
1638,Count Substrings That Differ by One Character,Medium,72.3%,Tree DP,Postorder tree DP,dfs(node) returns one or more states,combine child states at parent,postorder DFS,O(children states),O(n * state_count^2 typical),O(h) recursion plus state storage,recursive postorder,tuple states; rerooting if all-nodes answers,non-representative / later refinement,heuristic-high,Tree edges define dependency DAG from children to parent or reroot passes.
1639,Number of Ways to Form a Target String Given a Dictionary,Hard,56.5%,Two-Sequence Alignment DP,Two-prefix/two-suffix sequence DP,dp[i][j] over prefixes/suffixes of two sequences,match/mismatch/delete/insert/skip transitions,row-major or reverse row-major depending prefix/suffix convention,O(1) to O(k),O(mn),"O(min(m,n)) if compressible",bottom-up or memoized recursion,rolling rows; suffix convention clarity,non-representative / later refinement,heuristic-high,Product state space of two sequence positions.
1641,Count Sorted Vowel Strings,Medium,79.2%,Counting Combinatorics DP,Linear recurrence / finite-state counting,dp[i][state] or dp[i],append one unit/object and update state,increasing size/index,state-dependent,O(n * state_count * transitions),O(state_count),bottom-up,matrix exponentiation if needed; rolling states,non-representative / later refinement,heuristic-high,Counting DP often uses finite automaton states.
1643,Kth Smallest Instructions,Hard,44.8%,Misc / Title-Inferred DP,Low-confidence title heuristic,unknown / problem-specific state,problem-specific recurrence,depends on state DAG,varies,unknown from title alone,unknown from title alone,top-down for discovery; bottom-up if regular table,memoization; table compression if possible,non-representative / later refinement,heuristic-low,Classification inferred from title only; refine when expanding family.
1653,Minimum Deletions to Make String Balanced,Medium,68.2%,Misc / Title-Inferred DP,Low-confidence title heuristic,unknown / problem-specific state,problem-specific recurrence,depends on state DAG,varies,unknown from title alone,unknown from title alone,top-down for discovery; bottom-up if regular table,memoization; table compression if possible,non-representative / later refinement,heuristic-low,Classification inferred from title only; refine when expanding family.
1655,Distribute Repeating Integers,Hard,40.6%,Knapsack / Capacity DP,Capacity / choice DP,dp[i][capacity] or compressed dp[capacity],include / exclude / repeat item; aggregate min/max/count,"item-major; reverse loop for 0/1, forward for unbounded",O(1) per item-capacity cell,O(n * capacity),O(capacity) if compressed,bottom-up usually,reverse/forward capacity loop; modulo counts; prefix sums,non-representative / later refinement,heuristic-high,"Loop order determines whether states count combinations, permutations, 0/1, or unbounded choices."
1659,Maximize Grid Happiness,Hard,41.0%,Grid DP,Row/column path or shape DP,dp[r][c] or dp[step][r][c],combine from neighboring cells / directions,"row-major, reverse, or BFS-like layers",O(neighbor count),O(mn*state),O(n*state) if rolling,bottom-up or memo DFS,rolling rows; prefix sums; direction arrays,representative,manual-high,Grid topology gives natural DAG if moves are acyclic; cyclic movement may require graph shortest path/BFS.
1668,Maximum Repeating Substring,Easy,41.6%,Tree DP,Postorder tree DP,dfs(node) returns one or more states,combine child states at parent,postorder DFS,O(children states),O(n * state_count^2 typical),O(h) recursion plus state storage,recursive postorder,tuple states; rerooting if all-nodes answers,non-representative / later refinement,heuristic-high,Tree edges define dependency DAG from children to parent or reroot passes.
1671,Minimum Number of Removals to Make Mountain Array,Hard,54.8%,LIS / Sequence Optimization,Ordered subsequence / chain DP,dp[i] = best chain ending at i or tails[length],choose previous compatible item; or binary-search tails,sorted/index order,O(n) or O(log n),O(n^2) or O(n log n),O(n),bottom-up,patience sorting; parent reconstruction; sort key discipline,representative,manual-high,Compatibility relation defines previous choices; sort order is often the real trick.
1681,Minimum Incompatibility,Hard,41.1%,Knapsack / Capacity DP,Capacity / choice DP,dp[i][capacity] or compressed dp[capacity],include / exclude / repeat item; aggregate min/max/count,"item-major; reverse loop for 0/1, forward for unbounded",O(1) per item-capacity cell,O(n * capacity),O(capacity) if compressed,bottom-up usually,reverse/forward capacity loop; modulo counts; prefix sums,representative,manual-high,"Loop order determines whether states count combinations, permutations, 0/1, or unbounded choices."
1682,Longest Palindromic Subsequence II,Medium,50.3%,Palindrome / Subsequence DP,Palindrome subsequence interval DP,dp[l][r],if ends match use inner; else drop one end,increasing interval length,O(1),O(n^2),O(n^2),bottom-up by length,rolling diagonals sometimes,representative,manual-high,Subsequence interval DP; not center expansion.
1687,Delivering Boxes from Storage to Ports,Hard,39.8%,Bitmask DP,Subset/mask DP,dp[mask][extra],add/remove one element or transition bitmask,increasing mask/popcount,O(n) choices,O(n*2^n) typical,O(2^n),top-down or bottom-up,bit operations; precomputed compatibility,non-representative / later refinement,heuristic-high,Mask is likely from subset constraints or bitwise states.
1690,Stone Game VII,Medium,58.7%,Game DP / Minimax Boundary,Stone Game VI greedy game swing,sorted choices by combined swing,greedy pick by alice[i]+bob[i],descending swing order,O(log n) sort comparison,O(n log n),O(n),greedy boundary,sort by total swing,representative,manual-high,Greedy exception in Stone series; not interval DP.
1691,Maximum Height by Stacking Cuboids,Hard,62.0%,LIS / Sequence Optimization,Ordered subsequence / chain DP,dp[i] = best chain ending at i or tails[length],choose previous compatible item; or binary-search tails,sorted/index order,O(n) or O(log n),O(n^2) or O(n log n),O(n),bottom-up,patience sorting; parent reconstruction; sort key discipline,representative,manual-high,Compatibility relation defines previous choices; sort order is often the real trick.
1692,Count Ways to Distribute Candies,Hard,63.8%,Bitmask DP,Subset/mask DP,dp[mask][extra],add/remove one element or transition bitmask,increasing mask/popcount,O(n) choices,O(n*2^n) typical,O(2^n),top-down or bottom-up,bit operations; precomputed compatibility,non-representative / later refinement,heuristic-high,Mask is likely from subset constraints or bitwise states.
1696,Jump Game VI,Medium,46.4%,DP with Monotonic Deque,Sliding-window max DP,dp[i] = nums[i] + max dp[j] for j in window,take best reachable previous state,left-to-right,amortized O(1),O(n),O(n),bottom-up,monotonic deque,representative,manual-high,Deque stores candidate previous dp values in decreasing order.
1714,Sum Of Special Evenly-Spaced Elements In Array,Hard,49.9%,Misc / Title-Inferred DP,Low-confidence title heuristic,unknown / problem-specific state,problem-specific recurrence,depends on state DAG,varies,unknown from title alone,unknown from title alone,top-down for discovery; bottom-up if regular table,memoization; table compression if possible,non-representative / later refinement,heuristic-low,Classification inferred from title only; refine when expanding family.
1723,Find Minimum Time to Finish All Jobs,Hard,45.7%,Misc / Title-Inferred DP,Low-confidence title heuristic,unknown / problem-specific state,problem-specific recurrence,depends on state DAG,varies,unknown from title alone,unknown from title alone,top-down for discovery; bottom-up if regular table,memoization; table compression if possible,representative,heuristic-low,Classification inferred from title only; refine when expanding family.
1728,Cat and Mouse II,Hard,40.3%,Graph Game DP,Retrograde minimax on graph states,dp[mouse][cat][turn] or game-state graph,win/lose/draw transitions over moves,reverse topological / BFS on terminal states,O(deg),polynomial in graph states,O(states),retrograde BFS or memoized minimax,degree counting; terminal propagation,non-representative / later refinement,heuristic-high,Graph game; not simple interval DP.
1735,Count Ways to Make Array With Product,Hard,54.1%,Counting Combinatorics DP,Sequence/counting with category state,dp[i][state],append element satisfying category rules,increasing i,varies,varies,varies,bottom-up,compressed automaton states,non-representative / later refinement,heuristic-medium,Need statement to refine.
1745,Palindrome Partitioning IV,Hard,45.5%,Palindrome / Substring DP,Palindrome partition/check DP,dp[i] plus palindrome table or dp[l][r],cut at valid palindrome boundary,increasing end index / length,O(n),O(n^2),O(n^2),bottom-up,precompute palindrome table,representative,manual-high,Often composes palindrome table + partition DP.
1746,Maximum Subarray Sum After One Operation,Medium,65.2%,Kadane / Local-Global DP,Local/global subarray DP,local state ending at i + global answer,extend previous subarray or restart / update transformed state,left-to-right,O(1),O(n),O(1),bottom-up scan,track min/max product; prefix extrema,non-representative / later refinement,heuristic-high,Subarray means contiguous; usually local state ending here is the key.
1749,Maximum Absolute Sum of Any Subarray,Medium,71.0%,Kadane / Local-Global DP,Local/global subarray DP,local state ending at i + global answer,extend previous subarray or restart / update transformed state,left-to-right,O(1),O(n),O(1),bottom-up scan,track min/max product; prefix extrema,non-representative / later refinement,heuristic-high,Subarray means contiguous; usually local state ending here is the key.
1751,Maximum Number of Events That Can Be Attended II,Hard,63.5%,Weighted Interval / Scheduling DP,Sorted intervals + previous compatible index,dp[i] best using first i jobs/events,take current + dp[p(i)] or skip,increasing sorted end/start,O(log n) for p(i),O(n log n),O(n),bottom-up,binary search previous compatible; heap alternative,non-representative / later refinement,heuristic-high,Greedy interval scheduling becomes DP when weights/profits matter.
1755,Closest Subsequence Sum,Hard,43.6%,Misc / Title-Inferred DP,Low-confidence title heuristic,unknown / problem-specific state,problem-specific recurrence,depends on state DAG,varies,unknown from title alone,unknown from title alone,top-down for discovery; bottom-up if regular table,memoization; table compression if possible,non-representative / later refinement,heuristic-low,Classification inferred from title only; refine when expanding family.
1770,Maximum Score from Performing Multiplication Operations,Hard,43.3%,Bitmask DP,Subset/mask DP,dp[mask][extra],add/remove one element or transition bitmask,increasing mask/popcount,O(n) choices,O(n*2^n) typical,O(2^n),top-down or bottom-up,bit operations; precomputed compatibility,non-representative / later refinement,heuristic-high,Mask is likely from subset constraints or bitwise states.
1771,Maximize Palindrome Length From Subsequences,Hard,38.4%,Palindrome / Subsequence DP,Palindrome subsequence interval DP,dp[l][r],if ends match use inner; else drop one end,increasing interval length,O(1),O(n^2),O(n^2),bottom-up by length,rolling diagonals sometimes,representative,manual-high,Subsequence interval DP; not center expansion.
1774,Closest Dessert Cost,Medium,48.7%,Misc / Title-Inferred DP,Low-confidence title heuristic,unknown / problem-specific state,problem-specific recurrence,depends on state DAG,varies,unknown from title alone,unknown from title alone,top-down for discovery; bottom-up if regular table,memoization; table compression if possible,non-representative / later refinement,heuristic-low,Classification inferred from title only; refine when expanding family.
1786,Number of Restricted Paths From First to Last Node,Medium,41.1%,Shortest-Path-Like DP,Bounded-edge or path-cost DP,dp[steps][v] or dist/cost state,relax incoming/outgoing edges,by steps or priority order,O(E),O(K E) or graph-dependent,O(V*K),Bellman-Ford style or Dijkstra+state,edge relaxation; heap; pruning,representative,heuristic-high,Graph DP where edges are recurrence relationships.
1787,Make the XOR of All Segments Equal to Zero,Hard,40.6%,Partition DP,Prefix partition / cut DP,dp[i] or dp[i][k] over first i items/characters,choose previous cut j and combine segment cost,"increasing i, sometimes increasing k",O(n) cut choices,O(n^2) or O(kn^2),O(nk),bottom-up or memo,prefix sums; precomputed segment costs; monotonic optimizations if valid,non-representative / later refinement,heuristic-high,The recurrence is usually min/max over previous cut position.
1799,Maximize Score After N Operations,Hard,57.9%,Bitmask DP,Subset/mask DP,dp[mask][extra],add/remove one element or transition bitmask,increasing mask/popcount,O(n) choices,O(n*2^n) typical,O(2^n),top-down or bottom-up,bit operations; precomputed compatibility,representative,heuristic-high,Mask is likely from subset constraints or bitwise states.
1815,Maximum Number of Groups Getting Fresh Donuts,Hard,41.3%,Misc / Title-Inferred DP,Low-confidence title heuristic,unknown / problem-specific state,problem-specific recurrence,depends on state DAG,varies,unknown from title alone,unknown from title alone,top-down for discovery; bottom-up if regular table,memoization; table compression if possible,non-representative / later refinement,heuristic-low,Classification inferred from title only; refine when expanding family.
1824,Minimum Sideway Jumps,Medium,51.6%,Graph-as-DP / DAG DP,Reachability/path DP over implicit graph,dp[state],transition over legal moves,topological if acyclic; otherwise BFS/Dijkstra/memo,degree-dependent,state_count * degree,state_count,depends,memoization; shortest path algorithms,non-representative / later refinement,heuristic-medium,Implicit graph may not be a DAG; verify cycles.
1857,Largest Color Value in a Directed Graph,Hard,57.3%,Bitmask DP,Subset/mask DP,dp[mask][extra],add/remove one element or transition bitmask,increasing mask/popcount,O(n) choices,O(n*2^n) typical,O(2^n),top-down or bottom-up,bit operations; precomputed compatibility,representative,heuristic-high,Mask is likely from subset constraints or bitwise states.
1866,Number of Ways to Rearrange Sticks With K Sticks Visible,Hard,61.3%,Counting Combinatorics DP,Linear recurrence / finite-state counting,dp[i][state] or dp[i],append one unit/object and update state,increasing size/index,state-dependent,O(n * state_count * transitions),O(state_count),bottom-up,matrix exponentiation if needed; rolling states,non-representative / later refinement,heuristic-high,Counting DP often uses finite automaton states.
1871,Jump Game VII,Medium,26.6%,DP with Monotonic Deque,Sliding-window max DP,dp[i] = nums[i] + max dp[j] for j in window,take best reachable previous state,left-to-right,amortized O(1),O(n),O(n),bottom-up,monotonic deque,representative,manual-high,Deque stores candidate previous dp values in decreasing order.
1872,Stone Game VIII,Hard,53.9%,Game DP / Minimax Boundary,Stone Game VI greedy game swing,sorted choices by combined swing,greedy pick by alice[i]+bob[i],descending swing order,O(log n) sort comparison,O(n log n),O(n),greedy boundary,sort by total swing,representative,manual-high,Greedy exception in Stone series; not interval DP.
1879,Minimum XOR Sum of Two Arrays,Hard,51.1%,Bitmask DP,Assignment / coverage bitmask DP,dp[mask] or dp[i][mask],choose next item/person/group to expand covered mask,increasing mask/popcount or item index,O(n) choices per mask,O(n*2^m) typical,O(2^m),top-down memo or bottom-up mask,precompute contribution; sparse masks,representative,heuristic-high,Bitmask over covered requirements or assigned entities.
1883,Minimum Skips to Arrive at Meeting On Time,Hard,38.6%,Misc / Title-Inferred DP,Low-confidence title heuristic,unknown / problem-specific state,problem-specific recurrence,depends on state DAG,varies,unknown from title alone,unknown from title alone,top-down for discovery; bottom-up if regular table,memoization; table compression if possible,non-representative / later refinement,heuristic-low,Classification inferred from title only; refine when expanding family.
1884,Egg Drop With 2 Eggs and N Floors,Medium,74.8%,Bitmask DP,Subset/mask DP,dp[mask][extra],add/remove one element or transition bitmask,increasing mask/popcount,O(n) choices,O(n*2^n) typical,O(2^n),top-down or bottom-up,bit operations; precomputed compatibility,non-representative / later refinement,heuristic-high,Mask is likely from subset constraints or bitwise states.
1888,Minimum Number of Flips to Make the Binary String Alternating,Medium,53.5%,Misc / Title-Inferred DP,Low-confidence title heuristic,unknown / problem-specific state,problem-specific recurrence,depends on state DAG,varies,unknown from title alone,unknown from title alone,top-down for discovery; bottom-up if regular table,memoization; table compression if possible,non-representative / later refinement,heuristic-low,Classification inferred from title only; refine when expanding family.
1896,Minimum Cost to Change the Final Value of Expression,Hard,49.7%,Misc / Title-Inferred DP,Low-confidence title heuristic,unknown / problem-specific state,problem-specific recurrence,depends on state DAG,varies,unknown from title alone,unknown from title alone,top-down for discovery; bottom-up if regular table,memoization; table compression if possible,non-representative / later refinement,heuristic-low,Classification inferred from title only; refine when expanding family.
1900,The Earliest and Latest Rounds Where Players Compete,Hard,72.3%,Bitmask DP,Subset/mask DP,dp[mask][extra],add/remove one element or transition bitmask,increasing mask/popcount,O(n) choices,O(n*2^n) typical,O(2^n),top-down or bottom-up,bit operations; precomputed compatibility,non-representative / later refinement,heuristic-high,Mask is likely from subset constraints or bitwise states.
1908,Game of Nim,Medium,62.9%,Game DP / Minimax Boundary,Residue/count game theory,counts / residue state,winning condition by count/residue transitions,game-specific order or direct theorem,varies,varies,varies,case analysis or memo,residue compression,non-representative / later refinement,heuristic-high,Often reduces to game theory rather than table DP.
1911,Maximum Alternating Subsequence Sum,Medium,59.0%,Misc / Title-Inferred DP,Low-confidence title heuristic,unknown / problem-specific state,problem-specific recurrence,depends on state DAG,varies,unknown from title alone,unknown from title alone,top-down for discovery; bottom-up if regular table,memoization; table compression if possible,non-representative / later refinement,heuristic-low,Classification inferred from title only; refine when expanding family.
1916,Count Ways to Build Rooms in an Ant Colony,Hard,51.4%,Tree DP,Postorder tree DP,dfs(node) returns one or more states,combine child states at parent,postorder DFS,O(children states),O(n * state_count^2 typical),O(h) recursion plus state storage,recursive postorder,tuple states; rerooting if all-nodes answers,representative,manual-high,Tree edges define dependency DAG from children to parent or reroot passes.
1928,Minimum Cost to Reach Destination in Time,Hard,41.5%,Shortest-Path-Like DP,Bounded-edge or path-cost DP,dp[steps][v] or dist/cost state,relax incoming/outgoing edges,by steps or priority order,O(E),O(K E) or graph-dependent,O(V*K),Bellman-Ford style or Dijkstra+state,edge relaxation; heap; pruning,representative,heuristic-high,Graph DP where edges are recurrence relationships.
1931,Painting a Grid With Three Different Colors,Hard,77.1%,Grid DP,Row/column path or shape DP,dp[r][c] or dp[step][r][c],combine from neighboring cells / directions,"row-major, reverse, or BFS-like layers",O(neighbor count),O(mn*state),O(n*state) if rolling,bottom-up or memo DFS,rolling rows; prefix sums; direction arrays,non-representative / later refinement,heuristic-high,Grid topology gives natural DAG if moves are acyclic; cyclic movement may require graph shortest path/BFS.
1937,Maximum Number of Points with Cost,Medium,41.7%,Misc / Title-Inferred DP,Low-confidence title heuristic,unknown / problem-specific state,problem-specific recurrence,depends on state DAG,varies,unknown from title alone,unknown from title alone,top-down for discovery; bottom-up if regular table,memoization; table compression if possible,non-representative / later refinement,heuristic-low,Classification inferred from title only; refine when expanding family.
1947,Maximum Compatibility Score Sum,Medium,64.4%,Bitmask DP,Subset/mask DP,dp[mask][extra],add/remove one element or transition bitmask,increasing mask/popcount,O(n) choices,O(n*2^n) typical,O(2^n),top-down or bottom-up,bit operations; precomputed compatibility,non-representative / later refinement,heuristic-high,Mask is likely from subset constraints or bitwise states.
1955,Count Number of Special Subsequences,Hard,52.9%,Counting Combinatorics DP,Sequence/counting with category state,dp[i][state],append element satisfying category rules,increasing i,varies,varies,varies,bottom-up,compressed automaton states,non-representative / later refinement,heuristic-medium,Need statement to refine.
1959,Minimum Total Space Wasted With K Resizing Operations,Medium,43.8%,Misc / Title-Inferred DP,Low-confidence title heuristic,unknown / problem-specific state,problem-specific recurrence,depends on state DAG,varies,unknown from title alone,unknown from title alone,top-down for discovery; bottom-up if regular table,memoization; table compression if possible,non-representative / later refinement,heuristic-low,Classification inferred from title only; refine when expanding family.
1976,Number of Ways to Arrive at Destination,Medium,37.5%,Misc / Title-Inferred DP,Low-confidence title heuristic,unknown / problem-specific state,problem-specific recurrence,depends on state DAG,varies,unknown from title alone,unknown from title alone,top-down for discovery; bottom-up if regular table,memoization; table compression if possible,representative,heuristic-low,Classification inferred from title only; refine when expanding family.
1977,Number of Ways to Separate Numbers,Hard,21.6%,Digit DP,Digit tight-state DP,dp[pos][tight][started][extra_state],choose next digit respecting tight bound,left-to-right over digits,O(10 * extra_state),O(num_digits * states * 10),O(states),top-down memo usually,tight flag; leading-zero handling,representative,manual-high,Carefully separate started/leading zeros and tight/non-tight states.
1981,Minimize the Difference Between Target and Chosen Elements,Medium,36.9%,Bitmask DP,Subset/mask DP,dp[mask][extra],add/remove one element or transition bitmask,increasing mask/popcount,O(n) choices,O(n*2^n) typical,O(2^n),top-down or bottom-up,bit operations; precomputed compatibility,non-representative / later refinement,heuristic-high,Mask is likely from subset constraints or bitwise states.
1986,Minimum Number of Work Sessions to Finish the Tasks,Medium,34.8%,Bitmask DP,Subset/mask DP,dp[mask][extra],add/remove one element or transition bitmask,increasing mask/popcount,O(n) choices,O(n*2^n) typical,O(2^n),top-down or bottom-up,bit operations; precomputed compatibility,representative,heuristic-high,Mask is likely from subset constraints or bitwise states.
1987,Number of Unique Good Subsequences,Hard,52.3%,Misc / Title-Inferred DP,Low-confidence title heuristic,unknown / problem-specific state,problem-specific recurrence,depends on state DAG,varies,unknown from title alone,unknown from title alone,top-down for discovery; bottom-up if regular table,memoization; table compression if possible,non-representative / later refinement,heuristic-low,Classification inferred from title only; refine when expanding family.
1994,The Number of Good Subsets,Hard,37.2%,Bitmask DP,Subset/mask DP,dp[mask][extra],add/remove one element or transition bitmask,increasing mask/popcount,O(n) choices,O(n*2^n) typical,O(2^n),top-down or bottom-up,bit operations; precomputed compatibility,non-representative / later refinement,heuristic-high,Mask is likely from subset constraints or bitwise states.
1997,First Day Where You Have Been in All the Rooms,Medium,40.4%,Misc / Title-Inferred DP,Low-confidence title heuristic,unknown / problem-specific state,problem-specific recurrence,depends on state DAG,varies,unknown from title alone,unknown from title alone,top-down for discovery; bottom-up if regular table,memoization; table compression if possible,non-representative / later refinement,heuristic-low,Classification inferred from title only; refine when expanding family.
2002,Maximum Product of the Length of Two Palindromic Subsequences,Medium,62.5%,Palindrome / Subsequence DP,Palindrome subsequence interval DP,dp[l][r],if ends match use inner; else drop one end,increasing interval length,O(1),O(n^2),O(n^2),bottom-up by length,rolling diagonals sometimes,representative,manual-high,Subsequence interval DP; not center expansion.
2003,Smallest Missing Genetic Value in Each Subtree,Hard,47.8%,Tree DP,Postorder tree DP,dfs(node) returns one or more states,combine child states at parent,postorder DFS,O(children states),O(n * state_count^2 typical),O(h) recursion plus state storage,recursive postorder,tuple states; rerooting if all-nodes answers,non-representative / later refinement,heuristic-high,Tree edges define dependency DAG from children to parent or reroot passes.
2005,Subtree Removal Game with Fibonacci Tree,Hard,57.5%,Tree DP,Postorder tree DP,dfs(node) returns one or more states,combine child states at parent,postorder DFS,O(children states),O(n * state_count^2 typical),O(h) recursion plus state storage,recursive postorder,tuple states; rerooting if all-nodes answers,non-representative / later refinement,heuristic-high,Tree edges define dependency DAG from children to parent or reroot passes.
2008,Maximum Earnings From Taxi,Medium,46.5%,Weighted Interval / Scheduling DP,Sorted intervals + previous compatible index,dp[i] best using first i jobs/events,take current + dp[p(i)] or skip,increasing sorted end/start,O(log n) for p(i),O(n log n),O(n),bottom-up,binary search previous compatible; heap alternative,non-representative / later refinement,heuristic-high,Greedy interval scheduling becomes DP when weights/profits matter.
2019,The Score of Students Solving Math Expression,Hard,34.2%,Bitmask DP,Subset/mask DP,dp[mask][extra],add/remove one element or transition bitmask,increasing mask/popcount,O(n) choices,O(n*2^n) typical,O(2^n),top-down or bottom-up,bit operations; precomputed compatibility,non-representative / later refinement,heuristic-high,Mask is likely from subset constraints or bitwise states.
2035,Partition Array Into Two Arrays to Minimize Sum Difference,Hard,23.4%,Partition DP,Prefix partition / cut DP,dp[i] or dp[i][k] over first i items/characters,choose previous cut j and combine segment cost,"increasing i, sometimes increasing k",O(n) cut choices,O(n^2) or O(kn^2),O(nk),bottom-up or memo,prefix sums; precomputed segment costs; monotonic optimizations if valid,non-representative / later refinement,heuristic-high,The recurrence is usually min/max over previous cut position.
2036,Maximum Alternating Subarray Sum,Medium,39.9%,Kadane / Local-Global DP,Local/global subarray DP,local state ending at i + global answer,extend previous subarray or restart / update transformed state,left-to-right,O(1),O(n),O(1),bottom-up scan,track min/max product; prefix extrema,non-representative / later refinement,heuristic-high,Subarray means contiguous; usually local state ending here is the key.
2050,Parallel Courses III,Hard,66.8%,Graph-as-DP / DAG DP,Course prerequisite DAG DP,dp[course] or topological level/state,combine predecessor completion times / choose subset,topological order or bitmask semesters,degree/subset-dependent,O(V+E) or exponential for subset scheduling,varies,topological DP or bitmask DP,toposort; bitmask if parallel constraints,representative,heuristic-high,"If prerequisites form DAG, topo order gives DP order."
2052,Minimum Cost to Separate Sentence Into Rows,Medium,51.1%,Partition DP,Prefix partition / cut DP,dp[i] or dp[i][k] over first i items/characters,choose previous cut j and combine segment cost,"increasing i, sometimes increasing k",O(n) cut choices,O(n^2) or O(kn^2),O(nk),bottom-up or memo,prefix sums; precomputed segment costs; monotonic optimizations if valid,non-representative / later refinement,heuristic-high,The recurrence is usually min/max over previous cut position.
2054,Two Best Non-Overlapping Events,Medium,64.0%,Weighted Interval / Scheduling DP,Sorted intervals + previous compatible index,dp[i] best using first i jobs/events,take current + dp[p(i)] or skip,increasing sorted end/start,O(log n) for p(i),O(n log n),O(n),bottom-up,binary search previous compatible; heap alternative,non-representative / later refinement,heuristic-high,Greedy interval scheduling becomes DP when weights/profits matter.
2060,Check if an Original String Exists Given Two Encoded Strings,Hard,43.4%,Two-Sequence Alignment DP,Two-prefix/two-suffix sequence DP,dp[i][j] over prefixes/suffixes of two sequences,match/mismatch/delete/insert/skip transitions,row-major or reverse row-major depending prefix/suffix convention,O(1) to O(k),O(mn),"O(min(m,n)) if compressible",bottom-up or memoized recursion,rolling rows; suffix convention clarity,representative,manual-high,Product state space of two sequence positions.
2063,Vowels of All Substrings,Medium,55.4%,Tree DP,Postorder tree DP,dfs(node) returns one or more states,combine child states at parent,postorder DFS,O(children states),O(n * state_count^2 typical),O(h) recursion plus state storage,recursive postorder,tuple states; rerooting if all-nodes answers,non-representative / later refinement,heuristic-high,Tree edges define dependency DAG from children to parent or reroot passes.
2086,Minimum Number of Food Buckets to Feed the Hamsters,Medium,48.3%,Misc / Title-Inferred DP,Low-confidence title heuristic,unknown / problem-specific state,problem-specific recurrence,depends on state DAG,varies,unknown from title alone,unknown from title alone,top-down for discovery; bottom-up if regular table,memoization; table compression if possible,non-representative / later refinement,heuristic-low,Classification inferred from title only; refine when expanding family.
2088,Count Fertile Pyramids in a Land,Hard,66.3%,Grid DP,Row/column path or shape DP,dp[r][c] or dp[step][r][c],combine from neighboring cells / directions,"row-major, reverse, or BFS-like layers",O(neighbor count),O(mn*state),O(n*state) if rolling,bottom-up or memo DFS,rolling rows; prefix sums; direction arrays,non-representative / later refinement,heuristic-high,Grid topology gives natural DAG if moves are acyclic; cyclic movement may require graph shortest path/BFS.
2100,Find Good Days to Rob the Bank,Medium,51.6%,Misc / Title-Inferred DP,Low-confidence title heuristic,unknown / problem-specific state,problem-specific recurrence,depends on state DAG,varies,unknown from title alone,unknown from title alone,top-down for discovery; bottom-up if regular table,memoization; table compression if possible,non-representative / later refinement,heuristic-low,Classification inferred from title only; refine when expanding family.
2110,Number of Smooth Descent Periods of a Stock,Medium,67.7%,1D Prefix/Suffix DP,Run-length local streak DP,dp[i] = length/count of valid run ending at i,extend current descent run or restart,left-to-right,O(1),O(n),O(1),bottom-up,rolling counter,non-representative / later refinement,heuristic-high,Stock word here is not transaction DP; it is run-length DP.
2127,Maximum Employees to Be Invited to a Meeting,Hard,61.8%,Tree DP,Postorder tree DP,dfs(node) returns one or more states,combine child states at parent,postorder DFS,O(children states),O(n * state_count^2 typical),O(h) recursion plus state storage,recursive postorder,tuple states; rerooting if all-nodes answers,representative,manual-high,Tree edges define dependency DAG from children to parent or reroot passes.
2140,Solving Questions With Brainpower,Medium,60.2%,Misc / Title-Inferred DP,Low-confidence title heuristic,unknown / problem-specific state,problem-specific recurrence,depends on state DAG,varies,unknown from title alone,unknown from title alone,top-down for discovery; bottom-up if regular table,memoization; table compression if possible,non-representative / later refinement,heuristic-low,Classification inferred from title only; refine when expanding family.
2143,Choose Numbers From Two Arrays in Range,Hard,52.8%,Knapsack / Capacity DP,Capacity / choice DP,dp[i][capacity] or compressed dp[capacity],include / exclude / repeat item; aggregate min/max/count,"item-major; reverse loop for 0/1, forward for unbounded",O(1) per item-capacity cell,O(n * capacity),O(capacity) if compressed,bottom-up usually,reverse/forward capacity loop; modulo counts; prefix sums,non-representative / later refinement,heuristic-high,"Loop order determines whether states count combinations, permutations, 0/1, or unbounded choices."
2147,Number of Ways to Divide a Long Corridor,Hard,54.6%,Partition DP,Prefix partition / cut DP,dp[i] or dp[i][k] over first i items/characters,choose previous cut j and combine segment cost,"increasing i, sometimes increasing k",O(n) cut choices,O(n^2) or O(kn^2),O(nk),bottom-up or memo,prefix sums; precomputed segment costs; monotonic optimizations if valid,non-representative / later refinement,heuristic-high,The recurrence is usually min/max over previous cut position.
2152,Minimum Number of Lines to Cover Points,Medium,43.9%,Misc / Title-Inferred DP,Low-confidence title heuristic,unknown / problem-specific state,problem-specific recurrence,depends on state DAG,varies,unknown from title alone,unknown from title alone,top-down for discovery; bottom-up if regular table,memoization; table compression if possible,non-representative / later refinement,heuristic-low,Classification inferred from title only; refine when expanding family.
2163,Minimum Difference in Sums After Removal of Elements,Hard,69.7%,Misc / Title-Inferred DP,Low-confidence title heuristic,unknown / problem-specific state,problem-specific recurrence,depends on state DAG,varies,unknown from title alone,unknown from title alone,top-down for discovery; bottom-up if regular table,memoization; table compression if possible,non-representative / later refinement,heuristic-low,Classification inferred from title only; refine when expanding family.
2167,Minimum Time to Remove All Cars Containing Illegal Goods,Hard,41.9%,Kadane / Local-Global DP,Local/global subarray DP,local state ending at i + global answer,extend previous subarray or restart / update transformed state,left-to-right,O(1),O(n),O(1),bottom-up scan,track min/max product; prefix extrema,non-representative / later refinement,heuristic-high,Subarray means contiguous; usually local state ending here is the key.
2172,Maximum AND Sum of Array,Hard,50.6%,Bitmask DP,Assignment / coverage bitmask DP,dp[mask] or dp[i][mask],choose next item/person/group to expand covered mask,increasing mask/popcount or item index,O(n) choices per mask,O(n*2^m) typical,O(2^m),top-down memo or bottom-up mask,precompute contribution; sparse masks,representative,heuristic-high,Bitmask over covered requirements or assigned entities.
2184,Number of Ways to Build Sturdy Brick Wall,Medium,49.5%,Misc / Title-Inferred DP,Low-confidence title heuristic,unknown / problem-specific state,problem-specific recurrence,depends on state DAG,varies,unknown from title alone,unknown from title alone,top-down for discovery; bottom-up if regular table,memoization; table compression if possible,non-representative / later refinement,heuristic-low,Classification inferred from title only; refine when expanding family.
2188,Minimum Time to Finish the Race,Hard,43.3%,Misc / Title-Inferred DP,Low-confidence title heuristic,unknown / problem-specific state,problem-specific recurrence,depends on state DAG,varies,unknown from title alone,unknown from title alone,top-down for discovery; bottom-up if regular table,memoization; table compression if possible,non-representative / later refinement,heuristic-low,Classification inferred from title only; refine when expanding family.
2189,Number of Ways to Build House of Cards,Medium,62.7%,Counting Combinatorics DP,Linear recurrence / finite-state counting,dp[i][state] or dp[i],append one unit/object and update state,increasing size/index,state-dependent,O(n * state_count * transitions),O(state_count),bottom-up,matrix exponentiation if needed; rolling states,non-representative / later refinement,heuristic-high,Counting DP often uses finite automaton states.
2209,Minimum White Tiles After Covering With Carpets,Hard,38.8%,Misc / Title-Inferred DP,Low-confidence title heuristic,unknown / problem-specific state,problem-specific recurrence,depends on state DAG,varies,unknown from title alone,unknown from title alone,top-down for discovery; bottom-up if regular table,memoization; table compression if possible,non-representative / later refinement,heuristic-low,Classification inferred from title only; refine when expanding family.
2218,Maximum Value of K Coins From Piles,Hard,60.4%,Knapsack / Capacity DP,Capacity / choice DP,dp[i][capacity] or compressed dp[capacity],include / exclude / repeat item; aggregate min/max/count,"item-major; reverse loop for 0/1, forward for unbounded",O(1) per item-capacity cell,O(n * capacity),O(capacity) if compressed,bottom-up usually,reverse/forward capacity loop; modulo counts; prefix sums,non-representative / later refinement,heuristic-high,"Loop order determines whether states count combinations, permutations, 0/1, or unbounded choices."
2222,Number of Ways to Select Buildings,Medium,50.9%,Misc / Title-Inferred DP,Low-confidence title heuristic,unknown / problem-specific state,problem-specific recurrence,depends on state DAG,varies,unknown from title alone,unknown from title alone,top-down for discovery; bottom-up if regular table,memoization; table compression if possible,non-representative / later refinement,heuristic-low,Classification inferred from title only; refine when expanding family.
2247,Maximum Cost of Trip With K Highways,Hard,51.1%,Misc / Title-Inferred DP,Low-confidence title heuristic,unknown / problem-specific state,problem-specific recurrence,depends on state DAG,varies,unknown from title alone,unknown from title alone,top-down for discovery; bottom-up if regular table,memoization; table compression if possible,non-representative / later refinement,heuristic-low,Classification inferred from title only; refine when expanding family.
2262,Total Appeal of A String,Hard,56.5%,Kadane / Local-Global DP,Local/global subarray DP,local state ending at i + global answer,extend previous subarray or restart / update transformed state,left-to-right,O(1),O(n),O(1),bottom-up scan,track min/max product; prefix extrema,non-representative / later refinement,heuristic-high,Subarray means contiguous; usually local state ending here is the key.
2263,Make Array Non-decreasing or Non-increasing,Hard,65.5%,Bitmask DP,Subset/mask DP,dp[mask][extra],add/remove one element or transition bitmask,increasing mask/popcount,O(n) choices,O(n*2^n) typical,O(2^n),top-down or bottom-up,bit operations; precomputed compatibility,non-representative / later refinement,heuristic-high,Mask is likely from subset constraints or bitwise states.
2266,Count Number of Texts,Medium,50.2%,Counting Combinatorics DP,Linear recurrence / finite-state counting,dp[i][state] or dp[i],append one unit/object and update state,increasing size/index,state-dependent,O(n * state_count * transitions),O(state_count),bottom-up,matrix exponentiation if needed; rolling states,non-representative / later refinement,heuristic-high,Counting DP often uses finite automaton states.
2267,Check if There Is a Valid Parentheses String Path,Hard,40.3%,Grid DP,Row/column path or shape DP,dp[r][c] or dp[step][r][c],combine from neighboring cells / directions,"row-major, reverse, or BFS-like layers",O(neighbor count),O(mn*state),O(n*state) if rolling,bottom-up or memo DFS,rolling rows; prefix sums; direction arrays,non-representative / later refinement,heuristic-high,Grid topology gives natural DAG if moves are acyclic; cyclic movement may require graph shortest path/BFS.
2272,Substring With Largest Variance,Hard,46.0%,Tree DP,Postorder tree DP,dfs(node) returns one or more states,combine child states at parent,postorder DFS,O(children states),O(n * state_count^2 typical),O(h) recursion plus state storage,recursive postorder,tuple states; rerooting if all-nodes answers,non-representative / later refinement,heuristic-high,Tree edges define dependency DAG from children to parent or reroot passes.
2289,Steps to Make Array Non-decreasing,Medium,24.8%,Misc / Title-Inferred DP,Low-confidence title heuristic,unknown / problem-specific state,problem-specific recurrence,depends on state DAG,varies,unknown from title alone,unknown from title alone,top-down for discovery; bottom-up if regular table,memoization; table compression if possible,non-representative / later refinement,heuristic-low,Classification inferred from title only; refine when expanding family.
2291,Maximum Profit From Trading Stocks,Medium,48.2%,Stock State-Machine DP,Budgeted stock trading / knapsack-like stock DP,dp[day][holding][transaction/cooldown/fee state],buy / sell / hold / rest transitions,increasing day,O(number of legal actions per state),O(n * state_count),O(state_count),bottom-up state machine,state compression; greedy if unconstrained,representative,manual-high,Use holding/not-holding as the irreducible state axis; constraints add dimensions or shifted transitions.
2297,Jump Game VIII,Medium,45.7%,DP with Monotonic Deque,Sliding-window max DP,dp[i] = nums[i] + max dp[j] for j in window,take best reachable previous state,left-to-right,amortized O(1),O(n),O(n),bottom-up,monotonic deque,representative,manual-high,Deque stores candidate previous dp values in decreasing order.
2304,Minimum Path Cost in a Grid,Medium,68.1%,Grid DP,Row/column path or shape DP,dp[r][c] or dp[step][r][c],combine from neighboring cells / directions,"row-major, reverse, or BFS-like layers",O(neighbor count),O(mn*state),O(n*state) if rolling,bottom-up or memo DFS,rolling rows; prefix sums; direction arrays,non-representative / later refinement,heuristic-high,Grid topology gives natural DAG if moves are acyclic; cyclic movement may require graph shortest path/BFS.
2305,Fair Distribution of Cookies,Medium,69.9%,Knapsack / Capacity DP,Capacity / choice DP,dp[i][capacity] or compressed dp[capacity],include / exclude / repeat item; aggregate min/max/count,"item-major; reverse loop for 0/1, forward for unbounded",O(1) per item-capacity cell,O(n * capacity),O(capacity) if compressed,bottom-up usually,reverse/forward capacity loop; modulo counts; prefix sums,representative,manual-high,"Loop order determines whether states count combinations, permutations, 0/1, or unbounded choices."
2310,Sum of Numbers With Units Digit K,Medium,28.2%,Digit DP,Digit tight-state DP,dp[pos][tight][started][extra_state],choose next digit respecting tight bound,left-to-right over digits,O(10 * extra_state),O(num_digits * states * 10),O(states),top-down memo usually,tight flag; leading-zero handling,representative,manual-high,Carefully separate started/leading zeros and tight/non-tight states.
2311,Longest Binary Subsequence Less Than or Equal to K,Medium,52.8%,Bitmask DP,Subset/mask DP,dp[mask][extra],add/remove one element or transition bitmask,increasing mask/popcount,O(n) choices,O(n*2^n) typical,O(2^n),top-down or bottom-up,bit operations; precomputed compatibility,non-representative / later refinement,heuristic-high,Mask is likely from subset constraints or bitwise states.
2312,Selling Pieces of Wood,Hard,52.9%,Misc / Title-Inferred DP,Low-confidence title heuristic,unknown / problem-specific state,problem-specific recurrence,depends on state DAG,varies,unknown from title alone,unknown from title alone,top-down for discovery; bottom-up if regular table,memoization; table compression if possible,non-representative / later refinement,heuristic-low,Classification inferred from title only; refine when expanding family.
2313,Minimum Flips in Binary Tree to Get Result,Hard,56.8%,Tree DP,Postorder tree DP,dfs(node) returns one or more states,combine child states at parent,postorder DFS,O(children states),O(n * state_count^2 typical),O(h) recursion plus state storage,recursive postorder,tuple states; rerooting if all-nodes answers,non-representative / later refinement,heuristic-high,Tree edges define dependency DAG from children to parent or reroot passes.
2318,Number of Distinct Roll Sequences,Hard,58.1%,Misc / Title-Inferred DP,Low-confidence title heuristic,unknown / problem-specific state,problem-specific recurrence,depends on state DAG,varies,unknown from title alone,unknown from title alone,top-down for discovery; bottom-up if regular table,memoization; table compression if possible,non-representative / later refinement,heuristic-low,Classification inferred from title only; refine when expanding family.
2320,Count Number of Ways to Place Houses,Medium,43.9%,Misc / Title-Inferred DP,Low-confidence title heuristic,unknown / problem-specific state,problem-specific recurrence,depends on state DAG,varies,unknown from title alone,unknown from title alone,top-down for discovery; bottom-up if regular table,memoization; table compression if possible,non-representative / later refinement,heuristic-low,Classification inferred from title only; refine when expanding family.
2321,Maximum Score Of Spliced Array,Hard,58.4%,Bitmask DP,Subset/mask DP,dp[mask][extra],add/remove one element or transition bitmask,increasing mask/popcount,O(n) choices,O(n*2^n) typical,O(2^n),top-down or bottom-up,bit operations; precomputed compatibility,non-representative / later refinement,heuristic-high,Mask is likely from subset constraints or bitwise states.
2327,Number of People Aware of a Secret,Medium,60.7%,Misc / Title-Inferred DP,Low-confidence title heuristic,unknown / problem-specific state,problem-specific recurrence,depends on state DAG,varies,unknown from title alone,unknown from title alone,top-down for discovery; bottom-up if regular table,memoization; table compression if possible,non-representative / later refinement,heuristic-low,Classification inferred from title only; refine when expanding family.
2328,Number of Increasing Paths in a Grid,Hard,57.4%,Grid DP,Row/column path or shape DP,dp[r][c] or dp[step][r][c],combine from neighboring cells / directions,"row-major, reverse, or BFS-like layers",O(neighbor count),O(mn*state),O(n*state) if rolling,bottom-up or memo DFS,rolling rows; prefix sums; direction arrays,non-representative / later refinement,heuristic-high,Grid topology gives natural DAG if moves are acyclic; cyclic movement may require graph shortest path/BFS.
2338,Count the Number of Ideal Arrays,Hard,56.9%,Misc / Title-Inferred DP,Low-confidence title heuristic,unknown / problem-specific state,problem-specific recurrence,depends on state DAG,varies,unknown from title alone,unknown from title alone,top-down for discovery; bottom-up if regular table,memoization; table compression if possible,non-representative / later refinement,heuristic-low,Classification inferred from title only; refine when expanding family.
2355,Maximum Number of Books You Can Take,Hard,39.5%,Misc / Title-Inferred DP,Low-confidence title heuristic,unknown / problem-specific state,problem-specific recurrence,depends on state DAG,varies,unknown from title alone,unknown from title alone,top-down for discovery; bottom-up if regular table,memoization; table compression if possible,non-representative / later refinement,heuristic-low,Classification inferred from title only; refine when expanding family.
2361,Minimum Costs Using the Train Line,Hard,77.9%,Misc / Title-Inferred DP,Low-confidence title heuristic,unknown / problem-specific state,problem-specific recurrence,depends on state DAG,varies,unknown from title alone,unknown from title alone,top-down for discovery; bottom-up if regular table,memoization; table compression if possible,non-representative / later refinement,heuristic-low,Classification inferred from title only; refine when expanding family.
2369,Check if There is a Valid Partition For The Array,Medium,52.4%,Bitmask DP,Subset/mask DP,dp[mask][extra],add/remove one element or transition bitmask,increasing mask/popcount,O(n) choices,O(n*2^n) typical,O(2^n),top-down or bottom-up,bit operations; precomputed compatibility,non-representative / later refinement,heuristic-high,Mask is likely from subset constraints or bitwise states.
2370,Longest Ideal Subsequence,Medium,46.6%,Misc / Title-Inferred DP,Low-confidence title heuristic,unknown / problem-specific state,problem-specific recurrence,depends on state DAG,varies,unknown from title alone,unknown from title alone,top-down for discovery; bottom-up if regular table,memoization; table compression if possible,non-representative / later refinement,heuristic-low,Classification inferred from title only; refine when expanding family.
2376,Count Special Integers,Hard,42.6%,Misc / Title-Inferred DP,Low-confidence title heuristic,unknown / problem-specific state,problem-specific recurrence,depends on state DAG,varies,unknown from title alone,unknown from title alone,top-down for discovery; bottom-up if regular table,memoization; table compression if possible,non-representative / later refinement,heuristic-low,Classification inferred from title only; refine when expanding family.
2378,Choose Edges to Maximize Score in a Tree,Medium,56.7%,Tree DP,Postorder tree DP,dfs(node) returns one or more states,combine child states at parent,postorder DFS,O(children states),O(n * state_count^2 typical),O(h) recursion plus state storage,recursive postorder,tuple states; rerooting if all-nodes answers,non-representative / later refinement,heuristic-high,Tree edges define dependency DAG from children to parent or reroot passes.
2380,Time Needed to Rearrange a Binary String,Medium,53.0%,Misc / Title-Inferred DP,Low-confidence title heuristic,unknown / problem-specific state,problem-specific recurrence,depends on state DAG,varies,unknown from title alone,unknown from title alone,top-down for discovery; bottom-up if regular table,memoization; table compression if possible,non-representative / later refinement,heuristic-low,Classification inferred from title only; refine when expanding family.
2393,Count Strictly Increasing Subarrays,Medium,71.0%,Misc / Title-Inferred DP,Low-confidence title heuristic,unknown / problem-specific state,problem-specific recurrence,depends on state DAG,varies,unknown from title alone,unknown from title alone,top-down for discovery; bottom-up if regular table,memoization; table compression if possible,non-representative / later refinement,heuristic-low,Classification inferred from title only; refine when expanding family.
2400,Number of Ways to Reach a Position After Exactly k Steps,Medium,36.9%,Misc / Title-Inferred DP,Low-confidence title heuristic,unknown / problem-specific state,problem-specific recurrence,depends on state DAG,varies,unknown from title alone,unknown from title alone,top-down for discovery; bottom-up if regular table,memoization; table compression if possible,non-representative / later refinement,heuristic-low,Classification inferred from title only; refine when expanding family.
2403,Minimum Time to Kill All Monsters,Hard,57.5%,Misc / Title-Inferred DP,Low-confidence title heuristic,unknown / problem-specific state,problem-specific recurrence,depends on state DAG,varies,unknown from title alone,unknown from title alone,top-down for discovery; bottom-up if regular table,memoization; table compression if possible,non-representative / later refinement,heuristic-low,Classification inferred from title only; refine when expanding family.
2407,Longest Increasing Subsequence II,Hard,26.3%,LIS / Sequence Optimization,Ordered subsequence / chain DP,dp[i] = best chain ending at i or tails[length],choose previous compatible item; or binary-search tails,sorted/index order,O(n) or O(log n),O(n^2) or O(n log n),O(n),bottom-up,patience sorting; parent reconstruction; sort key discipline,representative,manual-high,Compatibility relation defines previous choices; sort order is often the real trick.
2420,Find All Good Indices,Medium,40.9%,Misc / Title-Inferred DP,Low-confidence title heuristic,unknown / problem-specific state,problem-specific recurrence,depends on state DAG,varies,unknown from title alone,unknown from title alone,top-down for discovery; bottom-up if regular table,memoization; table compression if possible,non-representative / later refinement,heuristic-low,Classification inferred from title only; refine when expanding family.
2430,Maximum Deletions on a String,Hard,35.9%,Misc / Title-Inferred DP,Low-confidence title heuristic,unknown / problem-specific state,problem-specific recurrence,depends on state DAG,varies,unknown from title alone,unknown from title alone,top-down for discovery; bottom-up if regular table,memoization; table compression if possible,non-representative / later refinement,heuristic-low,Classification inferred from title only; refine when expanding family.
2431,Maximize Total Tastiness of Purchased Fruits,Medium,64.6%,Misc / Title-Inferred DP,Low-confidence title heuristic,unknown / problem-specific state,problem-specific recurrence,depends on state DAG,varies,unknown from title alone,unknown from title alone,top-down for discovery; bottom-up if regular table,memoization; table compression if possible,non-representative / later refinement,heuristic-low,Classification inferred from title only; refine when expanding family.
2435,Paths in Matrix Whose Sum Is Divisible by K,Hard,58.8%,Grid DP,Row/column path or shape DP,dp[r][c] or dp[step][r][c],combine from neighboring cells / directions,"row-major, reverse, or BFS-like layers",O(neighbor count),O(mn*state),O(n*state) if rolling,bottom-up or memo DFS,rolling rows; prefix sums; direction arrays,non-representative / later refinement,heuristic-high,Grid topology gives natural DAG if moves are acyclic; cyclic movement may require graph shortest path/BFS.
2436,Minimum Split Into Subarrays With GCD Greater Than One,Medium,70.2%,Misc / Title-Inferred DP,Low-confidence title heuristic,unknown / problem-specific state,problem-specific recurrence,depends on state DAG,varies,unknown from title alone,unknown from title alone,top-down for discovery; bottom-up if regular table,memoization; table compression if possible,non-representative / later refinement,heuristic-low,Classification inferred from title only; refine when expanding family.
2439,Minimize Maximum of Array,Medium,46.5%,Misc / Title-Inferred DP,Low-confidence title heuristic,unknown / problem-specific state,problem-specific recurrence,depends on state DAG,varies,unknown from title alone,unknown from title alone,top-down for discovery; bottom-up if regular table,memoization; table compression if possible,non-representative / later refinement,heuristic-low,Classification inferred from title only; refine when expanding family.
2463,Minimum Total Distance Traveled,Hard,63.2%,Misc / Title-Inferred DP,Low-confidence title heuristic,unknown / problem-specific state,problem-specific recurrence,depends on state DAG,varies,unknown from title alone,unknown from title alone,top-down for discovery; bottom-up if regular table,memoization; table compression if possible,non-representative / later refinement,heuristic-low,Classification inferred from title only; refine when expanding family.
2464,Minimum Subarrays in a Valid Split,Medium,64.7%,Misc / Title-Inferred DP,Low-confidence title heuristic,unknown / problem-specific state,problem-specific recurrence,depends on state DAG,varies,unknown from title alone,unknown from title alone,top-down for discovery; bottom-up if regular table,memoization; table compression if possible,non-representative / later refinement,heuristic-low,Classification inferred from title only; refine when expanding family.
2466,Count Ways To Build Good Strings,Medium,58.9%,Digit DP,Digit tight-state DP,dp[pos][tight][started][extra_state],choose next digit respecting tight bound,left-to-right over digits,O(10 * extra_state),O(num_digits * states * 10),O(states),top-down memo usually,tight flag; leading-zero handling,representative,manual-high,Carefully separate started/leading zeros and tight/non-tight states.
2472,Maximum Number of Non-overlapping Palindrome Substrings,Hard,44.7%,Palindrome / Substring DP,Palindrome substring center/table DP,dp[l][r] boolean or radius around center,chars match and inner substring valid,increasing length or center expansion,O(1),O(n^2),O(n^2)/O(1),bottom-up or center expansion,center expansion; boolean table,representative,manual-high,Substring means contiguous; do not confuse with subsequence.
2478,Number of Beautiful Partitions,Hard,33.0%,Misc / Title-Inferred DP,Low-confidence title heuristic,unknown / problem-specific state,problem-specific recurrence,depends on state DAG,varies,unknown from title alone,unknown from title alone,top-down for discovery; bottom-up if regular table,memoization; table compression if possible,non-representative / later refinement,heuristic-low,Classification inferred from title only; refine when expanding family.
2484,Count Palindromic Subsequences,Hard,41.2%,Palindrome / Subsequence DP,Palindrome subsequence interval DP,dp[l][r],if ends match use inner; else drop one end,increasing interval length,O(1),O(n^2),O(n^2),bottom-up by length,rolling diagonals sometimes,representative,manual-high,Subsequence interval DP; not center expansion.
2495,Number of Subarrays Having Even Product,Medium,63.2%,Counting Combinatorics DP,Sequence/counting with category state,dp[i][state],append element satisfying category rules,increasing i,varies,varies,varies,bottom-up,compressed automaton states,non-representative / later refinement,heuristic-medium,Need statement to refine.
2501,Longest Square Streak in an Array,Medium,53.1%,Misc / Title-Inferred DP,Low-confidence title heuristic,unknown / problem-specific state,problem-specific recurrence,depends on state DAG,varies,unknown from title alone,unknown from title alone,top-down for discovery; bottom-up if regular table,memoization; table compression if possible,non-representative / later refinement,heuristic-low,Classification inferred from title only; refine when expanding family.
2510,Check if There is a Path With Equal Number of 0's And 1's,Medium,52.0%,Bitmask DP,Subset/mask DP,dp[mask][extra],add/remove one element or transition bitmask,increasing mask/popcount,O(n) choices,O(n*2^n) typical,O(2^n),top-down or bottom-up,bit operations; precomputed compatibility,non-representative / later refinement,heuristic-high,Mask is likely from subset constraints or bitwise states.
2518,Number of Great Partitions,Hard,33.6%,Misc / Title-Inferred DP,Low-confidence title heuristic,unknown / problem-specific state,problem-specific recurrence,depends on state DAG,varies,unknown from title alone,unknown from title alone,top-down for discovery; bottom-up if regular table,memoization; table compression if possible,non-representative / later refinement,heuristic-low,Classification inferred from title only; refine when expanding family.
2522,Partition String Into Substrings With Values at Most K,Medium,47.7%,Tree DP,Postorder tree DP,dfs(node) returns one or more states,combine child states at parent,postorder DFS,O(children states),O(n * state_count^2 typical),O(h) recursion plus state storage,recursive postorder,tuple states; rerooting if all-nodes answers,non-representative / later refinement,heuristic-high,Tree edges define dependency DAG from children to parent or reroot passes.
2533,Number of Good Binary Strings,Medium,52.9%,Misc / Title-Inferred DP,Low-confidence title heuristic,unknown / problem-specific state,problem-specific recurrence,depends on state DAG,varies,unknown from title alone,unknown from title alone,top-down for discovery; bottom-up if regular table,memoization; table compression if possible,non-representative / later refinement,heuristic-low,Classification inferred from title only; refine when expanding family.
2538,Difference Between Maximum and Minimum Price Sum,Hard,33.5%,Bitmask DP,Subset/mask DP,dp[mask][extra],add/remove one element or transition bitmask,increasing mask/popcount,O(n) choices,O(n*2^n) typical,O(2^n),top-down or bottom-up,bit operations; precomputed compatibility,non-representative / later refinement,heuristic-high,Mask is likely from subset constraints or bitwise states.
2547,Minimum Cost to Split an Array,Hard,44.5%,Misc / Title-Inferred DP,Low-confidence title heuristic,unknown / problem-specific state,problem-specific recurrence,depends on state DAG,varies,unknown from title alone,unknown from title alone,top-down for discovery; bottom-up if regular table,memoization; table compression if possible,non-representative / later refinement,heuristic-low,Classification inferred from title only; refine when expanding family.
2552,Count Increasing Quadruplets,Hard,34.5%,Misc / Title-Inferred DP,Low-confidence title heuristic,unknown / problem-specific state,problem-specific recurrence,depends on state DAG,varies,unknown from title alone,unknown from title alone,top-down for discovery; bottom-up if regular table,memoization; table compression if possible,non-representative / later refinement,heuristic-low,Classification inferred from title only; refine when expanding family.
2556,Disconnect Path in a Binary Matrix by at Most One Flip,Medium,27.9%,Grid DP,Row/column path or shape DP,dp[r][c] or dp[step][r][c],combine from neighboring cells / directions,"row-major, reverse, or BFS-like layers",O(neighbor count),O(mn*state),O(n*state) if rolling,bottom-up or memo DFS,rolling rows; prefix sums; direction arrays,non-representative / later refinement,heuristic-high,Grid topology gives natural DAG if moves are acyclic; cyclic movement may require graph shortest path/BFS.
2560,House Robber IV,Medium,64.7%,House Robber / Weighted Independent Set,Path MWIS / take-skip prefix,dp[i] = best answer on nums[:i],skip current vs take current + dp[i-2],increasing i,O(1),O(n),O(1),bottom-up,rolling two variables,representative,manual-high,Canonical take-or-skip DP on a path graph.
2571,Minimum Operations to Reduce an Integer to 0,Medium,62.2%,Misc / Title-Inferred DP,Low-confidence title heuristic,unknown / problem-specific state,problem-specific recurrence,depends on state DAG,varies,unknown from title alone,unknown from title alone,top-down for discovery; bottom-up if regular table,memoization; table compression if possible,non-representative / later refinement,heuristic-low,Classification inferred from title only; refine when expanding family.
2572,Count the Number of Square-Free Subsets,Medium,26.6%,Bitmask DP,Subset/mask DP,dp[mask][extra],add/remove one element or transition bitmask,increasing mask/popcount,O(n) choices,O(n*2^n) typical,O(2^n),top-down or bottom-up,bit operations; precomputed compatibility,non-representative / later refinement,heuristic-high,Mask is likely from subset constraints or bitwise states.
2573,Find the String with LCP,Hard,63.2%,Misc / Title-Inferred DP,Low-confidence title heuristic,unknown / problem-specific state,problem-specific recurrence,depends on state DAG,varies,unknown from title alone,unknown from title alone,top-down for discovery; bottom-up if regular table,memoization; table compression if possible,non-representative / later refinement,heuristic-low,Classification inferred from title only; refine when expanding family.
2581,Count Number of Possible Root Nodes,Hard,48.2%,Misc / Title-Inferred DP,Low-confidence title heuristic,unknown / problem-specific state,problem-specific recurrence,depends on state DAG,varies,unknown from title alone,unknown from title alone,top-down for discovery; bottom-up if regular table,memoization; table compression if possible,non-representative / later refinement,heuristic-low,Classification inferred from title only; refine when expanding family.
2585,Number of Ways to Earn Points,Hard,59.8%,Misc / Title-Inferred DP,Low-confidence title heuristic,unknown / problem-specific state,problem-specific recurrence,depends on state DAG,varies,unknown from title alone,unknown from title alone,top-down for discovery; bottom-up if regular table,memoization; table compression if possible,non-representative / later refinement,heuristic-low,Classification inferred from title only; refine when expanding family.
2597,The Number of Beautiful Subsets,Medium,50.9%,Bitmask DP,Subset/mask DP,dp[mask][extra],add/remove one element or transition bitmask,increasing mask/popcount,O(n) choices,O(n*2^n) typical,O(2^n),top-down or bottom-up,bit operations; precomputed compatibility,non-representative / later refinement,heuristic-high,Mask is likely from subset constraints or bitwise states.
2606,Find the Substring With Maximum Cost,Medium,57.9%,Tree DP,Postorder tree DP,dfs(node) returns one or more states,combine child states at parent,postorder DFS,O(children states),O(n * state_count^2 typical),O(h) recursion plus state storage,recursive postorder,tuple states; rerooting if all-nodes answers,non-representative / later refinement,heuristic-high,Tree edges define dependency DAG from children to parent or reroot passes.
2616,Minimize the Maximum Difference of Pairs,Medium,51.0%,Misc / Title-Inferred DP,Low-confidence title heuristic,unknown / problem-specific state,problem-specific recurrence,depends on state DAG,varies,unknown from title alone,unknown from title alone,top-down for discovery; bottom-up if regular table,memoization; table compression if possible,non-representative / later refinement,heuristic-low,Classification inferred from title only; refine when expanding family.
2617,Minimum Number of Visited Cells in a Grid,Hard,23.9%,Grid DP,Row/column path or shape DP,dp[r][c] or dp[step][r][c],combine from neighboring cells / directions,"row-major, reverse, or BFS-like layers",O(neighbor count),O(mn*state),O(n*state) if rolling,bottom-up or memo DFS,rolling rows; prefix sums; direction arrays,non-representative / later refinement,heuristic-high,Grid topology gives natural DAG if moves are acyclic; cyclic movement may require graph shortest path/BFS.
2638,Count the Number of K-Free Subsets,Medium,47.3%,Bitmask DP,Subset/mask DP,dp[mask][extra],add/remove one element or transition bitmask,increasing mask/popcount,O(n) choices,O(n*2^n) typical,O(2^n),top-down or bottom-up,bit operations; precomputed compatibility,non-representative / later refinement,heuristic-high,Mask is likely from subset constraints or bitwise states.
2645,Minimum Additions to Make Valid String,Medium,51.0%,Misc / Title-Inferred DP,Low-confidence title heuristic,unknown / problem-specific state,problem-specific recurrence,depends on state DAG,varies,unknown from title alone,unknown from title alone,top-down for discovery; bottom-up if regular table,memoization; table compression if possible,non-representative / later refinement,heuristic-low,Classification inferred from title only; refine when expanding family.
2646,Minimize the Total Price of the Trips,Hard,48.2%,Misc / Title-Inferred DP,Low-confidence title heuristic,unknown / problem-specific state,problem-specific recurrence,depends on state DAG,varies,unknown from title alone,unknown from title alone,top-down for discovery; bottom-up if regular table,memoization; table compression if possible,non-representative / later refinement,heuristic-low,Classification inferred from title only; refine when expanding family.
2673,Make Costs of Paths Equal in a Binary Tree,Medium,58.4%,Tree DP,Postorder tree DP,dfs(node) returns one or more states,combine child states at parent,postorder DFS,O(children states),O(n * state_count^2 typical),O(h) recursion plus state storage,recursive postorder,tuple states; rerooting if all-nodes answers,non-representative / later refinement,heuristic-high,Tree edges define dependency DAG from children to parent or reroot passes.
2681,Power of Heroes,Hard,31.6%,Misc / Title-Inferred DP,Low-confidence title heuristic,unknown / problem-specific state,problem-specific recurrence,depends on state DAG,varies,unknown from title alone,unknown from title alone,top-down for discovery; bottom-up if regular table,memoization; table compression if possible,non-representative / later refinement,heuristic-low,Classification inferred from title only; refine when expanding family.
2684,Maximum Number of Moves in a Grid,Medium,58.8%,Grid DP,Row/column path or shape DP,dp[r][c] or dp[step][r][c],combine from neighboring cells / directions,"row-major, reverse, or BFS-like layers",O(neighbor count),O(mn*state),O(n*state) if rolling,bottom-up or memo DFS,rolling rows; prefix sums; direction arrays,non-representative / later refinement,heuristic-high,Grid topology gives natural DAG if moves are acyclic; cyclic movement may require graph shortest path/BFS.
2707,Extra Characters in a String,Medium,57.4%,Misc / Title-Inferred DP,Low-confidence title heuristic,unknown / problem-specific state,problem-specific recurrence,depends on state DAG,varies,unknown from title alone,unknown from title alone,top-down for discovery; bottom-up if regular table,memoization; table compression if possible,non-representative / later refinement,heuristic-low,Classification inferred from title only; refine when expanding family.
2708,Maximum Strength of a Group,Medium,25.7%,Misc / Title-Inferred DP,Low-confidence title heuristic,unknown / problem-specific state,problem-specific recurrence,depends on state DAG,varies,unknown from title alone,unknown from title alone,top-down for discovery; bottom-up if regular table,memoization; table compression if possible,non-representative / later refinement,heuristic-low,Classification inferred from title only; refine when expanding family.
2712,Minimum Cost to Make All Characters Equal,Medium,54.3%,Misc / Title-Inferred DP,Low-confidence title heuristic,unknown / problem-specific state,problem-specific recurrence,depends on state DAG,varies,unknown from title alone,unknown from title alone,top-down for discovery; bottom-up if regular table,memoization; table compression if possible,non-representative / later refinement,heuristic-low,Classification inferred from title only; refine when expanding family.
2713,Maximum Strictly Increasing Cells in a Matrix,Hard,31.4%,Grid DP,Row/column path or shape DP,dp[r][c] or dp[step][r][c],combine from neighboring cells / directions,"row-major, reverse, or BFS-like layers",O(neighbor count),O(mn*state),O(n*state) if rolling,bottom-up or memo DFS,rolling rows; prefix sums; direction arrays,non-representative / later refinement,heuristic-high,Grid topology gives natural DAG if moves are acyclic; cyclic movement may require graph shortest path/BFS.
2719,Count of Integers,Hard,38.5%,Misc / Title-Inferred DP,Low-confidence title heuristic,unknown / problem-specific state,problem-specific recurrence,depends on state DAG,varies,unknown from title alone,unknown from title alone,top-down for discovery; bottom-up if regular table,memoization; table compression if possible,non-representative / later refinement,heuristic-low,Classification inferred from title only; refine when expanding family.
2741,Special Permutations,Medium,29.6%,Misc / Title-Inferred DP,Low-confidence title heuristic,unknown / problem-specific state,problem-specific recurrence,depends on state DAG,varies,unknown from title alone,unknown from title alone,top-down for discovery; bottom-up if regular table,memoization; table compression if possible,non-representative / later refinement,heuristic-low,Classification inferred from title only; refine when expanding family.
2742,Painting the Walls,Hard,49.0%,Misc / Title-Inferred DP,Low-confidence title heuristic,unknown / problem-specific state,problem-specific recurrence,depends on state DAG,varies,unknown from title alone,unknown from title alone,top-down for discovery; bottom-up if regular table,memoization; table compression if possible,non-representative / later refinement,heuristic-low,Classification inferred from title only; refine when expanding family.
2745,Construct the Longest New String,Medium,54.8%,Misc / Title-Inferred DP,Low-confidence title heuristic,unknown / problem-specific state,problem-specific recurrence,depends on state DAG,varies,unknown from title alone,unknown from title alone,top-down for discovery; bottom-up if regular table,memoization; table compression if possible,non-representative / later refinement,heuristic-low,Classification inferred from title only; refine when expanding family.
2746,Decremental String Concatenation,Medium,27.7%,Misc / Title-Inferred DP,Low-confidence title heuristic,unknown / problem-specific state,problem-specific recurrence,depends on state DAG,varies,unknown from title alone,unknown from title alone,top-down for discovery; bottom-up if regular table,memoization; table compression if possible,non-representative / later refinement,heuristic-low,Classification inferred from title only; refine when expanding family.
2750,Ways to Split Array Into Good Subarrays,Medium,35.0%,Partition DP,Prefix partition / cut DP,dp[i] or dp[i][k] over first i items/characters,choose previous cut j and combine segment cost,"increasing i, sometimes increasing k",O(n) cut choices,O(n^2) or O(kn^2),O(nk),bottom-up or memo,prefix sums; precomputed segment costs; monotonic optimizations if valid,non-representative / later refinement,heuristic-high,The recurrence is usually min/max over previous cut position.
2767,Partition String Into Minimum Beautiful Substrings,Medium,54.1%,Tree DP,Postorder tree DP,dfs(node) returns one or more states,combine child states at parent,postorder DFS,O(children states),O(n * state_count^2 typical),O(h) recursion plus state storage,recursive postorder,tuple states; rerooting if all-nodes answers,non-representative / later refinement,heuristic-high,Tree edges define dependency DAG from children to parent or reroot passes.
2770,Maximum Number of Jumps to Reach the Last Index,Medium,50.6%,Misc / Title-Inferred DP,Low-confidence title heuristic,unknown / problem-specific state,problem-specific recurrence,depends on state DAG,varies,unknown from title alone,unknown from title alone,top-down for discovery; bottom-up if regular table,memoization; table compression if possible,non-representative / later refinement,heuristic-low,Classification inferred from title only; refine when expanding family.
2771,Longest Non-decreasing Subarray From Two Arrays,Medium,31.2%,Subsequence DP,Run/sequence local-global DP,dp[i] with last relation or previous choice,extend compatible previous state or restart,increasing i,O(1) to O(n),O(n) to O(n^2),O(1)/O(n),bottom-up,rolling local state; maps if relation-dependent,non-representative / later refinement,heuristic-medium,General sequence DP; refine per statement.
2786,Visit Array Positions to Maximize Score,Medium,37.6%,Bitmask DP,Subset/mask DP,dp[mask][extra],add/remove one element or transition bitmask,increasing mask/popcount,O(n) choices,O(n*2^n) typical,O(2^n),top-down or bottom-up,bit operations; precomputed compatibility,non-representative / later refinement,heuristic-high,Mask is likely from subset constraints or bitwise states.
2787,Ways to Express an Integer as Sum of Powers,Medium,49.8%,Misc / Title-Inferred DP,Low-confidence title heuristic,unknown / problem-specific state,problem-specific recurrence,depends on state DAG,varies,unknown from title alone,unknown from title alone,top-down for discovery; bottom-up if regular table,memoization; table compression if possible,non-representative / later refinement,heuristic-low,Classification inferred from title only; refine when expanding family.
2801,Count Stepping Numbers in Range,Hard,28.3%,Misc / Title-Inferred DP,Low-confidence title heuristic,unknown / problem-specific state,problem-specific recurrence,depends on state DAG,varies,unknown from title alone,unknown from title alone,top-down for discovery; bottom-up if regular table,memoization; table compression if possible,non-representative / later refinement,heuristic-low,Classification inferred from title only; refine when expanding family.
2809,Minimum Time to Make Array Sum At Most x,Hard,27.4%,Misc / Title-Inferred DP,Low-confidence title heuristic,unknown / problem-specific state,problem-specific recurrence,depends on state DAG,varies,unknown from title alone,unknown from title alone,top-down for discovery; bottom-up if regular table,memoization; table compression if possible,non-representative / later refinement,heuristic-low,Classification inferred from title only; refine when expanding family.
2811,Check if it is Possible to Split Array,Medium,34.5%,Partition DP,Prefix partition / cut DP,dp[i] or dp[i][k] over first i items/characters,choose previous cut j and combine segment cost,"increasing i, sometimes increasing k",O(n) cut choices,O(n^2) or O(kn^2),O(nk),bottom-up or memo,prefix sums; precomputed segment costs; monotonic optimizations if valid,non-representative / later refinement,heuristic-high,The recurrence is usually min/max over previous cut position.
2826,Sorting Three Groups,Medium,43.0%,Bitmask DP,Subset/mask DP,dp[mask][extra],add/remove one element or transition bitmask,increasing mask/popcount,O(n) choices,O(n*2^n) typical,O(2^n),top-down or bottom-up,bit operations; precomputed compatibility,non-representative / later refinement,heuristic-high,Mask is likely from subset constraints or bitwise states.
2827,Number of Beautiful Integers in the Range,Hard,22.2%,Misc / Title-Inferred DP,Low-confidence title heuristic,unknown / problem-specific state,problem-specific recurrence,depends on state DAG,varies,unknown from title alone,unknown from title alone,top-down for discovery; bottom-up if regular table,memoization; table compression if possible,non-representative / later refinement,heuristic-low,Classification inferred from title only; refine when expanding family.
2830,Maximize the Profit as the Salesman,Medium,38.3%,Misc / Title-Inferred DP,Low-confidence title heuristic,unknown / problem-specific state,problem-specific recurrence,depends on state DAG,varies,unknown from title alone,unknown from title alone,top-down for discovery; bottom-up if regular table,memoization; table compression if possible,non-representative / later refinement,heuristic-low,Classification inferred from title only; refine when expanding family.
2836,Maximize Value of Function in a Ball Passing Game,Hard,30.9%,Misc / Title-Inferred DP,Low-confidence title heuristic,unknown / problem-specific state,problem-specific recurrence,depends on state DAG,varies,unknown from title alone,unknown from title alone,top-down for discovery; bottom-up if regular table,memoization; table compression if possible,non-representative / later refinement,heuristic-low,Classification inferred from title only; refine when expanding family.
2846,Minimum Edge Weight Equilibrium Queries in a Tree,Hard,45.8%,Tree DP,Postorder tree DP,dfs(node) returns one or more states,combine child states at parent,postorder DFS,O(children states),O(n * state_count^2 typical),O(h) recursion plus state storage,recursive postorder,tuple states; rerooting if all-nodes answers,non-representative / later refinement,heuristic-high,Tree edges define dependency DAG from children to parent or reroot passes.
2850,Minimum Moves to Spread Stones Over Grid,Medium,45.6%,Grid DP,Row/column path or shape DP,dp[r][c] or dp[step][r][c],combine from neighboring cells / directions,"row-major, reverse, or BFS-like layers",O(neighbor count),O(mn*state),O(n*state) if rolling,bottom-up or memo DFS,rolling rows; prefix sums; direction arrays,non-representative / later refinement,heuristic-high,Grid topology gives natural DAG if moves are acyclic; cyclic movement may require graph shortest path/BFS.
2851,String Transformation,Hard,27.1%,Bitmask DP,Subset/mask DP,dp[mask][extra],add/remove one element or transition bitmask,increasing mask/popcount,O(n) choices,O(n*2^n) typical,O(2^n),top-down or bottom-up,bit operations; precomputed compatibility,non-representative / later refinement,heuristic-high,Mask is likely from subset constraints or bitwise states.
2858,Minimum Edge Reversals So Every Node Is Reachable,Hard,59.4%,Misc / Title-Inferred DP,Low-confidence title heuristic,unknown / problem-specific state,problem-specific recurrence,depends on state DAG,varies,unknown from title alone,unknown from title alone,top-down for discovery; bottom-up if regular table,memoization; table compression if possible,non-representative / later refinement,heuristic-low,Classification inferred from title only; refine when expanding family.
2867,Count Valid Paths in a Tree,Hard,36.2%,Tree DP,Postorder tree DP,dfs(node) returns one or more states,combine child states at parent,postorder DFS,O(children states),O(n * state_count^2 typical),O(h) recursion plus state storage,recursive postorder,tuple states; rerooting if all-nodes answers,non-representative / later refinement,heuristic-high,Tree edges define dependency DAG from children to parent or reroot passes.
2876,Count Visited Nodes in a Directed Graph,Hard,30.8%,Misc / Title-Inferred DP,Low-confidence title heuristic,unknown / problem-specific state,problem-specific recurrence,depends on state DAG,varies,unknown from title alone,unknown from title alone,top-down for discovery; bottom-up if regular table,memoization; table compression if possible,non-representative / later refinement,heuristic-low,Classification inferred from title only; refine when expanding family.
2892,Minimizing Array After Replacing Pairs With Their Product,Medium,40.7%,Counting Combinatorics DP,Sequence/counting with category state,dp[i][state],append element satisfying category rules,increasing i,varies,varies,varies,bottom-up,compressed automaton states,non-representative / later refinement,heuristic-medium,Need statement to refine.
2896,Apply Operations to Make Two Strings Equal,Medium,27.7%,Misc / Title-Inferred DP,Low-confidence title heuristic,unknown / problem-specific state,problem-specific recurrence,depends on state DAG,varies,unknown from title alone,unknown from title alone,top-down for discovery; bottom-up if regular table,memoization; table compression if possible,non-representative / later refinement,heuristic-low,Classification inferred from title only; refine when expanding family.
2900,Longest Unequal Adjacent Groups Subsequence I,Easy,67.0%,Misc / Title-Inferred DP,Low-confidence title heuristic,unknown / problem-specific state,problem-specific recurrence,depends on state DAG,varies,unknown from title alone,unknown from title alone,top-down for discovery; bottom-up if regular table,memoization; table compression if possible,non-representative / later refinement,heuristic-low,Classification inferred from title only; refine when expanding family.
2901,Longest Unequal Adjacent Groups Subsequence II,Medium,51.4%,Misc / Title-Inferred DP,Low-confidence title heuristic,unknown / problem-specific state,problem-specific recurrence,depends on state DAG,varies,unknown from title alone,unknown from title alone,top-down for discovery; bottom-up if regular table,memoization; table compression if possible,non-representative / later refinement,heuristic-low,Classification inferred from title only; refine when expanding family.
2902,Count of Sub-Multisets With Bounded Sum,Hard,22.3%,Misc / Title-Inferred DP,Low-confidence title heuristic,unknown / problem-specific state,problem-specific recurrence,depends on state DAG,varies,unknown from title alone,unknown from title alone,top-down for discovery; bottom-up if regular table,memoization; table compression if possible,non-representative / later refinement,heuristic-low,Classification inferred from title only; refine when expanding family.
2911,Minimum Changes to Make K Semi-palindromes,Hard,36.1%,Palindrome / Substring DP,Palindrome partition/check DP,dp[i] plus palindrome table or dp[l][r],cut at valid palindrome boundary,increasing end index / length,O(n),O(n^2),O(n^2),bottom-up,precompute palindrome table,representative,manual-high,Often composes palindrome table + partition DP.
2912,Number of Ways to Reach Destination in the Grid,Hard,57.8%,Grid DP,Row/column path or shape DP,dp[r][c] or dp[step][r][c],combine from neighboring cells / directions,"row-major, reverse, or BFS-like layers",O(neighbor count),O(mn*state),O(n*state) if rolling,bottom-up or memo DFS,rolling rows; prefix sums; direction arrays,non-representative / later refinement,heuristic-high,Grid topology gives natural DAG if moves are acyclic; cyclic movement may require graph shortest path/BFS.
2915,Length of the Longest Subsequence That Sums to Target,Medium,39.7%,Misc / Title-Inferred DP,Low-confidence title heuristic,unknown / problem-specific state,problem-specific recurrence,depends on state DAG,varies,unknown from title alone,unknown from title alone,top-down for discovery; bottom-up if regular table,memoization; table compression if possible,non-representative / later refinement,heuristic-low,Classification inferred from title only; refine when expanding family.
2916,Subarrays Distinct Element Sum of Squares II,Hard,23.1%,Misc / Title-Inferred DP,Low-confidence title heuristic,unknown / problem-specific state,problem-specific recurrence,depends on state DAG,varies,unknown from title alone,unknown from title alone,top-down for discovery; bottom-up if regular table,memoization; table compression if possible,non-representative / later refinement,heuristic-low,Classification inferred from title only; refine when expanding family.
2919,Minimum Increment Operations to Make Array Beautiful,Medium,34.8%,Misc / Title-Inferred DP,Low-confidence title heuristic,unknown / problem-specific state,problem-specific recurrence,depends on state DAG,varies,unknown from title alone,unknown from title alone,top-down for discovery; bottom-up if regular table,memoization; table compression if possible,non-representative / later refinement,heuristic-low,Classification inferred from title only; refine when expanding family.
2920,Maximum Points After Collecting Coins From All Nodes,Hard,36.5%,Misc / Title-Inferred DP,Low-confidence title heuristic,unknown / problem-specific state,problem-specific recurrence,depends on state DAG,varies,unknown from title alone,unknown from title alone,top-down for discovery; bottom-up if regular table,memoization; table compression if possible,non-representative / later refinement,heuristic-low,Classification inferred from title only; refine when expanding family.
2925,Maximum Score After Applying Operations on a Tree,Medium,47.2%,Tree DP,Postorder tree DP,dfs(node) returns one or more states,combine child states at parent,postorder DFS,O(children states),O(n * state_count^2 typical),O(h) recursion plus state storage,recursive postorder,tuple states; rerooting if all-nodes answers,non-representative / later refinement,heuristic-high,Tree edges define dependency DAG from children to parent or reroot passes.
2926,Maximum Balanced Subsequence Sum,Hard,26.0%,Misc / Title-Inferred DP,Low-confidence title heuristic,unknown / problem-specific state,problem-specific recurrence,depends on state DAG,varies,unknown from title alone,unknown from title alone,top-down for discovery; bottom-up if regular table,memoization; table compression if possible,non-representative / later refinement,heuristic-low,Classification inferred from title only; refine when expanding family.
2930,Number of Strings Which Can Be Rearranged to Contain Substring,Medium,56.9%,Tree DP,Postorder tree DP,dfs(node) returns one or more states,combine child states at parent,postorder DFS,O(children states),O(n * state_count^2 typical),O(h) recursion plus state storage,recursive postorder,tuple states; rerooting if all-nodes answers,non-representative / later refinement,heuristic-high,Tree edges define dependency DAG from children to parent or reroot passes.
2944,Minimum Number of Coins for Fruits,Medium,49.1%,Bitmask DP,Subset/mask DP,dp[mask][extra],add/remove one element or transition bitmask,increasing mask/popcount,O(n) choices,O(n*2^n) typical,O(2^n),top-down or bottom-up,bit operations; precomputed compatibility,non-representative / later refinement,heuristic-high,Mask is likely from subset constraints or bitwise states.
2945,Find Maximum Non-decreasing Array Length,Hard,18.8%,Misc / Title-Inferred DP,Low-confidence title heuristic,unknown / problem-specific state,problem-specific recurrence,depends on state DAG,varies,unknown from title alone,unknown from title alone,top-down for discovery; bottom-up if regular table,memoization; table compression if possible,non-representative / later refinement,heuristic-low,Classification inferred from title only; refine when expanding family.
2957,Remove Adjacent Almost-Equal Characters,Medium,53.7%,Misc / Title-Inferred DP,Low-confidence title heuristic,unknown / problem-specific state,problem-specific recurrence,depends on state DAG,varies,unknown from title alone,unknown from title alone,top-down for discovery; bottom-up if regular table,memoization; table compression if possible,non-representative / later refinement,heuristic-low,Classification inferred from title only; refine when expanding family.
2969,Minimum Number of Coins for Fruits II,Hard,47.5%,Bitmask DP,Subset/mask DP,dp[mask][extra],add/remove one element or transition bitmask,increasing mask/popcount,O(n) choices,O(n*2^n) typical,O(2^n),top-down or bottom-up,bit operations; precomputed compatibility,non-representative / later refinement,heuristic-high,Mask is likely from subset constraints or bitwise states.
2973,Find Number of Coins to Place in Tree Nodes,Hard,37.5%,Tree DP,Postorder tree DP,dfs(node) returns one or more states,combine child states at parent,postorder DFS,O(children states),O(n * state_count^2 typical),O(h) recursion plus state storage,recursive postorder,tuple states; rerooting if all-nodes answers,non-representative / later refinement,heuristic-high,Tree edges define dependency DAG from children to parent or reroot passes.
2977,Minimum Cost to Convert String II,Hard,59.6%,Misc / Title-Inferred DP,Low-confidence title heuristic,unknown / problem-specific state,problem-specific recurrence,depends on state DAG,varies,unknown from title alone,unknown from title alone,top-down for discovery; bottom-up if regular table,memoization; table compression if possible,non-representative / later refinement,heuristic-low,Classification inferred from title only; refine when expanding family.
2979,Most Expensive Item That Can Not Be Bought,Medium,80.2%,Misc / Title-Inferred DP,Low-confidence title heuristic,unknown / problem-specific state,problem-specific recurrence,depends on state DAG,varies,unknown from title alone,unknown from title alone,top-down for discovery; bottom-up if regular table,memoization; table compression if possible,non-representative / later refinement,heuristic-low,Classification inferred from title only; refine when expanding family.
2992,Number of Self-Divisible Permutations,Medium,71.8%,Misc / Title-Inferred DP,Low-confidence title heuristic,unknown / problem-specific state,problem-specific recurrence,depends on state DAG,varies,unknown from title alone,unknown from title alone,top-down for discovery; bottom-up if regular table,memoization; table compression if possible,non-representative / later refinement,heuristic-low,Classification inferred from title only; refine when expanding family.
2998,Minimum Number of Operations to Make X and Y Equal,Medium,48.7%,Bitmask DP,Subset/mask DP,dp[mask][extra],add/remove one element or transition bitmask,increasing mask/popcount,O(n) choices,O(n*2^n) typical,O(2^n),top-down or bottom-up,bit operations; precomputed compatibility,non-representative / later refinement,heuristic-high,Mask is likely from subset constraints or bitwise states.
2999,Count the Number of Powerful Integers,Hard,46.2%,Misc / Title-Inferred DP,Low-confidence title heuristic,unknown / problem-specific state,problem-specific recurrence,depends on state DAG,varies,unknown from title alone,unknown from title alone,top-down for discovery; bottom-up if regular table,memoization; table compression if possible,non-representative / later refinement,heuristic-low,Classification inferred from title only; refine when expanding family.
3003,Maximize the Number of Partitions After Operations,Hard,53.4%,Misc / Title-Inferred DP,Low-confidence title heuristic,unknown / problem-specific state,problem-specific recurrence,depends on state DAG,varies,unknown from title alone,unknown from title alone,top-down for discovery; bottom-up if regular table,memoization; table compression if possible,non-representative / later refinement,heuristic-low,Classification inferred from title only; refine when expanding family.
3004,Maximum Subtree of the Same Color,Medium,58.7%,Tree DP,Postorder tree DP,dfs(node) returns one or more states,combine child states at parent,postorder DFS,O(children states),O(n * state_count^2 typical),O(h) recursion plus state storage,recursive postorder,tuple states; rerooting if all-nodes answers,non-representative / later refinement,heuristic-high,Tree edges define dependency DAG from children to parent or reroot passes.
3007,Maximum Number That Sum of the Prices Is Less Than or Equal to K,Medium,38.6%,Bitmask DP,Subset/mask DP,dp[mask][extra],add/remove one element or transition bitmask,increasing mask/popcount,O(n) choices,O(n*2^n) typical,O(2^n),top-down or bottom-up,bit operations; precomputed compatibility,non-representative / later refinement,heuristic-high,Mask is likely from subset constraints or bitwise states.
3018,Maximum Number of Removal Queries That Can Be Processed I,Hard,44.8%,Misc / Title-Inferred DP,Low-confidence title heuristic,unknown / problem-specific state,problem-specific recurrence,depends on state DAG,varies,unknown from title alone,unknown from title alone,top-down for discovery; bottom-up if regular table,memoization; table compression if possible,non-representative / later refinement,heuristic-low,Classification inferred from title only; refine when expanding family.
3032,Count Numbers With Unique Digits II,Easy,87.2%,Digit DP,Digit tight-state DP,dp[pos][tight][started][extra_state],choose next digit respecting tight bound,left-to-right over digits,O(10 * extra_state),O(num_digits * states * 10),O(states),top-down memo usually,tight flag; leading-zero handling,representative,manual-high,Carefully separate started/leading zeros and tight/non-tight states.
3040,Maximum Number of Operations With the Same Score II,Medium,34.2%,Bitmask DP,Subset/mask DP,dp[mask][extra],add/remove one element or transition bitmask,increasing mask/popcount,O(n) choices,O(n*2^n) typical,O(2^n),top-down or bottom-up,bit operations; precomputed compatibility,non-representative / later refinement,heuristic-high,Mask is likely from subset constraints or bitwise states.
3041,Maximize Consecutive Elements in an Array After Modification,Hard,33.8%,Misc / Title-Inferred DP,Low-confidence title heuristic,unknown / problem-specific state,problem-specific recurrence,depends on state DAG,varies,unknown from title alone,unknown from title alone,top-down for discovery; bottom-up if regular table,memoization; table compression if possible,non-representative / later refinement,heuristic-low,Classification inferred from title only; refine when expanding family.
3068,Find the Maximum Sum of Node Values,Hard,69.4%,Misc / Title-Inferred DP,Low-confidence title heuristic,unknown / problem-specific state,problem-specific recurrence,depends on state DAG,varies,unknown from title alone,unknown from title alone,top-down for discovery; bottom-up if regular table,memoization; table compression if possible,non-representative / later refinement,heuristic-low,Classification inferred from title only; refine when expanding family.
3077,Maximum Strength of K Disjoint Subarrays,Hard,27.8%,Misc / Title-Inferred DP,Low-confidence title heuristic,unknown / problem-specific state,problem-specific recurrence,depends on state DAG,varies,unknown from title alone,unknown from title alone,top-down for discovery; bottom-up if regular table,memoization; table compression if possible,non-representative / later refinement,heuristic-low,Classification inferred from title only; refine when expanding family.
3082,Find the Sum of the Power of All Subsequences,Hard,38.3%,Misc / Title-Inferred DP,Low-confidence title heuristic,unknown / problem-specific state,problem-specific recurrence,depends on state DAG,varies,unknown from title alone,unknown from title alone,top-down for discovery; bottom-up if regular table,memoization; table compression if possible,non-representative / later refinement,heuristic-low,Classification inferred from title only; refine when expanding family.
3098,Find the Sum of Subsequence Powers,Hard,25.1%,Misc / Title-Inferred DP,Low-confidence title heuristic,unknown / problem-specific state,problem-specific recurrence,depends on state DAG,varies,unknown from title alone,unknown from title alone,top-down for discovery; bottom-up if regular table,memoization; table compression if possible,non-representative / later refinement,heuristic-low,Classification inferred from title only; refine when expanding family.
3117,Minimum Sum of Values by Dividing Array,Hard,28.1%,Misc / Title-Inferred DP,Low-confidence title heuristic,unknown / problem-specific state,problem-specific recurrence,depends on state DAG,varies,unknown from title alone,unknown from title alone,top-down for discovery; bottom-up if regular table,memoization; table compression if possible,non-representative / later refinement,heuristic-low,Classification inferred from title only; refine when expanding family.
3122,Minimum Number of Operations to Satisfy Conditions,Medium,41.9%,Misc / Title-Inferred DP,Low-confidence title heuristic,unknown / problem-specific state,problem-specific recurrence,depends on state DAG,varies,unknown from title alone,unknown from title alone,top-down for discovery; bottom-up if regular table,memoization; table compression if possible,non-representative / later refinement,heuristic-low,Classification inferred from title only; refine when expanding family.
3129,Find All Possible Stable Binary Arrays I,Medium,53.7%,Misc / Title-Inferred DP,Low-confidence title heuristic,unknown / problem-specific state,problem-specific recurrence,depends on state DAG,varies,unknown from title alone,unknown from title alone,top-down for discovery; bottom-up if regular table,memoization; table compression if possible,non-representative / later refinement,heuristic-low,Classification inferred from title only; refine when expanding family.
3130,Find All Possible Stable Binary Arrays II,Hard,58.9%,Misc / Title-Inferred DP,Low-confidence title heuristic,unknown / problem-specific state,problem-specific recurrence,depends on state DAG,varies,unknown from title alone,unknown from title alone,top-down for discovery; bottom-up if regular table,memoization; table compression if possible,non-representative / later refinement,heuristic-low,Classification inferred from title only; refine when expanding family.
3135,Equalize Strings by Adding or Removing Characters at Ends,Medium,56.2%,Bitmask DP,Subset/mask DP,dp[mask][extra],add/remove one element or transition bitmask,increasing mask/popcount,O(n) choices,O(n*2^n) typical,O(2^n),top-down or bottom-up,bit operations; precomputed compatibility,non-representative / later refinement,heuristic-high,Mask is likely from subset constraints or bitwise states.
3144,Minimum Substring Partition of Equal Character Frequency,Medium,40.2%,Tree DP,Postorder tree DP,dfs(node) returns one or more states,combine child states at parent,postorder DFS,O(children states),O(n * state_count^2 typical),O(h) recursion plus state storage,recursive postorder,tuple states; rerooting if all-nodes answers,non-representative / later refinement,heuristic-high,Tree edges define dependency DAG from children to parent or reroot passes.
3147,Taking Maximum Energy From the Mystic Dungeon,Medium,61.0%,Misc / Title-Inferred DP,Low-confidence title heuristic,unknown / problem-specific state,problem-specific recurrence,depends on state DAG,varies,unknown from title alone,unknown from title alone,top-down for discovery; bottom-up if regular table,memoization; table compression if possible,non-representative / later refinement,heuristic-low,Classification inferred from title only; refine when expanding family.
3148,Maximum Difference Score in a Grid,Medium,48.1%,Grid DP,Row/column path or shape DP,dp[r][c] or dp[step][r][c],combine from neighboring cells / directions,"row-major, reverse, or BFS-like layers",O(neighbor count),O(mn*state),O(n*state) if rolling,bottom-up or memo DFS,rolling rows; prefix sums; direction arrays,non-representative / later refinement,heuristic-high,Grid topology gives natural DAG if moves are acyclic; cyclic movement may require graph shortest path/BFS.
3149,Find the Minimum Cost Array Permutation,Hard,25.6%,Misc / Title-Inferred DP,Low-confidence title heuristic,unknown / problem-specific state,problem-specific recurrence,depends on state DAG,varies,unknown from title alone,unknown from title alone,top-down for discovery; bottom-up if regular table,memoization; table compression if possible,non-representative / later refinement,heuristic-low,Classification inferred from title only; refine when expanding family.
3154,Find Number of Ways to Reach the K-th Stair,Hard,37.6%,Misc / Title-Inferred DP,Low-confidence title heuristic,unknown / problem-specific state,problem-specific recurrence,depends on state DAG,varies,unknown from title alone,unknown from title alone,top-down for discovery; bottom-up if regular table,memoization; table compression if possible,non-representative / later refinement,heuristic-low,Classification inferred from title only; refine when expanding family.
3165,Maximum Sum of Subsequence With Non-adjacent Elements,Hard,15.9%,Misc / Title-Inferred DP,Low-confidence title heuristic,unknown / problem-specific state,problem-specific recurrence,depends on state DAG,varies,unknown from title alone,unknown from title alone,top-down for discovery; bottom-up if regular table,memoization; table compression if possible,non-representative / later refinement,heuristic-low,Classification inferred from title only; refine when expanding family.
3176,Find the Maximum Length of a Good Subsequence I,Medium,32.7%,Misc / Title-Inferred DP,Low-confidence title heuristic,unknown / problem-specific state,problem-specific recurrence,depends on state DAG,varies,unknown from title alone,unknown from title alone,top-down for discovery; bottom-up if regular table,memoization; table compression if possible,non-representative / later refinement,heuristic-low,Classification inferred from title only; refine when expanding family.
3177,Find the Maximum Length of a Good Subsequence II,Hard,25.2%,Misc / Title-Inferred DP,Low-confidence title heuristic,unknown / problem-specific state,problem-specific recurrence,depends on state DAG,varies,unknown from title alone,unknown from title alone,top-down for discovery; bottom-up if regular table,memoization; table compression if possible,non-representative / later refinement,heuristic-low,Classification inferred from title only; refine when expanding family.
3180,Maximum Total Reward Using Operations I,Medium,30.9%,Misc / Title-Inferred DP,Low-confidence title heuristic,unknown / problem-specific state,problem-specific recurrence,depends on state DAG,varies,unknown from title alone,unknown from title alone,top-down for discovery; bottom-up if regular table,memoization; table compression if possible,non-representative / later refinement,heuristic-low,Classification inferred from title only; refine when expanding family.
3181,Maximum Total Reward Using Operations II,Hard,21.9%,Misc / Title-Inferred DP,Low-confidence title heuristic,unknown / problem-specific state,problem-specific recurrence,depends on state DAG,varies,unknown from title alone,unknown from title alone,top-down for discovery; bottom-up if regular table,memoization; table compression if possible,non-representative / later refinement,heuristic-low,Classification inferred from title only; refine when expanding family.
3183,The Number of Ways to Make the Sum,Medium,51.1%,Misc / Title-Inferred DP,Low-confidence title heuristic,unknown / problem-specific state,problem-specific recurrence,depends on state DAG,varies,unknown from title alone,unknown from title alone,top-down for discovery; bottom-up if regular table,memoization; table compression if possible,non-representative / later refinement,heuristic-low,Classification inferred from title only; refine when expanding family.
3186,Maximum Total Damage With Spell Casting,Medium,45.1%,Misc / Title-Inferred DP,Low-confidence title heuristic,unknown / problem-specific state,problem-specific recurrence,depends on state DAG,varies,unknown from title alone,unknown from title alone,top-down for discovery; bottom-up if regular table,memoization; table compression if possible,non-representative / later refinement,heuristic-low,Classification inferred from title only; refine when expanding family.
3192,Minimum Operations to Make Binary Array Elements Equal to One II,Medium,65.1%,Misc / Title-Inferred DP,Low-confidence title heuristic,unknown / problem-specific state,problem-specific recurrence,depends on state DAG,varies,unknown from title alone,unknown from title alone,top-down for discovery; bottom-up if regular table,memoization; table compression if possible,non-representative / later refinement,heuristic-low,Classification inferred from title only; refine when expanding family.
3193,Count the Number of Inversions,Hard,30.2%,Misc / Title-Inferred DP,Low-confidence title heuristic,unknown / problem-specific state,problem-specific recurrence,depends on state DAG,varies,unknown from title alone,unknown from title alone,top-down for discovery; bottom-up if regular table,memoization; table compression if possible,non-representative / later refinement,heuristic-low,Classification inferred from title only; refine when expanding family.
3196,Maximize Total Cost of Alternating Subarrays,Medium,29.7%,Kadane / Local-Global DP,Local/global subarray DP,local state ending at i + global answer,extend previous subarray or restart / update transformed state,left-to-right,O(1),O(n),O(1),bottom-up scan,track min/max product; prefix extrema,non-representative / later refinement,heuristic-high,Subarray means contiguous; usually local state ending here is the key.
3201,Find the Maximum Length of Valid Subsequence I,Medium,54.9%,Misc / Title-Inferred DP,Low-confidence title heuristic,unknown / problem-specific state,problem-specific recurrence,depends on state DAG,varies,unknown from title alone,unknown from title alone,top-down for discovery; bottom-up if regular table,memoization; table compression if possible,non-representative / later refinement,heuristic-low,Classification inferred from title only; refine when expanding family.
3202,Find the Maximum Length of Valid Subsequence II,Medium,57.1%,Misc / Title-Inferred DP,Low-confidence title heuristic,unknown / problem-specific state,problem-specific recurrence,depends on state DAG,varies,unknown from title alone,unknown from title alone,top-down for discovery; bottom-up if regular table,memoization; table compression if possible,non-representative / later refinement,heuristic-low,Classification inferred from title only; refine when expanding family.
3205,Maximum Array Hopping Score I,Medium,76.9%,Bitmask DP,Subset/mask DP,dp[mask][extra],add/remove one element or transition bitmask,increasing mask/popcount,O(n) choices,O(n*2^n) typical,O(2^n),top-down or bottom-up,bit operations; precomputed compatibility,non-representative / later refinement,heuristic-high,Mask is likely from subset constraints or bitwise states.
3213,Construct String with Minimum Cost,Hard,19.0%,Misc / Title-Inferred DP,Low-confidence title heuristic,unknown / problem-specific state,problem-specific recurrence,depends on state DAG,varies,unknown from title alone,unknown from title alone,top-down for discovery; bottom-up if regular table,memoization; table compression if possible,non-representative / later refinement,heuristic-low,Classification inferred from title only; refine when expanding family.
3218,Minimum Cost for Cutting Cake I,Medium,58.5%,Bitmask DP,Subset/mask DP,dp[mask][extra],add/remove one element or transition bitmask,increasing mask/popcount,O(n) choices,O(n*2^n) typical,O(2^n),top-down or bottom-up,bit operations; precomputed compatibility,non-representative / later refinement,heuristic-high,Mask is likely from subset constraints or bitwise states.
3225,Maximum Score From Grid Operations,Hard,64.7%,Grid DP,Row/column path or shape DP,dp[r][c] or dp[step][r][c],combine from neighboring cells / directions,"row-major, reverse, or BFS-like layers",O(neighbor count),O(mn*state),O(n*state) if rolling,bottom-up or memo DFS,rolling rows; prefix sums; direction arrays,non-representative / later refinement,heuristic-high,Grid topology gives natural DAG if moves are acyclic; cyclic movement may require graph shortest path/BFS.
3229,Minimum Operations to Make Array Equal to Target,Hard,41.5%,Misc / Title-Inferred DP,Low-confidence title heuristic,unknown / problem-specific state,problem-specific recurrence,depends on state DAG,varies,unknown from title alone,unknown from title alone,top-down for discovery; bottom-up if regular table,memoization; table compression if possible,non-representative / later refinement,heuristic-low,Classification inferred from title only; refine when expanding family.
3241,Time Taken to Mark All Nodes,Hard,28.0%,Misc / Title-Inferred DP,Low-confidence title heuristic,unknown / problem-specific state,problem-specific recurrence,depends on state DAG,varies,unknown from title alone,unknown from title alone,top-down for discovery; bottom-up if regular table,memoization; table compression if possible,non-representative / later refinement,heuristic-low,Classification inferred from title only; refine when expanding family.
3247,Number of Subsequences with Odd Sum,Medium,47.2%,Misc / Title-Inferred DP,Low-confidence title heuristic,unknown / problem-specific state,problem-specific recurrence,depends on state DAG,varies,unknown from title alone,unknown from title alone,top-down for discovery; bottom-up if regular table,memoization; table compression if possible,non-representative / later refinement,heuristic-low,Classification inferred from title only; refine when expanding family.
3250,Find the Count of Monotonic Pairs I,Hard,47.4%,Misc / Title-Inferred DP,Low-confidence title heuristic,unknown / problem-specific state,problem-specific recurrence,depends on state DAG,varies,unknown from title alone,unknown from title alone,top-down for discovery; bottom-up if regular table,memoization; table compression if possible,non-representative / later refinement,heuristic-low,Classification inferred from title only; refine when expanding family.
3251,Find the Count of Monotonic Pairs II,Hard,24.7%,Misc / Title-Inferred DP,Low-confidence title heuristic,unknown / problem-specific state,problem-specific recurrence,depends on state DAG,varies,unknown from title alone,unknown from title alone,top-down for discovery; bottom-up if regular table,memoization; table compression if possible,non-representative / later refinement,heuristic-low,Classification inferred from title only; refine when expanding family.
3256,Maximum Value Sum by Placing Three Rooks I,Hard,16.6%,Misc / Title-Inferred DP,Low-confidence title heuristic,unknown / problem-specific state,problem-specific recurrence,depends on state DAG,varies,unknown from title alone,unknown from title alone,top-down for discovery; bottom-up if regular table,memoization; table compression if possible,non-representative / later refinement,heuristic-low,Classification inferred from title only; refine when expanding family.
3257,Maximum Value Sum by Placing Three Rooks II,Hard,26.9%,Misc / Title-Inferred DP,Low-confidence title heuristic,unknown / problem-specific state,problem-specific recurrence,depends on state DAG,varies,unknown from title alone,unknown from title alone,top-down for discovery; bottom-up if regular table,memoization; table compression if possible,non-representative / later refinement,heuristic-low,Classification inferred from title only; refine when expanding family.
3259,Maximum Energy Boost From Two Drinks,Medium,50.1%,Misc / Title-Inferred DP,Low-confidence title heuristic,unknown / problem-specific state,problem-specific recurrence,depends on state DAG,varies,unknown from title alone,unknown from title alone,top-down for discovery; bottom-up if regular table,memoization; table compression if possible,non-representative / later refinement,heuristic-low,Classification inferred from title only; refine when expanding family.
3260,Find the Largest Palindrome Divisible by K,Hard,17.0%,Palindrome / Substring DP,Palindrome partition/check DP,dp[i] plus palindrome table or dp[l][r],cut at valid palindrome boundary,increasing end index / length,O(n),O(n^2),O(n^2),bottom-up,precompute palindrome table,representative,manual-high,Often composes palindrome table + partition DP.
3269,Constructing Two Increasing Arrays,Hard,62.0%,Misc / Title-Inferred DP,Low-confidence title heuristic,unknown / problem-specific state,problem-specific recurrence,depends on state DAG,varies,unknown from title alone,unknown from title alone,top-down for discovery; bottom-up if regular table,memoization; table compression if possible,non-representative / later refinement,heuristic-low,Classification inferred from title only; refine when expanding family.
3276,Select Cells in Grid With Maximum Score,Hard,15.8%,Grid DP,Row/column path or shape DP,dp[r][c] or dp[step][r][c],combine from neighboring cells / directions,"row-major, reverse, or BFS-like layers",O(neighbor count),O(mn*state),O(n*state) if rolling,bottom-up or memo DFS,rolling rows; prefix sums; direction arrays,non-representative / later refinement,heuristic-high,Grid topology gives natural DAG if moves are acyclic; cyclic movement may require graph shortest path/BFS.
3277,Maximum XOR Score Subarray Queries,Hard,43.9%,Bitmask DP,Subset/mask DP,dp[mask][extra],add/remove one element or transition bitmask,increasing mask/popcount,O(n) choices,O(n*2^n) typical,O(2^n),top-down or bottom-up,bit operations; precomputed compatibility,non-representative / later refinement,heuristic-high,Mask is likely from subset constraints or bitwise states.
3284,Sum of Consecutive Subarrays,Medium,42.7%,Misc / Title-Inferred DP,Low-confidence title heuristic,unknown / problem-specific state,problem-specific recurrence,depends on state DAG,varies,unknown from title alone,unknown from title alone,top-down for discovery; bottom-up if regular table,memoization; table compression if possible,non-representative / later refinement,heuristic-low,Classification inferred from title only; refine when expanding family.
3287,Find the Maximum Sequence Value of Array,Hard,21.5%,Misc / Title-Inferred DP,Low-confidence title heuristic,unknown / problem-specific state,problem-specific recurrence,depends on state DAG,varies,unknown from title alone,unknown from title alone,top-down for discovery; bottom-up if regular table,memoization; table compression if possible,non-representative / later refinement,heuristic-low,Classification inferred from title only; refine when expanding family.
3290,Maximum Multiplication Score,Medium,41.3%,Bitmask DP,Subset/mask DP,dp[mask][extra],add/remove one element or transition bitmask,increasing mask/popcount,O(n) choices,O(n*2^n) typical,O(2^n),top-down or bottom-up,bit operations; precomputed compatibility,non-representative / later refinement,heuristic-high,Mask is likely from subset constraints or bitwise states.
3291,Minimum Number of Valid Strings to Form Target I,Medium,21.9%,Bitmask DP,Subset/mask DP,dp[mask][extra],add/remove one element or transition bitmask,increasing mask/popcount,O(n) choices,O(n*2^n) typical,O(2^n),top-down or bottom-up,bit operations; precomputed compatibility,non-representative / later refinement,heuristic-high,Mask is likely from subset constraints or bitwise states.
3292,Minimum Number of Valid Strings to Form Target II,Hard,20.6%,Bitmask DP,Subset/mask DP,dp[mask][extra],add/remove one element or transition bitmask,increasing mask/popcount,O(n) choices,O(n*2^n) typical,O(2^n),top-down or bottom-up,bit operations; precomputed compatibility,non-representative / later refinement,heuristic-high,Mask is likely from subset constraints or bitwise states.
3299,Sum of Consecutive Subsequences,Hard,43.7%,Misc / Title-Inferred DP,Low-confidence title heuristic,unknown / problem-specific state,problem-specific recurrence,depends on state DAG,varies,unknown from title alone,unknown from title alone,top-down for discovery; bottom-up if regular table,memoization; table compression if possible,non-representative / later refinement,heuristic-low,Classification inferred from title only; refine when expanding family.
3302,Find the Lexicographically Smallest Valid Sequence,Medium,21.9%,Misc / Title-Inferred DP,Low-confidence title heuristic,unknown / problem-specific state,problem-specific recurrence,depends on state DAG,varies,unknown from title alone,unknown from title alone,top-down for discovery; bottom-up if regular table,memoization; table compression if possible,non-representative / later refinement,heuristic-low,Classification inferred from title only; refine when expanding family.
3316,Find Maximum Removals From Source String,Medium,39.3%,Misc / Title-Inferred DP,Low-confidence title heuristic,unknown / problem-specific state,problem-specific recurrence,depends on state DAG,varies,unknown from title alone,unknown from title alone,top-down for discovery; bottom-up if regular table,memoization; table compression if possible,non-representative / later refinement,heuristic-low,Classification inferred from title only; refine when expanding family.
3317,Find the Number of Possible Ways for an Event,Hard,35.0%,Bitmask DP,Subset/mask DP,dp[mask][extra],add/remove one element or transition bitmask,increasing mask/popcount,O(n) choices,O(n*2^n) typical,O(2^n),top-down or bottom-up,bit operations; precomputed compatibility,non-representative / later refinement,heuristic-high,Mask is likely from subset constraints or bitwise states.
3320,Count The Number of Winning Sequences,Hard,32.2%,Misc / Title-Inferred DP,Low-confidence title heuristic,unknown / problem-specific state,problem-specific recurrence,depends on state DAG,varies,unknown from title alone,unknown from title alone,top-down for discovery; bottom-up if regular table,memoization; table compression if possible,non-representative / later refinement,heuristic-low,Classification inferred from title only; refine when expanding family.
3332,Maximum Points Tourist Can Earn,Medium,47.6%,Misc / Title-Inferred DP,Low-confidence title heuristic,unknown / problem-specific state,problem-specific recurrence,depends on state DAG,varies,unknown from title alone,unknown from title alone,top-down for discovery; bottom-up if regular table,memoization; table compression if possible,non-representative / later refinement,heuristic-low,Classification inferred from title only; refine when expanding family.
3333,Find the Original Typed String II,Hard,45.5%,Bitmask DP,Subset/mask DP,dp[mask][extra],add/remove one element or transition bitmask,increasing mask/popcount,O(n) choices,O(n*2^n) typical,O(2^n),top-down or bottom-up,bit operations; precomputed compatibility,non-representative / later refinement,heuristic-high,Mask is likely from subset constraints or bitwise states.
3335,Total Characters in String After Transformations I,Medium,45.6%,Bitmask DP,Subset/mask DP,dp[mask][extra],add/remove one element or transition bitmask,increasing mask/popcount,O(n) choices,O(n*2^n) typical,O(2^n),top-down or bottom-up,bit operations; precomputed compatibility,non-representative / later refinement,heuristic-high,Mask is likely from subset constraints or bitwise states.
3336,Find the Number of Subsequences With Equal GCD,Hard,31.6%,Misc / Title-Inferred DP,Low-confidence title heuristic,unknown / problem-specific state,problem-specific recurrence,depends on state DAG,varies,unknown from title alone,unknown from title alone,top-down for discovery; bottom-up if regular table,memoization; table compression if possible,non-representative / later refinement,heuristic-low,Classification inferred from title only; refine when expanding family.
3337,Total Characters in String After Transformations II,Hard,57.9%,Bitmask DP,Subset/mask DP,dp[mask][extra],add/remove one element or transition bitmask,increasing mask/popcount,O(n) choices,O(n*2^n) typical,O(2^n),top-down or bottom-up,bit operations; precomputed compatibility,non-representative / later refinement,heuristic-high,Mask is likely from subset constraints or bitwise states.
3339,Find the Number of K-Even Arrays,Medium,61.4%,Misc / Title-Inferred DP,Low-confidence title heuristic,unknown / problem-specific state,problem-specific recurrence,depends on state DAG,varies,unknown from title alone,unknown from title alone,top-down for discovery; bottom-up if regular table,memoization; table compression if possible,non-representative / later refinement,heuristic-low,Classification inferred from title only; refine when expanding family.
3343,Count Number of Balanced Permutations,Hard,49.0%,Misc / Title-Inferred DP,Low-confidence title heuristic,unknown / problem-specific state,problem-specific recurrence,depends on state DAG,varies,unknown from title alone,unknown from title alone,top-down for discovery; bottom-up if regular table,memoization; table compression if possible,non-representative / later refinement,heuristic-low,Classification inferred from title only; refine when expanding family.
3351,Sum of Good Subsequences,Hard,31.0%,Misc / Title-Inferred DP,Low-confidence title heuristic,unknown / problem-specific state,problem-specific recurrence,depends on state DAG,varies,unknown from title alone,unknown from title alone,top-down for discovery; bottom-up if regular table,memoization; table compression if possible,non-representative / later refinement,heuristic-low,Classification inferred from title only; refine when expanding family.
3352,Count K-Reducible Numbers Less Than N,Hard,28.1%,Misc / Title-Inferred DP,Low-confidence title heuristic,unknown / problem-specific state,problem-specific recurrence,depends on state DAG,varies,unknown from title alone,unknown from title alone,top-down for discovery; bottom-up if regular table,memoization; table compression if possible,non-representative / later refinement,heuristic-low,Classification inferred from title only; refine when expanding family.
3363,Find the Maximum Number of Fruits Collected,Hard,65.0%,Misc / Title-Inferred DP,Low-confidence title heuristic,unknown / problem-specific state,problem-specific recurrence,depends on state DAG,varies,unknown from title alone,unknown from title alone,top-down for discovery; bottom-up if regular table,memoization; table compression if possible,non-representative / later refinement,heuristic-low,Classification inferred from title only; refine when expanding family.
3366,Minimum Array Sum,Medium,31.4%,Misc / Title-Inferred DP,Low-confidence title heuristic,unknown / problem-specific state,problem-specific recurrence,depends on state DAG,varies,unknown from title alone,unknown from title alone,top-down for discovery; bottom-up if regular table,memoization; table compression if possible,non-representative / later refinement,heuristic-low,Classification inferred from title only; refine when expanding family.
3367,Maximize Sum of Weights after Edge Removals,Hard,30.9%,Misc / Title-Inferred DP,Low-confidence title heuristic,unknown / problem-specific state,problem-specific recurrence,depends on state DAG,varies,unknown from title alone,unknown from title alone,top-down for discovery; bottom-up if regular table,memoization; table compression if possible,non-representative / later refinement,heuristic-low,Classification inferred from title only; refine when expanding family.
3376,Minimum Time to Break Locks I,Medium,32.5%,Misc / Title-Inferred DP,Low-confidence title heuristic,unknown / problem-specific state,problem-specific recurrence,depends on state DAG,varies,unknown from title alone,unknown from title alone,top-down for discovery; bottom-up if regular table,memoization; table compression if possible,non-representative / later refinement,heuristic-low,Classification inferred from title only; refine when expanding family.
3388,Count Beautiful Splits in an Array,Medium,18.9%,Misc / Title-Inferred DP,Low-confidence title heuristic,unknown / problem-specific state,problem-specific recurrence,depends on state DAG,varies,unknown from title alone,unknown from title alone,top-down for discovery; bottom-up if regular table,memoization; table compression if possible,non-representative / later refinement,heuristic-low,Classification inferred from title only; refine when expanding family.
3389,Minimum Operations to Make Character Frequencies Equal,Hard,26.4%,Misc / Title-Inferred DP,Low-confidence title heuristic,unknown / problem-specific state,problem-specific recurrence,depends on state DAG,varies,unknown from title alone,unknown from title alone,top-down for discovery; bottom-up if regular table,memoization; table compression if possible,non-representative / later refinement,heuristic-low,Classification inferred from title only; refine when expanding family.
3393,Count Paths With the Given XOR Value,Medium,40.6%,Bitmask DP,Subset/mask DP,dp[mask][extra],add/remove one element or transition bitmask,increasing mask/popcount,O(n) choices,O(n*2^n) typical,O(2^n),top-down or bottom-up,bit operations; precomputed compatibility,non-representative / later refinement,heuristic-high,Mask is likely from subset constraints or bitwise states.
3409,Longest Subsequence With Decreasing Adjacent Difference,Medium,16.8%,Misc / Title-Inferred DP,Low-confidence title heuristic,unknown / problem-specific state,problem-specific recurrence,depends on state DAG,varies,unknown from title alone,unknown from title alone,top-down for discovery; bottom-up if regular table,memoization; table compression if possible,non-representative / later refinement,heuristic-low,Classification inferred from title only; refine when expanding family.
3410,Maximize Subarray Sum After Removing All Occurrences of One Element,Hard,23.1%,Misc / Title-Inferred DP,Low-confidence title heuristic,unknown / problem-specific state,problem-specific recurrence,depends on state DAG,varies,unknown from title alone,unknown from title alone,top-down for discovery; bottom-up if regular table,memoization; table compression if possible,non-representative / later refinement,heuristic-low,Classification inferred from title only; refine when expanding family.
3414,Maximum Score of Non-overlapping Intervals,Hard,31.5%,Bitmask DP,Subset/mask DP,dp[mask][extra],add/remove one element or transition bitmask,increasing mask/popcount,O(n) choices,O(n*2^n) typical,O(2^n),top-down or bottom-up,bit operations; precomputed compatibility,non-representative / later refinement,heuristic-high,Mask is likely from subset constraints or bitwise states.
3418,Maximum Amount of Money Robot Can Earn,Medium,47.8%,Misc / Title-Inferred DP,Low-confidence title heuristic,unknown / problem-specific state,problem-specific recurrence,depends on state DAG,varies,unknown from title alone,unknown from title alone,top-down for discovery; bottom-up if regular table,memoization; table compression if possible,non-representative / later refinement,heuristic-low,Classification inferred from title only; refine when expanding family.
3428,Maximum and Minimum Sums of at Most Size K Subsequences,Medium,21.8%,Bitmask DP,Subset/mask DP,dp[mask][extra],add/remove one element or transition bitmask,increasing mask/popcount,O(n) choices,O(n*2^n) typical,O(2^n),top-down or bottom-up,bit operations; precomputed compatibility,non-representative / later refinement,heuristic-high,Mask is likely from subset constraints or bitwise states.
3429,Paint House IV,Medium,45.2%,1D Prefix/Suffix DP,Color-state rolling DP,dp[i][color],choose color different from previous; min cost,increasing house index,O(colors^2) or optimized O(colors),O(n*colors),O(colors),bottom-up,track min/second-min for Paint House II,representative,manual-high,State axis is previous/current color.
3434,Maximum Frequency After Subarray Operation,Medium,31.2%,Misc / Title-Inferred DP,Low-confidence title heuristic,unknown / problem-specific state,problem-specific recurrence,depends on state DAG,varies,unknown from title alone,unknown from title alone,top-down for discovery; bottom-up if regular table,memoization; table compression if possible,non-representative / later refinement,heuristic-low,Classification inferred from title only; refine when expanding family.
3441,Minimum Cost Good Caption,Hard,20.9%,Misc / Title-Inferred DP,Low-confidence title heuristic,unknown / problem-specific state,problem-specific recurrence,depends on state DAG,varies,unknown from title alone,unknown from title alone,top-down for discovery; bottom-up if regular table,memoization; table compression if possible,non-representative / later refinement,heuristic-low,Classification inferred from title only; refine when expanding family.
3444,Minimum Increments for Target Multiples in an Array,Hard,27.7%,Bitmask DP,Subset/mask DP,dp[mask][extra],add/remove one element or transition bitmask,increasing mask/popcount,O(n) choices,O(n*2^n) typical,O(2^n),top-down or bottom-up,bit operations; precomputed compatibility,non-representative / later refinement,heuristic-high,Mask is likely from subset constraints or bitwise states.
3448,Count Substrings Divisible By Last Digit,Hard,23.3%,Digit DP,Digit tight-state DP,dp[pos][tight][started][extra_state],choose next digit respecting tight bound,left-to-right over digits,O(10 * extra_state),O(num_digits * states * 10),O(states),top-down memo usually,tight flag; leading-zero handling,representative,manual-high,Carefully separate started/leading zeros and tight/non-tight states.
3458,Select K Disjoint Special Substrings,Medium,19.3%,Tree DP,Postorder tree DP,dfs(node) returns one or more states,combine child states at parent,postorder DFS,O(children states),O(n * state_count^2 typical),O(h) recursion plus state storage,recursive postorder,tuple states; rerooting if all-nodes answers,non-representative / later refinement,heuristic-high,Tree edges define dependency DAG from children to parent or reroot passes.
3459,Length of Longest V-Shaped Diagonal Segment,Hard,56.2%,Misc / Title-Inferred DP,Low-confidence title heuristic,unknown / problem-specific state,problem-specific recurrence,depends on state DAG,varies,unknown from title alone,unknown from title alone,top-down for discovery; bottom-up if regular table,memoization; table compression if possible,non-representative / later refinement,heuristic-low,Classification inferred from title only; refine when expanding family.
3466,Maximum Coin Collection,Medium,53.0%,Misc / Title-Inferred DP,Low-confidence title heuristic,unknown / problem-specific state,problem-specific recurrence,depends on state DAG,varies,unknown from title alone,unknown from title alone,top-down for discovery; bottom-up if regular table,memoization; table compression if possible,non-representative / later refinement,heuristic-low,Classification inferred from title only; refine when expanding family.
3469,Find Minimum Cost to Remove Array Elements,Medium,21.6%,Misc / Title-Inferred DP,Low-confidence title heuristic,unknown / problem-specific state,problem-specific recurrence,depends on state DAG,varies,unknown from title alone,unknown from title alone,top-down for discovery; bottom-up if regular table,memoization; table compression if possible,non-representative / later refinement,heuristic-low,Classification inferred from title only; refine when expanding family.
3472,Longest Palindromic Subsequence After at Most K Operations,Medium,37.7%,Palindrome / Subsequence DP,Palindrome subsequence interval DP,dp[l][r],if ends match use inner; else drop one end,increasing interval length,O(1),O(n^2),O(n^2),bottom-up by length,rolling diagonals sometimes,representative,manual-high,Subsequence interval DP; not center expansion.
3473,Sum of K Subarrays With Length at Least M,Medium,26.2%,Misc / Title-Inferred DP,Low-confidence title heuristic,unknown / problem-specific state,problem-specific recurrence,depends on state DAG,varies,unknown from title alone,unknown from title alone,top-down for discovery; bottom-up if regular table,memoization; table compression if possible,non-representative / later refinement,heuristic-low,Classification inferred from title only; refine when expanding family.
3489,Zero Array Transformation IV,Medium,31.2%,Bitmask DP,Subset/mask DP,dp[mask][extra],add/remove one element or transition bitmask,increasing mask/popcount,O(n) choices,O(n*2^n) typical,O(2^n),top-down or bottom-up,bit operations; precomputed compatibility,non-representative / later refinement,heuristic-high,Mask is likely from subset constraints or bitwise states.
3490,Count Beautiful Numbers,Hard,23.8%,Misc / Title-Inferred DP,Low-confidence title heuristic,unknown / problem-specific state,problem-specific recurrence,depends on state DAG,varies,unknown from title alone,unknown from title alone,top-down for discovery; bottom-up if regular table,memoization; table compression if possible,non-representative / later refinement,heuristic-low,Classification inferred from title only; refine when expanding family.
3500,Minimum Cost to Divide Array Into Subarrays,Hard,28.0%,Misc / Title-Inferred DP,Low-confidence title heuristic,unknown / problem-specific state,problem-specific recurrence,depends on state DAG,varies,unknown from title alone,unknown from title alone,top-down for discovery; bottom-up if regular table,memoization; table compression if possible,non-representative / later refinement,heuristic-low,Classification inferred from title only; refine when expanding family.
3503,Longest Palindrome After Substring Concatenation I,Medium,43.9%,Palindrome / Substring DP,Palindrome substring center/table DP,dp[l][r] boolean or radius around center,chars match and inner substring valid,increasing length or center expansion,O(1),O(n^2),O(n^2)/O(1),bottom-up or center expansion,center expansion; boolean table,representative,manual-high,Substring means contiguous; do not confuse with subsequence.
3504,Longest Palindrome After Substring Concatenation II,Hard,18.0%,Palindrome / Substring DP,Palindrome substring center/table DP,dp[l][r] boolean or radius around center,chars match and inner substring valid,increasing length or center expansion,O(1),O(n^2),O(n^2)/O(1),bottom-up or center expansion,center expansion; boolean table,representative,manual-high,Substring means contiguous; do not confuse with subsequence.
3505,Minimum Operations to Make Elements Within K Subarrays Equal,Hard,28.2%,Misc / Title-Inferred DP,Low-confidence title heuristic,unknown / problem-specific state,problem-specific recurrence,depends on state DAG,varies,unknown from title alone,unknown from title alone,top-down for discovery; bottom-up if regular table,memoization; table compression if possible,non-representative / later refinement,heuristic-low,Classification inferred from title only; refine when expanding family.
3509,Maximum Product of Subsequences With an Alternating Sum Equal to K,Hard,13.2%,Counting Combinatorics DP,Sequence/counting with category state,dp[i][state],append element satisfying category rules,increasing i,varies,varies,varies,bottom-up,compressed automaton states,non-representative / later refinement,heuristic-medium,Need statement to refine.
3519,Count Numbers with Non-Decreasing Digits,Hard,38.8%,Digit DP,Digit tight-state DP,dp[pos][tight][started][extra_state],choose next digit respecting tight bound,left-to-right over digits,O(10 * extra_state),O(num_digits * states * 10),O(states),top-down memo usually,tight flag; leading-zero handling,representative,manual-high,Carefully separate started/leading zeros and tight/non-tight states.
3524,Find X Value of Array I,Medium,37.5%,Misc / Title-Inferred DP,Low-confidence title heuristic,unknown / problem-specific state,problem-specific recurrence,depends on state DAG,varies,unknown from title alone,unknown from title alone,top-down for discovery; bottom-up if regular table,memoization; table compression if possible,non-representative / later refinement,heuristic-low,Classification inferred from title only; refine when expanding family.
3530,Maximum Profit from Valid Topological Order in DAG,Hard,30.2%,Bitmask DP,Subset/mask DP,dp[mask][extra],add/remove one element or transition bitmask,increasing mask/popcount,O(n) choices,O(n*2^n) typical,O(2^n),top-down or bottom-up,bit operations; precomputed compatibility,non-representative / later refinement,heuristic-high,Mask is likely from subset constraints or bitwise states.
3533,Concatenated Divisibility,Hard,30.9%,Misc / Title-Inferred DP,Low-confidence title heuristic,unknown / problem-specific state,problem-specific recurrence,depends on state DAG,varies,unknown from title alone,unknown from title alone,top-down for discovery; bottom-up if regular table,memoization; table compression if possible,non-representative / later refinement,heuristic-low,Classification inferred from title only; refine when expanding family.
3534,Path Existence Queries in a Graph II,Hard,26.7%,Misc / Title-Inferred DP,Low-confidence title heuristic,unknown / problem-specific state,problem-specific recurrence,depends on state DAG,varies,unknown from title alone,unknown from title alone,top-down for discovery; bottom-up if regular table,memoization; table compression if possible,non-representative / later refinement,heuristic-low,Classification inferred from title only; refine when expanding family.
3538,Merge Operations for Minimum Travel Time,Hard,31.0%,Bitmask DP,Subset/mask DP,dp[mask][extra],add/remove one element or transition bitmask,increasing mask/popcount,O(n) choices,O(n*2^n) typical,O(2^n),top-down or bottom-up,bit operations; precomputed compatibility,non-representative / later refinement,heuristic-high,Mask is likely from subset constraints or bitwise states.
3539,Find Sum of Array Product of Magical Sequences,Hard,61.8%,Counting Combinatorics DP,Sequence/counting with category state,dp[i][state],append element satisfying category rules,increasing i,varies,varies,varies,bottom-up,compressed automaton states,non-representative / later refinement,heuristic-medium,Need statement to refine.
3543,Maximum Weighted K-Edge Path,Medium,20.0%,Misc / Title-Inferred DP,Low-confidence title heuristic,unknown / problem-specific state,problem-specific recurrence,depends on state DAG,varies,unknown from title alone,unknown from title alone,top-down for discovery; bottom-up if regular table,memoization; table compression if possible,non-representative / later refinement,heuristic-low,Classification inferred from title only; refine when expanding family.
3544,Subtree Inversion Sum,Hard,44.1%,Tree DP,Postorder tree DP,dfs(node) returns one or more states,combine child states at parent,postorder DFS,O(children states),O(n * state_count^2 typical),O(h) recursion plus state storage,recursive postorder,tuple states; rerooting if all-nodes answers,non-representative / later refinement,heuristic-high,Tree edges define dependency DAG from children to parent or reroot passes.
3553,Minimum Weighted Subgraph With the Required Paths II,Hard,50.0%,Misc / Title-Inferred DP,Low-confidence title heuristic,unknown / problem-specific state,problem-specific recurrence,depends on state DAG,varies,unknown from title alone,unknown from title alone,top-down for discovery; bottom-up if regular table,memoization; table compression if possible,non-representative / later refinement,heuristic-low,Classification inferred from title only; refine when expanding family.
3557,Find Maximum Number of Non Intersecting Substrings,Medium,30.7%,Tree DP,Postorder tree DP,dfs(node) returns one or more states,combine child states at parent,postorder DFS,O(children states),O(n * state_count^2 typical),O(h) recursion plus state storage,recursive postorder,tuple states; rerooting if all-nodes answers,non-representative / later refinement,heuristic-high,Tree edges define dependency DAG from children to parent or reroot passes.
3559,Number of Ways to Assign Edge Weights II,Hard,59.5%,Misc / Title-Inferred DP,Low-confidence title heuristic,unknown / problem-specific state,problem-specific recurrence,depends on state DAG,varies,unknown from title alone,unknown from title alone,top-down for discovery; bottom-up if regular table,memoization; table compression if possible,non-representative / later refinement,heuristic-low,Classification inferred from title only; refine when expanding family.
3562,Maximum Profit from Trading Stocks with Discounts,Hard,56.6%,Stock State-Machine DP,Stock state-machine DP,dp[day][holding][transaction/cooldown/fee state],buy / sell / hold / rest transitions,increasing day,O(number of legal actions per state),O(n * state_count),O(state_count),bottom-up state machine,state compression; greedy if unconstrained,representative,manual-high,Use holding/not-holding as the irreducible state axis; constraints add dimensions or shifted transitions.
3563,Lexicographically Smallest String After Adjacent Removals,Hard,17.5%,Misc / Title-Inferred DP,Low-confidence title heuristic,unknown / problem-specific state,problem-specific recurrence,depends on state DAG,varies,unknown from title alone,unknown from title alone,top-down for discovery; bottom-up if regular table,memoization; table compression if possible,non-representative / later refinement,heuristic-low,Classification inferred from title only; refine when expanding family.
3573,Best Time to Buy and Sell Stock V,Medium,60.7%,Stock State-Machine DP,Stock state-machine DP,dp[day][holding][transaction/cooldown/fee state],buy / sell / hold / rest transitions,increasing day,O(number of legal actions per state),O(n * state_count),O(state_count),bottom-up state machine,state compression; greedy if unconstrained,representative,manual-high,Use holding/not-holding as the irreducible state axis; constraints add dimensions or shifted transitions.
3575,Maximum Good Subtree Score,Hard,45.4%,Tree DP,Postorder tree DP,dfs(node) returns one or more states,combine child states at parent,postorder DFS,O(children states),O(n * state_count^2 typical),O(h) recursion plus state storage,recursive postorder,tuple states; rerooting if all-nodes answers,non-representative / later refinement,heuristic-high,Tree edges define dependency DAG from children to parent or reroot passes.
3578,Count Partitions With Max-Min Difference at Most K,Medium,58.7%,Misc / Title-Inferred DP,Low-confidence title heuristic,unknown / problem-specific state,problem-specific recurrence,depends on state DAG,varies,unknown from title alone,unknown from title alone,top-down for discovery; bottom-up if regular table,memoization; table compression if possible,non-representative / later refinement,heuristic-low,Classification inferred from title only; refine when expanding family.
3579,Minimum Steps to Convert String with Operations,Hard,43.6%,Misc / Title-Inferred DP,Low-confidence title heuristic,unknown / problem-specific state,problem-specific recurrence,depends on state DAG,varies,unknown from title alone,unknown from title alone,top-down for discovery; bottom-up if regular table,memoization; table compression if possible,non-representative / later refinement,heuristic-low,Classification inferred from title only; refine when expanding family.
3585,Find Weighted Median Node in Tree,Hard,26.6%,Tree DP,Postorder tree DP,dfs(node) returns one or more states,combine child states at parent,postorder DFS,O(children states),O(n * state_count^2 typical),O(h) recursion plus state storage,recursive postorder,tuple states; rerooting if all-nodes answers,non-representative / later refinement,heuristic-high,Tree edges define dependency DAG from children to parent or reroot passes.
3592,Inverse Coin Change,Medium,52.0%,Misc / Title-Inferred DP,Coin Change minimum coins,unknown / problem-specific state,problem-specific recurrence,depends on state DAG,varies,unknown from title alone,unknown from title alone,top-down for discovery; bottom-up if regular table,memoization; table compression if possible,non-representative / later refinement,heuristic-low,Classification inferred from title only; refine when expanding family.
3593,Minimum Increments to Equalize Leaf Paths,Medium,41.3%,Misc / Title-Inferred DP,Low-confidence title heuristic,unknown / problem-specific state,problem-specific recurrence,depends on state DAG,varies,unknown from title alone,unknown from title alone,top-down for discovery; bottom-up if regular table,memoization; table compression if possible,non-representative / later refinement,heuristic-low,Classification inferred from title only; refine when expanding family.
3599,Partition Array to Minimize XOR,Medium,41.4%,Partition DP,Prefix partition / cut DP,dp[i] or dp[i][k] over first i items/characters,choose previous cut j and combine segment cost,"increasing i, sometimes increasing k",O(n) cut choices,O(n^2) or O(kn^2),O(nk),bottom-up or memo,prefix sums; precomputed segment costs; monotonic optimizations if valid,non-representative / later refinement,heuristic-high,The recurrence is usually min/max over previous cut position.
3603,Minimum Cost Path with Alternating Directions II,Medium,44.8%,Misc / Title-Inferred DP,Low-confidence title heuristic,unknown / problem-specific state,problem-specific recurrence,depends on state DAG,varies,unknown from title alone,unknown from title alone,top-down for discovery; bottom-up if regular table,memoization; table compression if possible,non-representative / later refinement,heuristic-low,Classification inferred from title only; refine when expanding family.
3610,Minimum Number of Primes to Sum to Target,Medium,59.9%,Misc / Title-Inferred DP,Low-confidence title heuristic,unknown / problem-specific state,problem-specific recurrence,depends on state DAG,varies,unknown from title alone,unknown from title alone,top-down for discovery; bottom-up if regular table,memoization; table compression if possible,non-representative / later refinement,heuristic-low,Classification inferred from title only; refine when expanding family.
3615,Longest Palindromic Path in Graph,Hard,22.2%,Palindrome / Substring DP,Palindrome partition/check DP,dp[i] plus palindrome table or dp[l][r],cut at valid palindrome boundary,increasing end index / length,O(n),O(n^2),O(n^2),bottom-up,precompute palindrome table,representative,manual-high,Often composes palindrome table + partition DP.
3620,Network Recovery Pathways,Hard,30.0%,Bitmask DP,Subset/mask DP,dp[mask][extra],add/remove one element or transition bitmask,increasing mask/popcount,O(n) choices,O(n*2^n) typical,O(2^n),top-down or bottom-up,bit operations; precomputed compatibility,non-representative / later refinement,heuristic-high,Mask is likely from subset constraints or bitwise states.
3621,Number of Integers With Popcount-Depth Equal to K I,Hard,22.7%,Misc / Title-Inferred DP,Low-confidence title heuristic,unknown / problem-specific state,problem-specific recurrence,depends on state DAG,varies,unknown from title alone,unknown from title alone,top-down for discovery; bottom-up if regular table,memoization; table compression if possible,non-representative / later refinement,heuristic-low,Classification inferred from title only; refine when expanding family.
3628,Maximum Number of Subsequences After One Inserting,Medium,31.9%,Misc / Title-Inferred DP,Low-confidence title heuristic,unknown / problem-specific state,problem-specific recurrence,depends on state DAG,varies,unknown from title alone,unknown from title alone,top-down for discovery; bottom-up if regular table,memoization; table compression if possible,non-representative / later refinement,heuristic-low,Classification inferred from title only; refine when expanding family.
3638,Maximum Balanced Shipments,Medium,61.4%,Misc / Title-Inferred DP,Low-confidence title heuristic,unknown / problem-specific state,problem-specific recurrence,depends on state DAG,varies,unknown from title alone,unknown from title alone,top-down for discovery; bottom-up if regular table,memoization; table compression if possible,non-representative / later refinement,heuristic-low,Classification inferred from title only; refine when expanding family.
3640,Trionic Array II,Hard,47.3%,Misc / Title-Inferred DP,Low-confidence title heuristic,unknown / problem-specific state,problem-specific recurrence,depends on state DAG,varies,unknown from title alone,unknown from title alone,top-down for discovery; bottom-up if regular table,memoization; table compression if possible,non-representative / later refinement,heuristic-low,Classification inferred from title only; refine when expanding family.
3647,Maximum Weight in Two Bags,Medium,58.0%,Misc / Title-Inferred DP,Low-confidence title heuristic,unknown / problem-specific state,problem-specific recurrence,depends on state DAG,varies,unknown from title alone,unknown from title alone,top-down for discovery; bottom-up if regular table,memoization; table compression if possible,non-representative / later refinement,heuristic-low,Classification inferred from title only; refine when expanding family.
3651,Minimum Cost Path with Teleportations,Hard,45.6%,Grid DP,Row/column path or shape DP,dp[r][c] or dp[step][r][c],combine from neighboring cells / directions,"row-major, reverse, or BFS-like layers",O(neighbor count),O(mn*state),O(n*state) if rolling,bottom-up or memo DFS,rolling rows; prefix sums; direction arrays,non-representative / later refinement,heuristic-high,Grid topology gives natural DAG if moves are acyclic; cyclic movement may require graph shortest path/BFS.
3654,Minimum Sum After Divisible Sum Deletions,Medium,46.5%,Misc / Title-Inferred DP,Low-confidence title heuristic,unknown / problem-specific state,problem-specific recurrence,depends on state DAG,varies,unknown from title alone,unknown from title alone,top-down for discovery; bottom-up if regular table,memoization; table compression if possible,non-representative / later refinement,heuristic-low,Classification inferred from title only; refine when expanding family.
3660,Jump Game IX,Medium,46.1%,Greedy-DP Boundary,Jump frontier / reachability DP boundary,reachable index or dp[i] min jumps/score,extend reachable frontier or choose best previous jump,left-to-right or graph order,varies,O(n) greedy to O(n log n)/O(nk) DP,varies,greedy if frontier monotone; DP if scores/constraints,"frontier, BFS layers, deque",representative,manual-high,"Jump series crosses greedy, DP, deque DP, and graph interpretations."
3661,Maximum Walls Destroyed by Robots,Hard,48.0%,Grid DP,Row/column path or shape DP,dp[r][c] or dp[step][r][c],combine from neighboring cells / directions,"row-major, reverse, or BFS-like layers",O(neighbor count),O(mn*state),O(n*state) if rolling,bottom-up or memo DFS,rolling rows; prefix sums; direction arrays,non-representative / later refinement,heuristic-high,Grid topology gives natural DAG if moves are acyclic; cyclic movement may require graph shortest path/BFS.
3665,Twisted Mirror Path Count,Medium,48.3%,Grid DP,Row/column path or shape DP,dp[r][c] or dp[step][r][c],combine from neighboring cells / directions,"row-major, reverse, or BFS-like layers",O(neighbor count),O(mn*state),O(n*state) if rolling,bottom-up or memo DFS,rolling rows; prefix sums; direction arrays,non-representative / later refinement,heuristic-high,Grid topology gives natural DAG if moves are acyclic; cyclic movement may require graph shortest path/BFS.
3670,Maximum Product of Two Integers With No Common Bits,Medium,15.2%,Counting Combinatorics DP,Sequence/counting with category state,dp[i][state],append element satisfying category rules,increasing i,varies,varies,varies,bottom-up,compressed automaton states,non-representative / later refinement,heuristic-medium,Need statement to refine.
3685,Subsequence Sum After Capping Elements,Medium,25.4%,Misc / Title-Inferred DP,Low-confidence title heuristic,unknown / problem-specific state,problem-specific recurrence,depends on state DAG,varies,unknown from title alone,unknown from title alone,top-down for discovery; bottom-up if regular table,memoization; table compression if possible,non-representative / later refinement,heuristic-low,Classification inferred from title only; refine when expanding family.
3686,Number of Stable Subsequences,Hard,60.2%,Counting Combinatorics DP,Linear recurrence / finite-state counting,dp[i][state] or dp[i],append one unit/object and update state,increasing size/index,state-dependent,O(n * state_count * transitions),O(state_count),bottom-up,matrix exponentiation if needed; rolling states,non-representative / later refinement,heuristic-high,Counting DP often uses finite automaton states.
3693,Climbing Stairs II,Medium,64.1%,Counting Combinatorics DP,Linear recurrence / finite-state counting,dp[i][state] or dp[i],append one unit/object and update state,increasing size/index,state-dependent,O(n * state_count * transitions),O(state_count),bottom-up,matrix exponentiation if needed; rolling states,non-representative / later refinement,heuristic-high,Counting DP often uses finite automaton states.
3699,Number of ZigZag Arrays I,Hard,33.1%,Subsequence DP,Run/sequence local-global DP,dp[i] with last relation or previous choice,extend compatible previous state or restart,increasing i,O(1) to O(n),O(n) to O(n^2),O(1)/O(n),bottom-up,rolling local state; maps if relation-dependent,non-representative / later refinement,heuristic-medium,General sequence DP; refine per statement.
3700,Number of ZigZag Arrays II,Hard,57.5%,Subsequence DP,Run/sequence local-global DP,dp[i] with last relation or previous choice,extend compatible previous state or restart,increasing i,O(1) to O(n),O(n) to O(n^2),O(1)/O(n),bottom-up,rolling local state; maps if relation-dependent,non-representative / later refinement,heuristic-medium,General sequence DP; refine per statement.
3704,Count No-Zero Pairs That Sum to N,Hard,14.6%,Digit DP,Digit tight-state DP,dp[pos][tight][started][extra_state],choose next digit respecting tight bound,left-to-right over digits,O(10 * extra_state),O(num_digits * states * 10),O(states),top-down memo usually,tight flag; leading-zero handling,representative,manual-high,Carefully separate started/leading zeros and tight/non-tight states.
3717,Minimum Operations to Make the Array Beautiful,Medium,37.7%,Misc / Title-Inferred DP,Low-confidence title heuristic,unknown / problem-specific state,problem-specific recurrence,depends on state DAG,varies,unknown from title alone,unknown from title alone,top-down for discovery; bottom-up if regular table,memoization; table compression if possible,non-representative / later refinement,heuristic-low,Classification inferred from title only; refine when expanding family.
3725,Count Ways to Choose Coprime Integers from Rows,Hard,48.5%,Misc / Title-Inferred DP,Low-confidence title heuristic,unknown / problem-specific state,problem-specific recurrence,depends on state DAG,varies,unknown from title alone,unknown from title alone,top-down for discovery; bottom-up if regular table,memoization; table compression if possible,non-representative / later refinement,heuristic-low,Classification inferred from title only; refine when expanding family.
3738,Longest Non-Decreasing Subarray After Replacing at Most One Element,Medium,22.1%,Subsequence DP,Run/sequence local-global DP,dp[i] with last relation or previous choice,extend compatible previous state or restart,increasing i,O(1) to O(n),O(n) to O(n^2),O(1)/O(n),bottom-up,rolling local state; maps if relation-dependent,non-representative / later refinement,heuristic-medium,General sequence DP; refine per statement.
3742,Maximum Path Score in a Grid,Medium,54.0%,Grid DP,Row/column path or shape DP,dp[r][c] or dp[step][r][c],combine from neighboring cells / directions,"row-major, reverse, or BFS-like layers",O(neighbor count),O(mn*state),O(n*state) if rolling,bottom-up or memo DFS,rolling rows; prefix sums; direction arrays,non-representative / later refinement,heuristic-high,Grid topology gives natural DAG if moves are acyclic; cyclic movement may require graph shortest path/BFS.
3743,Maximize Cyclic Partition Score,Hard,13.6%,Partition DP,Prefix partition / cut DP,dp[i] or dp[i][k] over first i items/characters,choose previous cut j and combine segment cost,"increasing i, sometimes increasing k",O(n) cut choices,O(n^2) or O(kn^2),O(nk),bottom-up or memo,prefix sums; precomputed segment costs; monotonic optimizations if valid,non-representative / later refinement,heuristic-high,The recurrence is usually min/max over previous cut position.
3747,Count Distinct Integers After Removing Zeros,Medium,22.8%,Misc / Title-Inferred DP,Low-confidence title heuristic,unknown / problem-specific state,problem-specific recurrence,depends on state DAG,varies,unknown from title alone,unknown from title alone,top-down for discovery; bottom-up if regular table,memoization; table compression if possible,non-representative / later refinement,heuristic-low,Classification inferred from title only; refine when expanding family.
3751,Total Waviness of Numbers in Range I,Medium,80.8%,Digit DP,Digit tight-state DP,dp[pos][tight][started][extra_state],choose next digit respecting tight bound,left-to-right over digits,O(10 * extra_state),O(num_digits * states * 10),O(states),top-down memo usually,tight flag; leading-zero handling,representative,manual-high,Carefully separate started/leading zeros and tight/non-tight states.
3753,Total Waviness of Numbers in Range II,Hard,25.9%,Digit DP,Digit tight-state DP,dp[pos][tight][started][extra_state],choose next digit respecting tight bound,left-to-right over digits,O(10 * extra_state),O(num_digits * states * 10),O(states),top-down memo usually,tight flag; leading-zero handling,representative,manual-high,Carefully separate started/leading zeros and tight/non-tight states.
3757,Number of Effective Subsequences,Hard,31.3%,Counting Combinatorics DP,Sequence/counting with category state,dp[i][state],append element satisfying category rules,increasing i,varies,varies,varies,bottom-up,compressed automaton states,non-representative / later refinement,heuristic-medium,Need statement to refine.
3772,Maximum Subgraph Score in a Tree,Hard,70.6%,Tree DP,Postorder tree DP,dfs(node) returns one or more states,combine child states at parent,postorder DFS,O(children states),O(n * state_count^2 typical),O(h) recursion plus state storage,recursive postorder,tuple states; rerooting if all-nodes answers,non-representative / later refinement,heuristic-high,Tree edges define dependency DAG from children to parent or reroot passes.
3791,Number of Balanced Integers in a Range,Hard,35.6%,Digit DP,Digit tight-state DP,dp[pos][tight][started][extra_state],choose next digit respecting tight bound,left-to-right over digits,O(10 * extra_state),O(num_digits * states * 10),O(states),top-down memo usually,tight flag; leading-zero handling,representative,manual-high,Carefully separate started/leading zeros and tight/non-tight states.
3797,Count Routes to Climb a Rectangular Grid,Hard,24.7%,Grid DP,Row/column path or shape DP,dp[r][c] or dp[step][r][c],combine from neighboring cells / directions,"row-major, reverse, or BFS-like layers",O(neighbor count),O(mn*state),O(n*state) if rolling,bottom-up or memo DFS,rolling rows; prefix sums; direction arrays,non-representative / later refinement,heuristic-high,Grid topology gives natural DAG if moves are acyclic; cyclic movement may require graph shortest path/BFS.
3801,Minimum Cost to Merge Sorted Lists,Hard,34.5%,Bitmask DP,Subset/mask DP,dp[mask][extra],add/remove one element or transition bitmask,increasing mask/popcount,O(n) choices,O(n*2^n) typical,O(2^n),top-down or bottom-up,bit operations; precomputed compatibility,non-representative / later refinement,heuristic-high,Mask is likely from subset constraints or bitwise states.
3811,Number of Alternating XOR Partitions,Medium,27.1%,Bitmask DP,Subset/mask DP,dp[mask][extra],add/remove one element or transition bitmask,increasing mask/popcount,O(n) choices,O(n*2^n) typical,O(2^n),top-down or bottom-up,bit operations; precomputed compatibility,non-representative / later refinement,heuristic-high,Mask is likely from subset constraints or bitwise states.
3826,Minimum Partition Score,Hard,33.9%,Partition DP,Prefix partition / cut DP,dp[i] or dp[i][k] over first i items/characters,choose previous cut j and combine segment cost,"increasing i, sometimes increasing k",O(n) cut choices,O(n^2) or O(kn^2),O(nk),bottom-up or memo,prefix sums; precomputed segment costs; monotonic optimizations if valid,non-representative / later refinement,heuristic-high,The recurrence is usually min/max over previous cut position.
3830,Longest Alternating Subarray After Removing At Most One Element,Hard,31.0%,Kadane / Local-Global DP,Local/global subarray DP,local state ending at i + global answer,extend previous subarray or restart / update transformed state,left-to-right,O(1),O(n),O(1),bottom-up scan,track min/max product; prefix extrema,non-representative / later refinement,heuristic-high,Subarray means contiguous; usually local state ending here is the key.
3836,Maximum Score Using Exactly K Pairs,Hard,41.5%,Bitmask DP,Subset/mask DP,dp[mask][extra],add/remove one element or transition bitmask,increasing mask/popcount,O(n) choices,O(n*2^n) typical,O(2^n),top-down or bottom-up,bit operations; precomputed compatibility,non-representative / later refinement,heuristic-high,Mask is likely from subset constraints or bitwise states.
3840,House Robber V,Medium,53.9%,House Robber / Weighted Independent Set,Path MWIS / take-skip prefix,dp[i] = best answer on nums[:i],skip current vs take current + dp[i-2],increasing i,O(1),O(n),O(1),bottom-up,rolling two variables,representative,manual-high,Canonical take-or-skip DP on a path graph.
3844,Longest Almost-Palindromic Substring,Medium,22.5%,Palindrome / Substring DP,Palindrome substring center/table DP,dp[l][r] boolean or radius around center,chars match and inner substring valid,increasing length or center expansion,O(1),O(n^2),O(n^2)/O(1),bottom-up or center expansion,center expansion; boolean table,representative,manual-high,Substring means contiguous; do not confuse with subsequence.
3850,Count Sequences to K,Hard,36.0%,Misc / Title-Inferred DP,Low-confidence title heuristic,unknown / problem-specific state,problem-specific recurrence,depends on state DAG,varies,unknown from title alone,unknown from title alone,top-down for discovery; bottom-up if regular table,memoization; table compression if possible,non-representative / later refinement,heuristic-low,Classification inferred from title only; refine when expanding family.
3857,Minimum Cost to Split into Ones,Medium,83.2%,Partition DP,Prefix partition / cut DP,dp[i] or dp[i][k] over first i items/characters,choose previous cut j and combine segment cost,"increasing i, sometimes increasing k",O(n) cut choices,O(n^2) or O(kn^2),O(nk),bottom-up or memo,prefix sums; precomputed segment costs; monotonic optimizations if valid,non-representative / later refinement,heuristic-high,The recurrence is usually min/max over previous cut position.
3869,Count Fancy Numbers in a Range,Hard,26.3%,Digit DP,Digit tight-state DP,dp[pos][tight][started][extra_state],choose next digit respecting tight bound,left-to-right over digits,O(10 * extra_state),O(num_digits * states * 10),O(states),top-down memo usually,tight flag; leading-zero handling,representative,manual-high,Carefully separate started/leading zeros and tight/non-tight states.
3877,Minimum Removals to Achieve Target XOR,Medium,41.7%,Bitmask DP,Subset/mask DP,dp[mask][extra],add/remove one element or transition bitmask,increasing mask/popcount,O(n) choices,O(n*2^n) typical,O(2^n),top-down or bottom-up,bit operations; precomputed compatibility,non-representative / later refinement,heuristic-high,Mask is likely from subset constraints or bitwise states.
3882,Minimum XOR Path in a Grid,Medium,39.6%,Grid DP,Row/column path or shape DP,dp[r][c] or dp[step][r][c],combine from neighboring cells / directions,"row-major, reverse, or BFS-like layers",O(neighbor count),O(mn*state),O(n*state) if rolling,bottom-up or memo DFS,rolling rows; prefix sums; direction arrays,non-representative / later refinement,heuristic-high,Grid topology gives natural DAG if moves are acyclic; cyclic movement may require graph shortest path/BFS.
3883,Count Non Decreasing Arrays With Given Digit Sums,Hard,41.9%,Digit DP,Digit tight-state DP,dp[pos][tight][started][extra_state],choose next digit respecting tight bound,left-to-right over digits,O(10 * extra_state),O(num_digits * states * 10),O(states),top-down memo usually,tight flag; leading-zero handling,representative,manual-high,Carefully separate started/leading zeros and tight/non-tight states.
3891,Minimum Increase to Maximize Special Indices,Medium,19.5%,Misc / Title-Inferred DP,Low-confidence title heuristic,unknown / problem-specific state,problem-specific recurrence,depends on state DAG,varies,unknown from title alone,unknown from title alone,top-down for discovery; bottom-up if regular table,memoization; table compression if possible,non-representative / later refinement,heuristic-low,Classification inferred from title only; refine when expanding family.
3892,Minimum Operations to Achieve At Least K Peaks,Hard,30.3%,Misc / Title-Inferred DP,Low-confidence title heuristic,unknown / problem-specific state,problem-specific recurrence,depends on state DAG,varies,unknown from title alone,unknown from title alone,top-down for discovery; bottom-up if regular table,memoization; table compression if possible,non-representative / later refinement,heuristic-low,Classification inferred from title only; refine when expanding family.
3906,Count Good Integers on a Grid Path,Hard,48.7%,Grid DP,Row/column path or shape DP,dp[r][c] or dp[step][r][c],combine from neighboring cells / directions,"row-major, reverse, or BFS-like layers",O(neighbor count),O(mn*state),O(n*state) if rolling,bottom-up or memo DFS,rolling rows; prefix sums; direction arrays,non-representative / later refinement,heuristic-high,Grid topology gives natural DAG if moves are acyclic; cyclic movement may require graph shortest path/BFS.
